<All keys matched successfully>
[transformers] Detected the usage of `get_extended_attention_mask`: This function is deprecated and will be removed in v5.12.0. Please use the new API in `transformers.masking_utils`

────────────────────────────────────────────────────────────
Phase: System Analysis
────────────────────────────────────────────────────────────
[Component analysis] start
[Component analysis] at node: initial; tool calls: [memory]
[Component analysis] at node: tools
[Component analysis] at node: tool_result; tool calls: [list_files]
[Component analysis] at node: tools
[Component analysis] at node: tool_result; tool calls: [get_file, get_file, get_file]
[Component analysis] at node: tools
[Component analysis] at node: tool_result; tool calls: [get_file, get_file, get_file]
[Component analysis] at node: tools
[Component analysis] at node: tool_result; tool calls: [get_file, get_file, get_file]
[Component analysis] at node: tools
[Component analysis] at node: tool_result; tool calls: [get_file, get_file, get_file]
[Component analysis] at node: tools
[Component analysis] at node: tool_result; tool calls: [get_file, get_file, get_file]
[Component analysis] at node: tools
[Component analysis] at node: tool_result; tool calls: [get_file, get_file, get_file]
[Component analysis] at node: tools
[Component analysis] at node: tool_result; tool calls: [get_file, get_file, get_file]
[Component analysis] at node: tools
[Component analysis] at node: tool_result; tool calls: [get_file, get_file, get_file]
[Component analysis] at node: tools
[Component analysis] at node: tool_result; tool calls: [get_file, get_file, get_file]
[Component analysis] at node: tools
[Component analysis] at node: tool_result; tool calls: [get_file, get_file, get_file]
[Component analysis] at node: tools
[Component analysis] at node: tool_result; tool calls: [memory]
[Component analysis] at node: tools
[Component analysis] at node: tool_result; tool calls: [get_file, get_file]
[Component analysis] at node: tools
[Component analysis] at node: summarize
[Component analysis] at node: tool_result; tool calls: [memory]
[Component analysis] at node: tools
[Component analysis] at node: tool_result; tool calls: [write_rough_draft]
[Component analysis] at node: tools
[Component analysis] at node: tool_result; tool calls: [read_rough_draft]
[Component analysis] at node: tools
[Component analysis] at node: tool_result; tool calls: [result]
[Component analysis] at node: tools
[Component analysis] at node: tool_result; tool calls: [result]
[Component analysis] at node: tools
[Component analysis] end
[System Analysis] ✓ done

────────────────────────────────────────────────────────────
Phase: Auto Setup
────────────────────────────────────────────────────────────
[Harness Analysis] start
[Harness Analysis] at node: initial; tool calls: [memory]
[Harness Analysis] at node: tools
[Harness Analysis] at node: tool_result; tool calls: [memory]
[Harness Analysis] at node: tools
[Harness Analysis] at node: tool_result; tool calls: [list_files]
[Harness Analysis] at node: tools
[Harness Analysis] at node: tool_result; tool calls: [get_file, get_file]
[Harness Analysis] at node: tools
[Harness Analysis] at node: tool_result; tool calls: [get_file, get_file]
[Harness Analysis] at node: tools
[Harness Analysis] at node: tool_result; tool calls: [get_file, get_file]
[Harness Analysis] at node: tools
[Harness Analysis] at node: tool_result; tool calls: [get_file, get_file]
[Harness Analysis] at node: tools
[Harness Analysis] at node: tool_result; tool calls: [get_file, get_file]
[Harness Analysis] at node: tools
[Harness Analysis] at node: tool_result; tool calls: [get_file, get_file]
[Harness Analysis] at node: tools
[Harness Analysis] at node: tool_result; tool calls: [get_file]
[Harness Analysis] at node: tools
[Harness Analysis] at node: tool_result; tool calls: [memory]
[Harness Analysis] at node: tools
[Harness Analysis] at node: tool_result; tool calls: [memory]
[Harness Analysis] at node: tools
[Harness Analysis] at node: tool_result; tool calls: [memory]
[Harness Analysis] at node: tools
[Harness Analysis] at node: tool_result; tool calls: [get_file, get_file]
[Harness Analysis] at node: tools
[Harness Analysis] at node: tool_result; tool calls: [get_file]
[Harness Analysis] at node: tools
[Harness Analysis] at node: tool_result; tool calls: [memory]
[Harness Analysis] at node: tools
[Harness Analysis] at node: tool_result; tool calls: [memory]
[Harness Analysis] at node: tools
[Harness Analysis] at node: tool_result; tool calls: [result]
[Harness Analysis] at node: tools
[Harness Analysis] end
[Auto Setup] ✓ done

────────────────────────────────────────────────────────────
Phase: Custom Summaries
────────────────────────────────────────────────────────────
[Custom summaries] start
[Custom summaries] at node: initial; tool calls: [memory]
[Custom summaries] at node: tools
[Custom summaries] at node: tool_result; tool calls: [get_file, get_file]
[Custom summaries] at node: tools
[Custom summaries] at node: tool_result; tool calls: [get_file, get_file]
[Custom summaries] at node: tools
[Custom summaries] at node: tool_result; tool calls: [get_file]
[Custom summaries] at node: tools
[Custom summaries] at node: tool_result; tool calls: [get_file, list_files]
[Custom summaries] at node: tools
[Custom summaries] at node: tool_result; tool calls: [cvl_research, cvl_research]
[Custom summaries / CVL Researcher] start  (via tool: toolu_01KDTXV6MgSGHY1jtxGnjt8u)
[Custom summaries / CVL Researcher] start  (via tool: toolu_013fsB8FDfQaCjaWCgStdPYe)
[Custom summaries / CVL Researcher] at node: initial; tool calls: [write_rough_draft]
[Custom summaries / CVL Researcher] at node: tools
[Custom summaries / CVL Researcher] at node: tool_result; tool calls: [read_rough_draft]
[Custom summaries / CVL Researcher] at node: tools
[Custom summaries / CVL Researcher] at node: initial; tool calls: [write_rough_draft]
[Custom summaries / CVL Researcher] at node: tools
[Custom summaries / CVL Researcher] at node: tool_result; tool calls: [read_rough_draft]
[Custom summaries / CVL Researcher] at node: tools
[Custom summaries / CVL Researcher] at node: tool_result; tool calls: [result]
[Custom summaries / CVL Researcher] at node: tools
[Custom summaries / CVL Researcher] end
[Custom summaries / CVL Researcher] at node: tool_result; tool calls: [result]
[Custom summaries / CVL Researcher] at node: tools
[Custom summaries / CVL Researcher] end
[Custom summaries] at node: tools
[Custom summaries] at node: tool_result; tool calls: [memory]
[Custom summaries] at node: tools
[Custom summaries] at node: tool_result; tool calls: [memory]
[Custom summaries] at node: tools
[Custom summaries] at node: tool_result; tool calls: [plan_write]
[Custom summaries] at node: tools
[Custom summaries] at node: tool_result; tool calls: [read_plan]
[Custom summaries] at node: tools
[Custom summaries] at node: tool_result; tool calls: [memory]
[Custom summaries] at node: tools
[Custom summaries] at node: tool_result; tool calls: [put_cvl_raw]
[Custom summaries] at node: tools
[Custom summaries] at node: tool_result; tool calls: [typechecker]
[Custom summaries] at node: tools
[Custom summaries] at node: tool_result; tool calls: [get_cvl]
[Custom summaries] at node: tools
[Custom summaries] at node: tool_result; tool calls: [result]
[Custom summaries] at node: tools
[Custom summaries] end
[Custom Summaries] ✓ done

────────────────────────────────────────────────────────────
Phase: Structural Invariants
────────────────────────────────────────────────────────────
[Structural invariant formulation] start
[Structural invariant formulation] at node: initial; tool calls: [memory]
[Structural invariant formulation] at node: tools
[Structural invariant formulation] at node: tool_result; tool calls: [get_file]
[Structural invariant formulation] at node: tools
[Structural invariant formulation] at node: tool_result; tool calls: [get_file, get_file]
[Structural invariant formulation] at node: tools
[Structural invariant formulation] at node: tool_result; tool calls: [get_file, get_file]
[Structural invariant formulation] at node: tools
[Structural invariant formulation] at node: tool_result; tool calls: [get_file, get_file]
[Structural invariant formulation] at node: tools
[Structural invariant formulation] at node: tool_result; tool calls: [get_file, list_files]
[Structural invariant formulation] at node: tools
[Structural invariant formulation] at node: tool_result; tool calls: [get_file, get_file]
[Structural invariant formulation] at node: tools
[Structural invariant formulation] at node: tool_result; tool calls: [get_file, get_file]
[Structural invariant formulation] at node: tools
[Structural invariant formulation] at node: tool_result; tool calls: [memory]
[Structural invariant formulation] at node: tools
[Structural invariant formulation] at node: tool_result; tool calls: [invariant_feedback, invariant_feedback, invariant_feedback, invariant_feedback, invariant_feedback, invariant_feedback, invariant_feedback, invariant_feedback, invariant_feedback]
[Structural invariant formulation / Invariant feedback: threshold_at_most_ownerCount] start  (via tool: toolu_01BkFgJiXKLcQTUxf3pCSLtX)
[Structural invariant formulation / Invariant feedback: threshold_and_ownerCount_both_zero_or_both_nonzero] start  (via tool: toolu_01HFddpo2JTVo9veCyacQGrX)
[Structural invariant formulation / Invariant feedback: owner_list_sentinel_valid_when_nonempty] start  (via tool: toolu_014JQ95fkeHxBZ9iyAuDnJrp)
[Structural invariant formulation / Invariant feedback: threshold_at_most_ownerCount] at node: initial; tool calls: [memory]
[Structural invariant formulation / Invariant feedback: threshold_at_most_ownerCount] at node: tools
[Structural invariant formulation / Invariant feedback: owner_list_sentinel_valid_when_nonempty] at node: initial; tool calls: [memory]
[Structural invariant formulation / Invariant feedback: owner_list_sentinel_valid_when_nonempty] at node: tools
[Structural invariant formulation / Invariant feedback: threshold_and_ownerCount_both_zero_or_both_nonzero] at node: initial; tool calls: [memory]
[Structural invariant formulation / Invariant feedback: threshold_and_ownerCount_both_zero_or_both_nonzero] at node: tools
[Structural invariant formulation / Invariant feedback: threshold_at_most_ownerCount] at node: tool_result; tool calls: [list_files]
[Structural invariant formulation / Invariant feedback: owner_list_sentinel_valid_when_nonempty] at node: tool_result; tool calls: [list_files]
[Structural invariant formulation / Invariant feedback: threshold_and_ownerCount_both_zero_or_both_nonzero] at node: tool_result; tool calls: [list_files]
[Structural invariant formulation / Invariant feedback: threshold_at_most_ownerCount] at node: tools
[Structural invariant formulation / Invariant feedback: owner_list_sentinel_valid_when_nonempty] at node: tools
[Structural invariant formulation / Invariant feedback: threshold_and_ownerCount_both_zero_or_both_nonzero] at node: tools
[Structural invariant formulation / Invariant feedback: threshold_at_most_ownerCount] at node: tool_result; tool calls: [get_file, get_file]
[Structural invariant formulation / Invariant feedback: threshold_at_most_ownerCount] at node: tools
[Structural invariant formulation / Invariant feedback: owner_list_sentinel_valid_when_nonempty] at node: tool_result; tool calls: [get_file, get_file]
[Structural invariant formulation / Invariant feedback: owner_list_sentinel_valid_when_nonempty] at node: tools
[Structural invariant formulation / Invariant feedback: threshold_and_ownerCount_both_zero_or_both_nonzero] at node: tool_result; tool calls: [get_file, get_file]
[Structural invariant formulation / Invariant feedback: threshold_and_ownerCount_both_zero_or_both_nonzero] at node: tools
[Structural invariant formulation / Invariant feedback: threshold_and_ownerCount_both_zero_or_both_nonzero] at node: tool_result; tool calls: [get_file, get_file]
[Structural invariant formulation / Invariant feedback: threshold_and_ownerCount_both_zero_or_both_nonzero] at node: tools
[Structural invariant formulation / Invariant feedback: owner_list_sentinel_valid_when_nonempty] at node: tool_result; tool calls: [get_file, get_file]
[Structural invariant formulation / Invariant feedback: owner_list_sentinel_valid_when_nonempty] at node: tools
[Structural invariant formulation / Invariant feedback: threshold_at_most_ownerCount] at node: tool_result; tool calls: [memory]
[Structural invariant formulation / Invariant feedback: threshold_at_most_ownerCount] at node: tools
[Structural invariant formulation / Invariant feedback: threshold_and_ownerCount_both_zero_or_both_nonzero] at node: tool_result; tool calls: [grep_files, get_file]
[Structural invariant formulation / Invariant feedback: threshold_at_most_ownerCount] at node: tool_result; tool calls: [write_rough_draft]
[Structural invariant formulation / Invariant feedback: threshold_at_most_ownerCount] at node: tools
[Structural invariant formulation / Invariant feedback: threshold_and_ownerCount_both_zero_or_both_nonzero] at node: tools
[Structural invariant formulation / Invariant feedback: threshold_at_most_ownerCount] at node: tool_result; tool calls: [read_rough_draft]
[Structural invariant formulation / Invariant feedback: threshold_at_most_ownerCount] at node: tools
[Structural invariant formulation / Invariant feedback: threshold_and_ownerCount_both_zero_or_both_nonzero] at node: tool_result; tool calls: [get_file, get_file]
[Structural invariant formulation / Invariant feedback: threshold_and_ownerCount_both_zero_or_both_nonzero] at node: tools
[Structural invariant formulation / Invariant feedback: threshold_at_most_ownerCount] at node: tool_result; tool calls: [result]
[Structural invariant formulation / Invariant feedback: threshold_at_most_ownerCount] at node: tools
[Structural invariant formulation / Invariant feedback: threshold_at_most_ownerCount] end
[Structural invariant formulation / Invariant feedback: owner_list_no_dead_ends] start  (via tool: toolu_01Ra2Nzm8RaB4KiJvZ31PP14)
[Structural invariant formulation / Invariant feedback: owner_list_no_dead_ends] at node: initial; tool calls: [memory]
[Structural invariant formulation / Invariant feedback: owner_list_no_dead_ends] at node: tools
[Structural invariant formulation / Invariant feedback: owner_list_no_dead_ends] at node: tool_result; tool calls: [memory]
[Structural invariant formulation / Invariant feedback: owner_list_no_dead_ends] at node: tools
[Structural invariant formulation / Invariant feedback: owner_list_no_dead_ends] at node: tool_result; tool calls: [code_explorer]
[Structural invariant formulation / Invariant feedback: owner_list_no_dead_ends / Code Explorer: In OwnerManager.sol, how is the `owners` linked list structured and maintained? What is the sentinel value (SENTINEL_OWNERS), how is the list initialized, and how are nodes added/removed? Specifically, what values does `owners[a]` take for various addresses `a`, and does every node in the list always have a non-null (non-address(0)) next pointer?] start  (via tool: toolu_011rjfgER9u4hwypTjfS5RY4)
[Structural invariant formulation / Invariant feedback: owner_list_no_dead_ends / Code Explorer: In OwnerManager.sol, how is the `owners` linked list structured and maintained? What is the sentinel value (SENTINEL_OWNERS), how is the list initialized, and how are nodes added/removed? Specifically, what values does `owners[a]` take for various addresses `a`, and does every node in the list always have a non-null (non-address(0)) next pointer?] at node: initial; tool calls: [grep_files, grep_files]
[Structural invariant formulation / Invariant feedback: owner_list_no_dead_ends / Code Explorer: In OwnerManager.sol, how is the `owners` linked list structured and maintained? What is the sentinel value (SENTINEL_OWNERS), how is the list initialized, and how are nodes added/removed? Specifically, what values does `owners[a]` take for various addresses `a`, and does every node in the list always have a non-null (non-address(0)) next pointer?] at node: tools
[Structural invariant formulation / Invariant feedback: owner_list_no_dead_ends / Code Explorer: In OwnerManager.sol, how is the `owners` linked list structured and maintained? What is the sentinel value (SENTINEL_OWNERS), how is the list initialized, and how are nodes added/removed? Specifically, what values does `owners[a]` take for various addresses `a`, and does every node in the list always have a non-null (non-address(0)) next pointer?] at node: tool_result; tool calls: [get_file]
[Structural invariant formulation / Invariant feedback: owner_list_no_dead_ends / Code Explorer: In OwnerManager.sol, how is the `owners` linked list structured and maintained? What is the sentinel value (SENTINEL_OWNERS), how is the list initialized, and how are nodes added/removed? Specifically, what values does `owners[a]` take for various addresses `a`, and does every node in the list always have a non-null (non-address(0)) next pointer?] at node: tools
[Structural invariant formulation / Invariant feedback: owner_list_no_dead_ends / Code Explorer: In OwnerManager.sol, how is the `owners` linked list structured and maintained? What is the sentinel value (SENTINEL_OWNERS), how is the list initialized, and how are nodes added/removed? Specifically, what values does `owners[a]` take for various addresses `a`, and does every node in the list always have a non-null (non-address(0)) next pointer?] at node: tool_result; tool calls: [get_file]
[Structural invariant formulation / Invariant feedback: owner_list_no_dead_ends / Code Explorer: In OwnerManager.sol, how is the `owners` linked list structured and maintained? What is the sentinel value (SENTINEL_OWNERS), how is the list initialized, and how are nodes added/removed? Specifically, what values does `owners[a]` take for various addresses `a`, and does every node in the list always have a non-null (non-address(0)) next pointer?] at node: tools
[Structural invariant formulation / Invariant feedback: owner_list_no_dead_ends / Code Explorer: In OwnerManager.sol, how is the `owners` linked list structured and maintained? What is the sentinel value (SENTINEL_OWNERS), how is the list initialized, and how are nodes added/removed? Specifically, what values does `owners[a]` take for various addresses `a`, and does every node in the list always have a non-null (non-address(0)) next pointer?] at node: tool_result; tool calls: [get_file]
[Structural invariant formulation / Invariant feedback: owner_list_no_dead_ends / Code Explorer: In OwnerManager.sol, how is the `owners` linked list structured and maintained? What is the sentinel value (SENTINEL_OWNERS), how is the list initialized, and how are nodes added/removed? Specifically, what values does `owners[a]` take for various addresses `a`, and does every node in the list always have a non-null (non-address(0)) next pointer?] at node: tools
[Structural invariant formulation / Invariant feedback: threshold_and_ownerCount_both_zero_or_both_nonzero] at node: tool_result; tool calls: [memory]
[Structural invariant formulation / Invariant feedback: threshold_and_ownerCount_both_zero_or_both_nonzero] at node: tools
[Structural invariant formulation / Invariant feedback: owner_list_no_dead_ends / Code Explorer: In OwnerManager.sol, how is the `owners` linked list structured and maintained? What is the sentinel value (SENTINEL_OWNERS), how is the list initialized, and how are nodes added/removed? Specifically, what values does `owners[a]` take for various addresses `a`, and does every node in the list always have a non-null (non-address(0)) next pointer?] at node: tool_result; tool calls: [result]
[Structural invariant formulation / Invariant feedback: owner_list_no_dead_ends / Code Explorer: In OwnerManager.sol, how is the `owners` linked list structured and maintained? What is the sentinel value (SENTINEL_OWNERS), how is the list initialized, and how are nodes added/removed? Specifically, what values does `owners[a]` take for various addresses `a`, and does every node in the list always have a non-null (non-address(0)) next pointer?] at node: tools
[Structural invariant formulation / Invariant feedback: owner_list_no_dead_ends / Code Explorer: In OwnerManager.sol, how is the `owners` linked list structured and maintained? What is the sentinel value (SENTINEL_OWNERS), how is the list initialized, and how are nodes added/removed? Specifically, what values does `owners[a]` take for various addresses `a`, and does every node in the list always have a non-null (non-address(0)) next pointer?] end
[Structural invariant formulation / Invariant feedback: owner_list_no_dead_ends] at node: tools
[Structural invariant formulation / Invariant feedback: threshold_and_ownerCount_both_zero_or_both_nonzero] at node: tool_result; tool calls: [write_rough_draft]
[Structural invariant formulation / Invariant feedback: threshold_and_ownerCount_both_zero_or_both_nonzero] at node: tools
[Structural invariant formulation / Invariant feedback: threshold_and_ownerCount_both_zero_or_both_nonzero] at node: tool_result; tool calls: [read_rough_draft]
[Structural invariant formulation / Invariant feedback: threshold_and_ownerCount_both_zero_or_both_nonzero] at node: tools
[Structural invariant formulation / Invariant feedback: owner_list_sentinel_valid_when_nonempty] at node: tool_result; tool calls: [grep_files]
[Structural invariant formulation / Invariant feedback: owner_list_sentinel_valid_when_nonempty] at node: tools
[Structural invariant formulation / Invariant feedback: owner_list_sentinel_valid_when_nonempty] at node: tool_result; tool calls: [get_file]
[Structural invariant formulation / Invariant feedback: owner_list_sentinel_valid_when_nonempty] at node: tools
[Structural invariant formulation / Invariant feedback: threshold_and_ownerCount_both_zero_or_both_nonzero] at node: tool_result; tool calls: [result]
[Structural invariant formulation / Invariant feedback: threshold_and_ownerCount_both_zero_or_both_nonzero] at node: tools
[Structural invariant formulation / Invariant feedback: threshold_and_ownerCount_both_zero_or_both_nonzero] end
[Structural invariant formulation / Invariant feedback: module_list_initialized_when_safe_initialized] start  (via tool: toolu_01KsLrhXBeSVLqBc2hKRCTkW)
[Structural invariant formulation / Invariant feedback: module_list_initialized_when_safe_initialized] at node: initial; tool calls: [memory]
[Structural invariant formulation / Invariant feedback: module_list_initialized_when_safe_initialized] at node: tools
[Structural invariant formulation / Invariant feedback: module_list_initialized_when_safe_initialized] at node: tool_result; tool calls: [memory, memory]
[Structural invariant formulation / Invariant feedback: module_list_initialized_when_safe_initialized] at node: tools
[Structural invariant formulation / Invariant feedback: module_list_initialized_when_safe_initialized] at node: tool_result; tool calls: [code_explorer, code_explorer]
[Structural invariant formulation / Invariant feedback: module_list_initialized_when_safe_initialized / Code Explorer: How does setupModules initialize the modules mapping? What is SENTINEL_MODULES? What value does modules[SENTINEL_MODULES] get set to during initialization, and can it become zero address afterward? Look at ModuleManager.sol and any relevant base contracts.] start  (via tool: toolu_01KtckuTujMqcM11ubh2UDYN)
[Structural invariant formulation / Invariant feedback: module_list_initialized_when_safe_initialized / Code Explorer: In Safe.sol, what does the setup() function do? Does it call both setupOwners and setupModules atomically? Can setup() be called more than once?] start  (via tool: toolu_01Fio9uB2aLfn4KGQd2fsTru)
[Structural invariant formulation / Invariant feedback: module_list_initialized_when_safe_initialized / Code Explorer: How does setupModules initialize the modules mapping? What is SENTINEL_MODULES? What value does modules[SENTINEL_MODULES] get set to during initialization, and can it become zero address afterward? Look at ModuleManager.sol and any relevant base contracts.] at node: initial; tool calls: [grep_files]
[Structural invariant formulation / Invariant feedback: module_list_initialized_when_safe_initialized / Code Explorer: How does setupModules initialize the modules mapping? What is SENTINEL_MODULES? What value does modules[SENTINEL_MODULES] get set to during initialization, and can it become zero address afterward? Look at ModuleManager.sol and any relevant base contracts.] at node: tools
[Structural invariant formulation / Invariant feedback: module_list_initialized_when_safe_initialized / Code Explorer: In Safe.sol, what does the setup() function do? Does it call both setupOwners and setupModules atomically? Can setup() be called more than once?] at node: initial; tool calls: [get_file]
[Structural invariant formulation / Invariant feedback: module_list_initialized_when_safe_initialized / Code Explorer: In Safe.sol, what does the setup() function do? Does it call both setupOwners and setupModules atomically? Can setup() be called more than once?] at node: tools
[Structural invariant formulation / Invariant feedback: module_list_initialized_when_safe_initialized / Code Explorer: In Safe.sol, what does the setup() function do? Does it call both setupOwners and setupModules atomically? Can setup() be called more than once?] at node: tool_result; tool calls: [get_file]
[Structural invariant formulation / Invariant feedback: module_list_initialized_when_safe_initialized / Code Explorer: In Safe.sol, what does the setup() function do? Does it call both setupOwners and setupModules atomically? Can setup() be called more than once?] at node: tools
[Structural invariant formulation / Invariant feedback: module_list_initialized_when_safe_initialized / Code Explorer: In Safe.sol, what does the setup() function do? Does it call both setupOwners and setupModules atomically? Can setup() be called more than once?] at node: tool_result; tool calls: [get_file]
[Structural invariant formulation / Invariant feedback: module_list_initialized_when_safe_initialized / Code Explorer: In Safe.sol, what does the setup() function do? Does it call both setupOwners and setupModules atomically? Can setup() be called more than once?] at node: tools
[Structural invariant formulation / Invariant feedback: module_list_initialized_when_safe_initialized / Code Explorer: How does setupModules initialize the modules mapping? What is SENTINEL_MODULES? What value does modules[SENTINEL_MODULES] get set to during initialization, and can it become zero address afterward? Look at ModuleManager.sol and any relevant base contracts.] at node: tool_result; tool calls: [list_files]
[Structural invariant formulation / Invariant feedback: module_list_initialized_when_safe_initialized / Code Explorer: How does setupModules initialize the modules mapping? What is SENTINEL_MODULES? What value does modules[SENTINEL_MODULES] get set to during initialization, and can it become zero address afterward? Look at ModuleManager.sol and any relevant base contracts.] at node: tools
[Structural invariant formulation / Invariant feedback: module_list_initialized_when_safe_initialized / Code Explorer: How does setupModules initialize the modules mapping? What is SENTINEL_MODULES? What value does modules[SENTINEL_MODULES] get set to during initialization, and can it become zero address afterward? Look at ModuleManager.sol and any relevant base contracts.] at node: tool_result; tool calls: [get_file]
[Structural invariant formulation / Invariant feedback: module_list_initialized_when_safe_initialized / Code Explorer: How does setupModules initialize the modules mapping? What is SENTINEL_MODULES? What value does modules[SENTINEL_MODULES] get set to during initialization, and can it become zero address afterward? Look at ModuleManager.sol and any relevant base contracts.] at node: tools
[Structural invariant formulation / Invariant feedback: owner_list_sentinel_valid_when_nonempty] at node: tool_result; tool calls: [write_rough_draft]
[Structural invariant formulation / Invariant feedback: owner_list_sentinel_valid_when_nonempty] at node: tools
[Structural invariant formulation / Invariant feedback: owner_list_sentinel_valid_when_nonempty] at node: tool_result; tool calls: [read_rough_draft]
[Structural invariant formulation / Invariant feedback: owner_list_sentinel_valid_when_nonempty] at node: tools
[Structural invariant formulation / Invariant feedback: owner_list_no_dead_ends] at node: tool_result; tool calls: [write_rough_draft]
[Structural invariant formulation / Invariant feedback: owner_list_no_dead_ends] at node: tools
[Structural invariant formulation / Invariant feedback: module_list_initialized_when_safe_initialized / Code Explorer: In Safe.sol, what does the setup() function do? Does it call both setupOwners and setupModules atomically? Can setup() be called more than once?] at node: tool_result; tool calls: [result]
[Structural invariant formulation / Invariant feedback: module_list_initialized_when_safe_initialized / Code Explorer: In Safe.sol, what does the setup() function do? Does it call both setupOwners and setupModules atomically? Can setup() be called more than once?] at node: tools
[Structural invariant formulation / Invariant feedback: module_list_initialized_when_safe_initialized / Code Explorer: In Safe.sol, what does the setup() function do? Does it call both setupOwners and setupModules atomically? Can setup() be called more than once?] end
[Structural invariant formulation / Invariant feedback: owner_list_sentinel_valid_when_nonempty] at node: tool_result; tool calls: [memory]
[Structural invariant formulation / Invariant feedback: owner_list_sentinel_valid_when_nonempty] at node: tools
[Structural invariant formulation / Invariant feedback: owner_list_no_dead_ends] at node: tool_result; tool calls: [read_rough_draft]
[Structural invariant formulation / Invariant feedback: owner_list_no_dead_ends] at node: tools
[Structural invariant formulation / Invariant feedback: owner_list_no_dead_ends] at node: tool_result; tool calls: [memory]
[Structural invariant formulation / Invariant feedback: owner_list_no_dead_ends] at node: tools
[Structural invariant formulation / Invariant feedback: owner_list_no_dead_ends] at node: tool_result; tool calls: [memory]
[Structural invariant formulation / Invariant feedback: owner_list_no_dead_ends] at node: tools
[Structural invariant formulation / Invariant feedback: module_list_initialized_when_safe_initialized / Code Explorer: How does setupModules initialize the modules mapping? What is SENTINEL_MODULES? What value does modules[SENTINEL_MODULES] get set to during initialization, and can it become zero address afterward? Look at ModuleManager.sol and any relevant base contracts.] at node: tool_result; tool calls: [result]
[Structural invariant formulation / Invariant feedback: module_list_initialized_when_safe_initialized / Code Explorer: How does setupModules initialize the modules mapping? What is SENTINEL_MODULES? What value does modules[SENTINEL_MODULES] get set to during initialization, and can it become zero address afterward? Look at ModuleManager.sol and any relevant base contracts.] at node: tools
[Structural invariant formulation / Invariant feedback: module_list_initialized_when_safe_initialized / Code Explorer: How does setupModules initialize the modules mapping? What is SENTINEL_MODULES? What value does modules[SENTINEL_MODULES] get set to during initialization, and can it become zero address afterward? Look at ModuleManager.sol and any relevant base contracts.] end
[Structural invariant formulation / Invariant feedback: owner_list_sentinel_valid_when_nonempty] at node: tool_result; tool calls: [result]
[Structural invariant formulation / Invariant feedback: owner_list_sentinel_valid_when_nonempty] at node: tools
[Structural invariant formulation / Invariant feedback: owner_list_sentinel_valid_when_nonempty] end
[Structural invariant formulation / Invariant feedback: module_list_no_dead_ends] start  (via tool: toolu_01186jvEm8JVvkNJLbzMHGgn)
[Structural invariant formulation / Invariant feedback: owner_list_no_dead_ends] at node: tool_result; tool calls: [memory]
[Structural invariant formulation / Invariant feedback: owner_list_no_dead_ends] at node: tools
[Structural invariant formulation / Invariant feedback: module_list_no_dead_ends] at node: initial; tool calls: [memory]
[Structural invariant formulation / Invariant feedback: module_list_no_dead_ends] at node: tools
[Structural invariant formulation / Invariant feedback: module_list_no_dead_ends] at node: tool_result; tool calls: [memory, memory]
[Structural invariant formulation / Invariant feedback: module_list_no_dead_ends] at node: tools
[Structural invariant formulation / Invariant feedback: module_list_initialized_when_safe_initialized] at node: tools
[Structural invariant formulation / Invariant feedback: owner_list_no_dead_ends] at node: tool_result; tool calls: [memory]
[Structural invariant formulation / Invariant feedback: owner_list_no_dead_ends] at node: tools
[Structural invariant formulation / Invariant feedback: module_list_no_dead_ends] at node: tool_result; tool calls: [code_explorer, list_files]
[Structural invariant formulation / Invariant feedback: module_list_no_dead_ends / Code Explorer: How is the `modules` mapping structured and managed? What are the module linked list operations (enable, disable)? What is the sentinel value used? Show me the key functions that modify the modules mapping.] start  (via tool: toolu_01KiGv42wcb19ZLvAKKZPNvJ)
[Structural invariant formulation / Invariant feedback: module_list_no_dead_ends / Code Explorer: How is the `modules` mapping structured and managed? What are the module linked list operations (enable, disable)? What is the sentinel value used? Show me the key functions that modify the modules mapping.] at node: initial; tool calls: [grep_files]
[Structural invariant formulation / Invariant feedback: module_list_no_dead_ends / Code Explorer: How is the `modules` mapping structured and managed? What are the module linked list operations (enable, disable)? What is the sentinel value used? Show me the key functions that modify the modules mapping.] at node: tools
[Structural invariant formulation / Invariant feedback: module_list_no_dead_ends / Code Explorer: How is the `modules` mapping structured and managed? What are the module linked list operations (enable, disable)? What is the sentinel value used? Show me the key functions that modify the modules mapping.] at node: tool_result; tool calls: [grep_files]
[Structural invariant formulation / Invariant feedback: module_list_no_dead_ends / Code Explorer: How is the `modules` mapping structured and managed? What are the module linked list operations (enable, disable)? What is the sentinel value used? Show me the key functions that modify the modules mapping.] at node: tools
[Structural invariant formulation / Invariant feedback: module_list_no_dead_ends / Code Explorer: How is the `modules` mapping structured and managed? What are the module linked list operations (enable, disable)? What is the sentinel value used? Show me the key functions that modify the modules mapping.] at node: tool_result; tool calls: [list_files]
[Structural invariant formulation / Invariant feedback: module_list_no_dead_ends / Code Explorer: How is the `modules` mapping structured and managed? What are the module linked list operations (enable, disable)? What is the sentinel value used? Show me the key functions that modify the modules mapping.] at node: tools
[Structural invariant formulation / Invariant feedback: module_list_no_dead_ends / Code Explorer: How is the `modules` mapping structured and managed? What are the module linked list operations (enable, disable)? What is the sentinel value used? Show me the key functions that modify the modules mapping.] at node: tool_result; tool calls: [get_file]
[Structural invariant formulation / Invariant feedback: module_list_no_dead_ends / Code Explorer: How is the `modules` mapping structured and managed? What are the module linked list operations (enable, disable)? What is the sentinel value used? Show me the key functions that modify the modules mapping.] at node: tools
[Structural invariant formulation / Invariant feedback: owner_list_no_dead_ends] at node: tool_result; tool calls: [result]
[Structural invariant formulation / Invariant feedback: owner_list_no_dead_ends] at node: tools
[Structural invariant formulation / Invariant feedback: owner_list_no_dead_ends] end
[Structural invariant formulation / Invariant feedback: zero_address_not_an_owner] start  (via tool: toolu_01S53RFC1dtda3mwhwqaj7A4)
[Structural invariant formulation / Invariant feedback: module_list_no_dead_ends / Code Explorer: How is the `modules` mapping structured and managed? What are the module linked list operations (enable, disable)? What is the sentinel value used? Show me the key functions that modify the modules mapping.] at node: tool_result; tool calls: [get_file]
[Structural invariant formulation / Invariant feedback: module_list_no_dead_ends / Code Explorer: How is the `modules` mapping structured and managed? What are the module linked list operations (enable, disable)? What is the sentinel value used? Show me the key functions that modify the modules mapping.] at node: tools
[Structural invariant formulation / Invariant feedback: zero_address_not_an_owner] at node: initial; tool calls: [memory]
[Structural invariant formulation / Invariant feedback: zero_address_not_an_owner] at node: tools
[Structural invariant formulation / Invariant feedback: zero_address_not_an_owner] at node: tool_result; tool calls: [memory, memory]
[Structural invariant formulation / Invariant feedback: zero_address_not_an_owner] at node: tools
[Structural invariant formulation / Invariant feedback: module_list_no_dead_ends / Code Explorer: How is the `modules` mapping structured and managed? What are the module linked list operations (enable, disable)? What is the sentinel value used? Show me the key functions that modify the modules mapping.] at node: tool_result
[Structural invariant formulation / Invariant feedback: module_list_no_dead_ends / Code Explorer: How is the `modules` mapping structured and managed? What are the module linked list operations (enable, disable)? What is the sentinel value used? Show me the key functions that modify the modules mapping.] at node: no_tools
[Structural invariant formulation / Invariant feedback: module_list_initialized_when_safe_initialized] at node: tool_result; tool calls: [code_explorer]
[Structural invariant formulation / Invariant feedback: module_list_initialized_when_safe_initialized / Code Explorer: In ModuleManager.sol, what does enableModule and disableModule do to the modules mapping, specifically what values can modules[SENTINEL_MODULES] take after those operations? Can modules[SENTINEL_MODULES] ever be set to address(0) by any function?] start  (via tool: toolu_018dfcSoBEiha6akqodSVfrS)
[Structural invariant formulation / Invariant feedback: module_list_initialized_when_safe_initialized / Code Explorer: In ModuleManager.sol, what does enableModule and disableModule do to the modules mapping, specifically what values can modules[SENTINEL_MODULES] take after those operations? Can modules[SENTINEL_MODULES] ever be set to address(0) by any function?] at node: initial; tool calls: [grep_files]
[Structural invariant formulation / Invariant feedback: module_list_initialized_when_safe_initialized / Code Explorer: In ModuleManager.sol, what does enableModule and disableModule do to the modules mapping, specifically what values can modules[SENTINEL_MODULES] take after those operations? Can modules[SENTINEL_MODULES] ever be set to address(0) by any function?] at node: tools
[Structural invariant formulation / Invariant feedback: zero_address_not_an_owner] at node: tool_result; tool calls: [code_explorer]
[Structural invariant formulation / Invariant feedback: zero_address_not_an_owner / Code Explorer: In OwnerManager.sol, what validation checks are performed when adding, removing, or swapping owners? Specifically: does requireCanAddOwner or requireIsValidOwner check for address(0)? Can owners[address(0)] ever be set to a nonzero value?] start  (via tool: toolu_01PxTQzGUT7nShV9fJhPLa4V)
[Structural invariant formulation / Invariant feedback: module_list_initialized_when_safe_initialized / Code Explorer: In ModuleManager.sol, what does enableModule and disableModule do to the modules mapping, specifically what values can modules[SENTINEL_MODULES] take after those operations? Can modules[SENTINEL_MODULES] ever be set to address(0) by any function?] at node: tool_result; tool calls: [list_files]
[Structural invariant formulation / Invariant feedback: module_list_initialized_when_safe_initialized / Code Explorer: In ModuleManager.sol, what does enableModule and disableModule do to the modules mapping, specifically what values can modules[SENTINEL_MODULES] take after those operations? Can modules[SENTINEL_MODULES] ever be set to address(0) by any function?] at node: tools
[Structural invariant formulation / Invariant feedback: module_list_initialized_when_safe_initialized / Code Explorer: In ModuleManager.sol, what does enableModule and disableModule do to the modules mapping, specifically what values can modules[SENTINEL_MODULES] take after those operations? Can modules[SENTINEL_MODULES] ever be set to address(0) by any function?] at node: tool_result; tool calls: [get_file]
[Structural invariant formulation / Invariant feedback: module_list_initialized_when_safe_initialized / Code Explorer: In ModuleManager.sol, what does enableModule and disableModule do to the modules mapping, specifically what values can modules[SENTINEL_MODULES] take after those operations? Can modules[SENTINEL_MODULES] ever be set to address(0) by any function?] at node: tools
[Structural invariant formulation / Invariant feedback: zero_address_not_an_owner / Code Explorer: In OwnerManager.sol, what validation checks are performed when adding, removing, or swapping owners? Specifically: does requireCanAddOwner or requireIsValidOwner check for address(0)? Can owners[address(0)] ever be set to a nonzero value?] at node: initial; tool calls: [grep_files]
[Structural invariant formulation / Invariant feedback: zero_address_not_an_owner / Code Explorer: In OwnerManager.sol, what validation checks are performed when adding, removing, or swapping owners? Specifically: does requireCanAddOwner or requireIsValidOwner check for address(0)? Can owners[address(0)] ever be set to a nonzero value?] at node: tools
[Structural invariant formulation / Invariant feedback: module_list_no_dead_ends / Code Explorer: How is the `modules` mapping structured and managed? What are the module linked list operations (enable, disable)? What is the sentinel value used? Show me the key functions that modify the modules mapping.] at node: tool_result; tool calls: [result]
[Structural invariant formulation / Invariant feedback: module_list_no_dead_ends / Code Explorer: How is the `modules` mapping structured and managed? What are the module linked list operations (enable, disable)? What is the sentinel value used? Show me the key functions that modify the modules mapping.] at node: tools
[Structural invariant formulation / Invariant feedback: module_list_no_dead_ends / Code Explorer: How is the `modules` mapping structured and managed? What are the module linked list operations (enable, disable)? What is the sentinel value used? Show me the key functions that modify the modules mapping.] end
[Structural invariant formulation / Invariant feedback: zero_address_not_an_owner / Code Explorer: In OwnerManager.sol, what validation checks are performed when adding, removing, or swapping owners? Specifically: does requireCanAddOwner or requireIsValidOwner check for address(0)? Can owners[address(0)] ever be set to a nonzero value?] at node: tool_result; tool calls: [list_files]
[Structural invariant formulation / Invariant feedback: zero_address_not_an_owner / Code Explorer: In OwnerManager.sol, what validation checks are performed when adding, removing, or swapping owners? Specifically: does requireCanAddOwner or requireIsValidOwner check for address(0)? Can owners[address(0)] ever be set to a nonzero value?] at node: tools
[Structural invariant formulation / Invariant feedback: zero_address_not_an_owner / Code Explorer: In OwnerManager.sol, what validation checks are performed when adding, removing, or swapping owners? Specifically: does requireCanAddOwner or requireIsValidOwner check for address(0)? Can owners[address(0)] ever be set to a nonzero value?] at node: tool_result; tool calls: [get_file]
[Structural invariant formulation / Invariant feedback: zero_address_not_an_owner / Code Explorer: In OwnerManager.sol, what validation checks are performed when adding, removing, or swapping owners? Specifically: does requireCanAddOwner or requireIsValidOwner check for address(0)? Can owners[address(0)] ever be set to a nonzero value?] at node: tools
[Structural invariant formulation / Invariant feedback: zero_address_not_an_owner / Code Explorer: In OwnerManager.sol, what validation checks are performed when adding, removing, or swapping owners? Specifically: does requireCanAddOwner or requireIsValidOwner check for address(0)? Can owners[address(0)] ever be set to a nonzero value?] at node: tool_result; tool calls: [get_file]
[Structural invariant formulation / Invariant feedback: zero_address_not_an_owner / Code Explorer: In OwnerManager.sol, what validation checks are performed when adding, removing, or swapping owners? Specifically: does requireCanAddOwner or requireIsValidOwner check for address(0)? Can owners[address(0)] ever be set to a nonzero value?] at node: tools
[Structural invariant formulation / Invariant feedback: module_list_no_dead_ends] at node: tools
[Structural invariant formulation / Invariant feedback: module_list_initialized_when_safe_initialized / Code Explorer: In ModuleManager.sol, what does enableModule and disableModule do to the modules mapping, specifically what values can modules[SENTINEL_MODULES] take after those operations? Can modules[SENTINEL_MODULES] ever be set to address(0) by any function?] at node: tool_result; tool calls: [result]
[Structural invariant formulation / Invariant feedback: module_list_initialized_when_safe_initialized / Code Explorer: In ModuleManager.sol, what does enableModule and disableModule do to the modules mapping, specifically what values can modules[SENTINEL_MODULES] take after those operations? Can modules[SENTINEL_MODULES] ever be set to address(0) by any function?] at node: tools
[Structural invariant formulation / Invariant feedback: module_list_initialized_when_safe_initialized / Code Explorer: In ModuleManager.sol, what does enableModule and disableModule do to the modules mapping, specifically what values can modules[SENTINEL_MODULES] take after those operations? Can modules[SENTINEL_MODULES] ever be set to address(0) by any function?] end
[Structural invariant formulation / Invariant feedback: module_list_initialized_when_safe_initialized] at node: tools
[Structural invariant formulation / Invariant feedback: zero_address_not_an_owner / Code Explorer: In OwnerManager.sol, what validation checks are performed when adding, removing, or swapping owners? Specifically: does requireCanAddOwner or requireIsValidOwner check for address(0)? Can owners[address(0)] ever be set to a nonzero value?] at node: tool_result; tool calls: [result]
[Structural invariant formulation / Invariant feedback: zero_address_not_an_owner / Code Explorer: In OwnerManager.sol, what validation checks are performed when adding, removing, or swapping owners? Specifically: does requireCanAddOwner or requireIsValidOwner check for address(0)? Can owners[address(0)] ever be set to a nonzero value?] at node: tools
[Structural invariant formulation / Invariant feedback: zero_address_not_an_owner / Code Explorer: In OwnerManager.sol, what validation checks are performed when adding, removing, or swapping owners? Specifically: does requireCanAddOwner or requireIsValidOwner check for address(0)? Can owners[address(0)] ever be set to a nonzero value?] end
[Structural invariant formulation / Invariant feedback: zero_address_not_an_owner] at node: tools
[Structural invariant formulation / Invariant feedback: module_list_no_dead_ends] at node: tool_result; tool calls: [get_file, get_file]
[Structural invariant formulation / Invariant feedback: module_list_no_dead_ends] at node: tools
[Structural invariant formulation / Invariant feedback: zero_address_not_an_owner] at node: tool_result; tool calls: [write_rough_draft]
[Structural invariant formulation / Invariant feedback: zero_address_not_an_owner] at node: tools
[Structural invariant formulation / Invariant feedback: module_list_initialized_when_safe_initialized] at node: tool_result; tool calls: [write_rough_draft]
[Structural invariant formulation / Invariant feedback: module_list_initialized_when_safe_initialized] at node: tools
[Structural invariant formulation / Invariant feedback: zero_address_not_an_owner] at node: tool_result; tool calls: [read_rough_draft]
[Structural invariant formulation / Invariant feedback: zero_address_not_an_owner] at node: tools
[Structural invariant formulation / Invariant feedback: module_list_initialized_when_safe_initialized] at node: tool_result; tool calls: [read_rough_draft]
[Structural invariant formulation / Invariant feedback: module_list_initialized_when_safe_initialized] at node: tools
[Structural invariant formulation / Invariant feedback: zero_address_not_an_owner] at node: tool_result; tool calls: [memory]
[Structural invariant formulation / Invariant feedback: zero_address_not_an_owner] at node: tools
[Structural invariant formulation / Invariant feedback: module_list_initialized_when_safe_initialized] at node: tool_result; tool calls: [memory]
[Structural invariant formulation / Invariant feedback: module_list_initialized_when_safe_initialized] at node: tools
[Structural invariant formulation / Invariant feedback: module_list_initialized_when_safe_initialized] at node: tool_result; tool calls: [memory]
[Structural invariant formulation / Invariant feedback: module_list_initialized_when_safe_initialized] at node: tools
[Structural invariant formulation / Invariant feedback: module_list_initialized_when_safe_initialized] at node: tool_result; tool calls: [memory]
[Structural invariant formulation / Invariant feedback: module_list_initialized_when_safe_initialized] at node: tools
[Structural invariant formulation / Invariant feedback: zero_address_not_an_owner] at node: tool_result; tool calls: [result]
[Structural invariant formulation / Invariant feedback: zero_address_not_an_owner] at node: tools
[Structural invariant formulation / Invariant feedback: zero_address_not_an_owner] end
[Structural invariant formulation / Invariant feedback: zero_address_not_an_enabled_module] start  (via tool: toolu_01SMuAWWvu7EQpVC5hRHbUrn)
[Structural invariant formulation / Invariant feedback: zero_address_not_an_enabled_module] at node: initial; tool calls: [memory]
[Structural invariant formulation / Invariant feedback: zero_address_not_an_enabled_module] at node: tools
[Structural invariant formulation / Invariant feedback: zero_address_not_an_enabled_module] at node: tool_result; tool calls: [memory, memory]
[Structural invariant formulation / Invariant feedback: zero_address_not_an_enabled_module] at node: tools
[Structural invariant formulation / Invariant feedback: module_list_initialized_when_safe_initialized] at node: tool_result; tool calls: [memory]
[Structural invariant formulation / Invariant feedback: module_list_initialized_when_safe_initialized] at node: tools
[Structural invariant formulation / Invariant feedback: zero_address_not_an_enabled_module] at node: tool_result; tool calls: [code_explorer]
[Structural invariant formulation / Invariant feedback: zero_address_not_an_enabled_module / Code Explorer: How does the modules mapping work in Safe.sol? What are all the functions that can modify the modules mapping (enableModule, disableModule, setupModules, etc.)? What are the sentinel values and address checks used? Please show the relevant function code.] start  (via tool: toolu_01TM4bFHi9Z9Nn3qThAYmpP4)
[Structural invariant formulation / Invariant feedback: zero_address_not_an_enabled_module / Code Explorer: How does the modules mapping work in Safe.sol? What are all the functions that can modify the modules mapping (enableModule, disableModule, setupModules, etc.)? What are the sentinel values and address checks used? Please show the relevant function code.] at node: initial; tool calls: [grep_files, list_files]
[Structural invariant formulation / Invariant feedback: zero_address_not_an_enabled_module / Code Explorer: How does the modules mapping work in Safe.sol? What are all the functions that can modify the modules mapping (enableModule, disableModule, setupModules, etc.)? What are the sentinel values and address checks used? Please show the relevant function code.] at node: tools
[Structural invariant formulation / Invariant feedback: zero_address_not_an_enabled_module / Code Explorer: How does the modules mapping work in Safe.sol? What are all the functions that can modify the modules mapping (enableModule, disableModule, setupModules, etc.)? What are the sentinel values and address checks used? Please show the relevant function code.] at node: tool_result; tool calls: [get_file]
[Structural invariant formulation / Invariant feedback: zero_address_not_an_enabled_module / Code Explorer: How does the modules mapping work in Safe.sol? What are all the functions that can modify the modules mapping (enableModule, disableModule, setupModules, etc.)? What are the sentinel values and address checks used? Please show the relevant function code.] at node: tools
[Structural invariant formulation / Invariant feedback: module_list_initialized_when_safe_initialized] at node: tool_result; tool calls: [result]
[Structural invariant formulation / Invariant feedback: module_list_initialized_when_safe_initialized] at node: tools
[Structural invariant formulation / Invariant feedback: module_list_initialized_when_safe_initialized] end
[Structural invariant formulation / Invariant feedback: fallback_handler_not_this_address] start  (via tool: toolu_01KqD1ytvfxpxjtQxXbTV4fW)
[Structural invariant formulation / Invariant feedback: fallback_handler_not_this_address] at node: initial; tool calls: [memory]
[Structural invariant formulation / Invariant feedback: fallback_handler_not_this_address] at node: tools
[Structural invariant formulation / Invariant feedback: fallback_handler_not_this_address] at node: tool_result; tool calls: [memory, memory]
[Structural invariant formulation / Invariant feedback: fallback_handler_not_this_address] at node: tools
[Structural invariant formulation / Invariant feedback: module_list_no_dead_ends] at node: tool_result; tool calls: [write_rough_draft]
[Structural invariant formulation / Invariant feedback: module_list_no_dead_ends] at node: tools
[Structural invariant formulation / Invariant feedback: module_list_no_dead_ends] at node: tool_result; tool calls: [read_rough_draft]
[Structural invariant formulation / Invariant feedback: module_list_no_dead_ends] at node: tools
[Structural invariant formulation / Invariant feedback: fallback_handler_not_this_address] at node: tool_result; tool calls: [code_explorer]
[Structural invariant formulation / Invariant feedback: fallback_handler_not_this_address / Code Explorer: What is the implementation of `internalSetFallbackHandler` and `setFallbackHandler` in Safe.sol or FallbackManager.sol? What is `FALLBACK_HANDLER_STORAGE_SLOT`? What is the initial value stored at that slot?] start  (via tool: toolu_01UWYhFVY2xWqZfzmAKrKEa7)
[Structural invariant formulation / Invariant feedback: module_list_no_dead_ends] at node: tool_result; tool calls: [memory]
[Structural invariant formulation / Invariant feedback: module_list_no_dead_ends] at node: tools
[Structural invariant formulation / Invariant feedback: fallback_handler_not_this_address / Code Explorer: What is the implementation of `internalSetFallbackHandler` and `setFallbackHandler` in Safe.sol or FallbackManager.sol? What is `FALLBACK_HANDLER_STORAGE_SLOT`? What is the initial value stored at that slot?] at node: initial; tool calls: [grep_files, get_file]
[Structural invariant formulation / Invariant feedback: fallback_handler_not_this_address / Code Explorer: What is the implementation of `internalSetFallbackHandler` and `setFallbackHandler` in Safe.sol or FallbackManager.sol? What is `FALLBACK_HANDLER_STORAGE_SLOT`? What is the initial value stored at that slot?] at node: tools
[Structural invariant formulation / Invariant feedback: fallback_handler_not_this_address / Code Explorer: What is the implementation of `internalSetFallbackHandler` and `setFallbackHandler` in Safe.sol or FallbackManager.sol? What is `FALLBACK_HANDLER_STORAGE_SLOT`? What is the initial value stored at that slot?] at node: tool_result; tool calls: [grep_files]
[Structural invariant formulation / Invariant feedback: fallback_handler_not_this_address / Code Explorer: What is the implementation of `internalSetFallbackHandler` and `setFallbackHandler` in Safe.sol or FallbackManager.sol? What is `FALLBACK_HANDLER_STORAGE_SLOT`? What is the initial value stored at that slot?] at node: tools
[Structural invariant formulation / Invariant feedback: fallback_handler_not_this_address / Code Explorer: What is the implementation of `internalSetFallbackHandler` and `setFallbackHandler` in Safe.sol or FallbackManager.sol? What is `FALLBACK_HANDLER_STORAGE_SLOT`? What is the initial value stored at that slot?] at node: tool_result; tool calls: [get_file, grep_files]
[Structural invariant formulation / Invariant feedback: fallback_handler_not_this_address / Code Explorer: What is the implementation of `internalSetFallbackHandler` and `setFallbackHandler` in Safe.sol or FallbackManager.sol? What is `FALLBACK_HANDLER_STORAGE_SLOT`? What is the initial value stored at that slot?] at node: tools
[Structural invariant formulation / Invariant feedback: module_list_no_dead_ends] at node: tool_result; tool calls: [result]
[Structural invariant formulation / Invariant feedback: module_list_no_dead_ends] at node: tools
[Structural invariant formulation / Invariant feedback: module_list_no_dead_ends] end
[Structural invariant formulation / Invariant feedback: fallback_handler_not_this_address / Code Explorer: What is the implementation of `internalSetFallbackHandler` and `setFallbackHandler` in Safe.sol or FallbackManager.sol? What is `FALLBACK_HANDLER_STORAGE_SLOT`? What is the initial value stored at that slot?] at node: tool_result; tool calls: [get_file, get_file]
[Structural invariant formulation / Invariant feedback: fallback_handler_not_this_address / Code Explorer: What is the implementation of `internalSetFallbackHandler` and `setFallbackHandler` in Safe.sol or FallbackManager.sol? What is `FALLBACK_HANDLER_STORAGE_SLOT`? What is the initial value stored at that slot?] at node: tools
[Structural invariant formulation / Invariant feedback: zero_address_not_an_enabled_module / Code Explorer: How does the modules mapping work in Safe.sol? What are all the functions that can modify the modules mapping (enableModule, disableModule, setupModules, etc.)? What are the sentinel values and address checks used? Please show the relevant function code.] at node: tool_result; tool calls: [result]
[Structural invariant formulation / Invariant feedback: zero_address_not_an_enabled_module / Code Explorer: How does the modules mapping work in Safe.sol? What are all the functions that can modify the modules mapping (enableModule, disableModule, setupModules, etc.)? What are the sentinel values and address checks used? Please show the relevant function code.] at node: tools
[Structural invariant formulation / Invariant feedback: zero_address_not_an_enabled_module / Code Explorer: How does the modules mapping work in Safe.sol? What are all the functions that can modify the modules mapping (enableModule, disableModule, setupModules, etc.)? What are the sentinel values and address checks used? Please show the relevant function code.] end
[Structural invariant formulation / Invariant feedback: zero_address_not_an_enabled_module] at node: tools
[Structural invariant formulation / Invariant feedback: fallback_handler_not_this_address / Code Explorer: What is the implementation of `internalSetFallbackHandler` and `setFallbackHandler` in Safe.sol or FallbackManager.sol? What is `FALLBACK_HANDLER_STORAGE_SLOT`? What is the initial value stored at that slot?] at node: tool_result; tool calls: [result]
[Structural invariant formulation / Invariant feedback: fallback_handler_not_this_address / Code Explorer: What is the implementation of `internalSetFallbackHandler` and `setFallbackHandler` in Safe.sol or FallbackManager.sol? What is `FALLBACK_HANDLER_STORAGE_SLOT`? What is the initial value stored at that slot?] at node: tools
[Structural invariant formulation / Invariant feedback: fallback_handler_not_this_address / Code Explorer: What is the implementation of `internalSetFallbackHandler` and `setFallbackHandler` in Safe.sol or FallbackManager.sol? What is `FALLBACK_HANDLER_STORAGE_SLOT`? What is the initial value stored at that slot?] end
[Structural invariant formulation / Invariant feedback: fallback_handler_not_this_address] at node: tools
[Structural invariant formulation / Invariant feedback: zero_address_not_an_enabled_module] at node: tool_result; tool calls: [write_rough_draft]
[Structural invariant formulation / Invariant feedback: zero_address_not_an_enabled_module] at node: tools
[Structural invariant formulation / Invariant feedback: zero_address_not_an_enabled_module] at node: tool_result; tool calls: [read_rough_draft]
[Structural invariant formulation / Invariant feedback: zero_address_not_an_enabled_module] at node: tools
[Structural invariant formulation / Invariant feedback: fallback_handler_not_this_address] at node: tool_result; tool calls: [write_rough_draft]
[Structural invariant formulation / Invariant feedback: fallback_handler_not_this_address] at node: tools
[Structural invariant formulation / Invariant feedback: fallback_handler_not_this_address] at node: tool_result; tool calls: [read_rough_draft]
[Structural invariant formulation / Invariant feedback: fallback_handler_not_this_address] at node: tools
[Structural invariant formulation / Invariant feedback: zero_address_not_an_enabled_module] at node: tool_result; tool calls: [memory]
[Structural invariant formulation / Invariant feedback: zero_address_not_an_enabled_module] at node: tools
[Structural invariant formulation / Invariant feedback: fallback_handler_not_this_address] at node: tool_result; tool calls: [memory]
[Structural invariant formulation / Invariant feedback: fallback_handler_not_this_address] at node: tools
[Structural invariant formulation / Invariant feedback: zero_address_not_an_enabled_module] at node: tool_result; tool calls: [result]
[Structural invariant formulation / Invariant feedback: zero_address_not_an_enabled_module] at node: tools
[Structural invariant formulation / Invariant feedback: zero_address_not_an_enabled_module] end
[Structural invariant formulation / Invariant feedback: fallback_handler_not_this_address] at node: tool_result; tool calls: [result]
[Structural invariant formulation / Invariant feedback: fallback_handler_not_this_address] at node: tools
[Structural invariant formulation / Invariant feedback: fallback_handler_not_this_address] end
[Structural invariant formulation] at node: tool_result; tool calls: [invariant_feedback, invariant_feedback]
[Structural invariant formulation / Invariant feedback: owner_list_sentinel_notnull_when_initialized] start  (via tool: toolu_01EBLvCtHSVV2q5F5bkmHfMZ)
[Structural invariant formulation / Invariant feedback: module_list_no_dead_ends_when_initialized] start  (via tool: toolu_01YFz41Q4ikuDkEikpAX7P4f)
[Structural invariant formulation / Invariant feedback: module_list_no_dead_ends_when_initialized] at node: initial; tool calls: [memory]
[Structural invariant formulation / Invariant feedback: module_list_no_dead_ends_when_initialized] at node: tools
[Structural invariant formulation / Invariant feedback: owner_list_sentinel_notnull_when_initialized] at node: initial; tool calls: [memory]
[Structural invariant formulation / Invariant feedback: owner_list_sentinel_notnull_when_initialized] at node: tools
[Structural invariant formulation / Invariant feedback: module_list_no_dead_ends_when_initialized] at node: tool_result; tool calls: [memory, memory]
[Structural invariant formulation / Invariant feedback: module_list_no_dead_ends_when_initialized] at node: tools
[Structural invariant formulation / Invariant feedback: owner_list_sentinel_notnull_when_initialized] at node: tool_result; tool calls: [memory, memory]
[Structural invariant formulation / Invariant feedback: owner_list_sentinel_notnull_when_initialized] at node: tools
[Structural invariant formulation / Invariant feedback: owner_list_sentinel_notnull_when_initialized] at node: tool_result; tool calls: [code_explorer, code_explorer]
[Structural invariant formulation / Invariant feedback: owner_list_sentinel_notnull_when_initialized / Code Explorer: In OwnerManager.sol, what exactly does removeOwner do to owners[SENTINEL_OWNERS]? What are all the ways owners[SENTINEL_OWNERS] can be modified? What does setupOwners set owners[SENTINEL_OWNERS] to?] start  (via tool: toolu_01NcTgrWadbea1DWEANoVXaF)
[Structural invariant formulation / Invariant feedback: owner_list_sentinel_notnull_when_initialized / Code Explorer: What is the value of SENTINEL_OWNERS in OwnerManager.sol? Is it address(0x1) or address(0)?] start  (via tool: toolu_018YjNMMb6pEnrTTbuHELjbM)
[Structural invariant formulation / Invariant feedback: owner_list_sentinel_notnull_when_initialized / Code Explorer: What is the value of SENTINEL_OWNERS in OwnerManager.sol? Is it address(0x1) or address(0)?] at node: initial; tool calls: [result]
[Structural invariant formulation / Invariant feedback: owner_list_sentinel_notnull_when_initialized / Code Explorer: What is the value of SENTINEL_OWNERS in OwnerManager.sol? Is it address(0x1) or address(0)?] at node: tools
[Structural invariant formulation / Invariant feedback: owner_list_sentinel_notnull_when_initialized / Code Explorer: What is the value of SENTINEL_OWNERS in OwnerManager.sol? Is it address(0x1) or address(0)?] end
[Structural invariant formulation / Invariant feedback: owner_list_sentinel_notnull_when_initialized / Code Explorer: In OwnerManager.sol, what exactly does removeOwner do to owners[SENTINEL_OWNERS]? What are all the ways owners[SENTINEL_OWNERS] can be modified? What does setupOwners set owners[SENTINEL_OWNERS] to?] at node: initial; tool calls: [grep_files, grep_files]
[Structural invariant formulation / Invariant feedback: owner_list_sentinel_notnull_when_initialized / Code Explorer: In OwnerManager.sol, what exactly does removeOwner do to owners[SENTINEL_OWNERS]? What are all the ways owners[SENTINEL_OWNERS] can be modified? What does setupOwners set owners[SENTINEL_OWNERS] to?] at node: tools
[Structural invariant formulation / Invariant feedback: owner_list_sentinel_notnull_when_initialized / Code Explorer: In OwnerManager.sol, what exactly does removeOwner do to owners[SENTINEL_OWNERS]? What are all the ways owners[SENTINEL_OWNERS] can be modified? What does setupOwners set owners[SENTINEL_OWNERS] to?] at node: tool_result; tool calls: [get_file]
[Structural invariant formulation / Invariant feedback: owner_list_sentinel_notnull_when_initialized / Code Explorer: In OwnerManager.sol, what exactly does removeOwner do to owners[SENTINEL_OWNERS]? What are all the ways owners[SENTINEL_OWNERS] can be modified? What does setupOwners set owners[SENTINEL_OWNERS] to?] at node: tools
[Structural invariant formulation / Invariant feedback: owner_list_sentinel_notnull_when_initialized / Code Explorer: In OwnerManager.sol, what exactly does removeOwner do to owners[SENTINEL_OWNERS]? What are all the ways owners[SENTINEL_OWNERS] can be modified? What does setupOwners set owners[SENTINEL_OWNERS] to?] at node: tool_result; tool calls: [result]
[Structural invariant formulation / Invariant feedback: owner_list_sentinel_notnull_when_initialized / Code Explorer: In OwnerManager.sol, what exactly does removeOwner do to owners[SENTINEL_OWNERS]? What are all the ways owners[SENTINEL_OWNERS] can be modified? What does setupOwners set owners[SENTINEL_OWNERS] to?] at node: tools
[Structural invariant formulation / Invariant feedback: owner_list_sentinel_notnull_when_initialized / Code Explorer: In OwnerManager.sol, what exactly does removeOwner do to owners[SENTINEL_OWNERS]? What are all the ways owners[SENTINEL_OWNERS] can be modified? What does setupOwners set owners[SENTINEL_OWNERS] to?] end
[Structural invariant formulation / Invariant feedback: owner_list_sentinel_notnull_when_initialized] at node: tools
[Structural invariant formulation / Invariant feedback: module_list_no_dead_ends_when_initialized] at node: tool_result; tool calls: [code_explorer, code_explorer]
[Structural invariant formulation / Invariant feedback: module_list_no_dead_ends_when_initialized / Code Explorer: What does the enableModule function in ModuleManager.sol do exactly — what checks does it perform and what state does it write, including the exact code for the authorized modifier?] start  (via tool: toolu_01HGGUGTicFHQpffudDtaRHq)
[Structural invariant formulation / Invariant feedback: module_list_no_dead_ends_when_initialized / Code Explorer: What does setupModules in ModuleManager.sol do exactly — what checks does it perform, what does it write to modules[SENTINEL_MODULES], and what is SENTINEL_MODULES defined as?] start  (via tool: toolu_01FN85jE3adGb7M1haBqk8Tm)
[Structural invariant formulation / Invariant feedback: module_list_no_dead_ends_when_initialized / Code Explorer: What does the enableModule function in ModuleManager.sol do exactly — what checks does it perform and what state does it write, including the exact code for the authorized modifier?] at node: initial; tool calls: [grep_files, grep_files]
[Structural invariant formulation / Invariant feedback: module_list_no_dead_ends_when_initialized / Code Explorer: What does the enableModule function in ModuleManager.sol do exactly — what checks does it perform and what state does it write, including the exact code for the authorized modifier?] at node: tools
[Structural invariant formulation / Invariant feedback: module_list_no_dead_ends_when_initialized / Code Explorer: What does the enableModule function in ModuleManager.sol do exactly — what checks does it perform and what state does it write, including the exact code for the authorized modifier?] at node: tool_result; tool calls: [get_file, get_file]
[Structural invariant formulation / Invariant feedback: module_list_no_dead_ends_when_initialized / Code Explorer: What does the enableModule function in ModuleManager.sol do exactly — what checks does it perform and what state does it write, including the exact code for the authorized modifier?] at node: tools
[Structural invariant formulation / Invariant feedback: module_list_no_dead_ends_when_initialized / Code Explorer: What does setupModules in ModuleManager.sol do exactly — what checks does it perform, what does it write to modules[SENTINEL_MODULES], and what is SENTINEL_MODULES defined as?] at node: initial; tool calls: [result]
[Structural invariant formulation / Invariant feedback: module_list_no_dead_ends_when_initialized / Code Explorer: What does setupModules in ModuleManager.sol do exactly — what checks does it perform, what does it write to modules[SENTINEL_MODULES], and what is SENTINEL_MODULES defined as?] at node: tools
[Structural invariant formulation / Invariant feedback: module_list_no_dead_ends_when_initialized / Code Explorer: What does setupModules in ModuleManager.sol do exactly — what checks does it perform, what does it write to modules[SENTINEL_MODULES], and what is SENTINEL_MODULES defined as?] end
[Structural invariant formulation / Invariant feedback: owner_list_sentinel_notnull_when_initialized] at node: tool_result; tool calls: [write_rough_draft]
[Structural invariant formulation / Invariant feedback: owner_list_sentinel_notnull_when_initialized] at node: tools
[Structural invariant formulation / Invariant feedback: owner_list_sentinel_notnull_when_initialized] at node: tool_result; tool calls: [read_rough_draft]
[Structural invariant formulation / Invariant feedback: owner_list_sentinel_notnull_when_initialized] at node: tools
[Structural invariant formulation / Invariant feedback: owner_list_sentinel_notnull_when_initialized] at node: tool_result; tool calls: [memory]
[Structural invariant formulation / Invariant feedback: owner_list_sentinel_notnull_when_initialized] at node: tools
[Structural invariant formulation / Invariant feedback: module_list_no_dead_ends_when_initialized / Code Explorer: What does the enableModule function in ModuleManager.sol do exactly — what checks does it perform and what state does it write, including the exact code for the authorized modifier?] at node: tool_result; tool calls: [result]
[Structural invariant formulation / Invariant feedback: module_list_no_dead_ends_when_initialized / Code Explorer: What does the enableModule function in ModuleManager.sol do exactly — what checks does it perform and what state does it write, including the exact code for the authorized modifier?] at node: tools
[Structural invariant formulation / Invariant feedback: module_list_no_dead_ends_when_initialized / Code Explorer: What does the enableModule function in ModuleManager.sol do exactly — what checks does it perform and what state does it write, including the exact code for the authorized modifier?] end
[Structural invariant formulation / Invariant feedback: module_list_no_dead_ends_when_initialized] at node: tools
[Structural invariant formulation / Invariant feedback: owner_list_sentinel_notnull_when_initialized] at node: tool_result; tool calls: [result]
[Structural invariant formulation / Invariant feedback: owner_list_sentinel_notnull_when_initialized] at node: tools
[Structural invariant formulation / Invariant feedback: owner_list_sentinel_notnull_when_initialized] end
[Structural invariant formulation / Invariant feedback: module_list_no_dead_ends_when_initialized] at node: tool_result; tool calls: [write_rough_draft]
[Structural invariant formulation / Invariant feedback: module_list_no_dead_ends_when_initialized] at node: tools
[Structural invariant formulation / Invariant feedback: module_list_no_dead_ends_when_initialized] at node: tool_result; tool calls: [read_rough_draft]
[Structural invariant formulation / Invariant feedback: module_list_no_dead_ends_when_initialized] at node: tools
[Structural invariant formulation / Invariant feedback: module_list_no_dead_ends_when_initialized] at node: tool_result; tool calls: [memory]
[Structural invariant formulation / Invariant feedback: module_list_no_dead_ends_when_initialized] at node: tools
[Structural invariant formulation / Invariant feedback: module_list_no_dead_ends_when_initialized] at node: tool_result; tool calls: [result]
[Structural invariant formulation / Invariant feedback: module_list_no_dead_ends_when_initialized] at node: tools
[Structural invariant formulation / Invariant feedback: module_list_no_dead_ends_when_initialized] end
[Structural invariant formulation] at node: tool_result; tool calls: [memory]
[Structural invariant formulation] at node: tools
[Structural invariant formulation] at node: tool_result; tool calls: [result]
[Structural invariant formulation] at node: tools
[Structural invariant formulation] at node: tool_result; tool calls: [invariant_feedback, invariant_feedback, invariant_feedback, invariant_feedback, invariant_feedback, invariant_feedback, invariant_feedback, invariant_feedback]
[Structural invariant formulation / Invariant feedback: threshold_at_most_ownerCount] start  (via tool: toolu_01J3efeuEKUbYrwLFVBcpjhK)
[Structural invariant formulation / Invariant feedback: threshold_and_ownerCount_both_zero_or_both_nonzero] start  (via tool: toolu_01UDNuk1i83zhzwie2mVay8k)
[Structural invariant formulation / Invariant feedback: owner_list_sentinel_notnull_when_initialized] start  (via tool: toolu_01N8mrgRg8jZqMVd93g4g7Qr)
[Structural invariant formulation / Invariant feedback: threshold_at_most_ownerCount] at node: initial; tool calls: [memory]
[Structural invariant formulation / Invariant feedback: threshold_at_most_ownerCount] at node: tools
[Structural invariant formulation / Invariant feedback: threshold_and_ownerCount_both_zero_or_both_nonzero] at node: initial; tool calls: [memory]
[Structural invariant formulation / Invariant feedback: threshold_and_ownerCount_both_zero_or_both_nonzero] at node: tools
[Structural invariant formulation / Invariant feedback: owner_list_sentinel_notnull_when_initialized] at node: initial; tool calls: [memory]
[Structural invariant formulation / Invariant feedback: owner_list_sentinel_notnull_when_initialized] at node: tools
[Structural invariant formulation / Invariant feedback: threshold_at_most_ownerCount] at node: tool_result; tool calls: [memory, memory]
[Structural invariant formulation / Invariant feedback: threshold_at_most_ownerCount] at node: tools
[Structural invariant formulation / Invariant feedback: threshold_and_ownerCount_both_zero_or_both_nonzero] at node: tool_result; tool calls: [memory, memory]
[Structural invariant formulation / Invariant feedback: threshold_and_ownerCount_both_zero_or_both_nonzero] at node: tools
[Structural invariant formulation / Invariant feedback: owner_list_sentinel_notnull_when_initialized] at node: tool_result; tool calls: [memory, memory]
[Structural invariant formulation / Invariant feedback: owner_list_sentinel_notnull_when_initialized] at node: tools
[Structural invariant formulation / Invariant feedback: threshold_at_most_ownerCount] at node: tool_result; tool calls: [code_explorer]
[Structural invariant formulation / Invariant feedback: threshold_at_most_ownerCount / Code Explorer: In OwnerManager.sol, what are the exact checks in setupOwners, addOwnerWithThreshold, removeOwner, and changeThreshold that relate to threshold and ownerCount? Specifically, what are the require/revert conditions?] start  (via tool: toolu_01TkXVhpdEG4ngGiPfmhbKG4)
[Structural invariant formulation / Invariant feedback: threshold_at_most_ownerCount / Code Explorer: In OwnerManager.sol, what are the exact checks in setupOwners, addOwnerWithThreshold, removeOwner, and changeThreshold that relate to threshold and ownerCount? Specifically, what are the require/revert conditions?] at node: initial; tool calls: [grep_files]
[Structural invariant formulation / Invariant feedback: threshold_at_most_ownerCount / Code Explorer: In OwnerManager.sol, what are the exact checks in setupOwners, addOwnerWithThreshold, removeOwner, and changeThreshold that relate to threshold and ownerCount? Specifically, what are the require/revert conditions?] at node: tools
[Structural invariant formulation / Invariant feedback: threshold_at_most_ownerCount / Code Explorer: In OwnerManager.sol, what are the exact checks in setupOwners, addOwnerWithThreshold, removeOwner, and changeThreshold that relate to threshold and ownerCount? Specifically, what are the require/revert conditions?] at node: tool_result; tool calls: [list_files]
[Structural invariant formulation / Invariant feedback: threshold_at_most_ownerCount / Code Explorer: In OwnerManager.sol, what are the exact checks in setupOwners, addOwnerWithThreshold, removeOwner, and changeThreshold that relate to threshold and ownerCount? Specifically, what are the require/revert conditions?] at node: tools
[Structural invariant formulation / Invariant feedback: threshold_at_most_ownerCount / Code Explorer: In OwnerManager.sol, what are the exact checks in setupOwners, addOwnerWithThreshold, removeOwner, and changeThreshold that relate to threshold and ownerCount? Specifically, what are the require/revert conditions?] at node: tool_result; tool calls: [get_file]
[Structural invariant formulation / Invariant feedback: threshold_at_most_ownerCount / Code Explorer: In OwnerManager.sol, what are the exact checks in setupOwners, addOwnerWithThreshold, removeOwner, and changeThreshold that relate to threshold and ownerCount? Specifically, what are the require/revert conditions?] at node: tools
[Structural invariant formulation / Invariant feedback: owner_list_sentinel_notnull_when_initialized] at node: tool_result; tool calls: [write_rough_draft]
[Structural invariant formulation / Invariant feedback: owner_list_sentinel_notnull_when_initialized] at node: tools
[Structural invariant formulation / Invariant feedback: owner_list_sentinel_notnull_when_initialized] at node: tool_result; tool calls: [read_rough_draft]
[Structural invariant formulation / Invariant feedback: owner_list_sentinel_notnull_when_initialized] at node: tools
[Structural invariant formulation / Invariant feedback: threshold_at_most_ownerCount / Code Explorer: In OwnerManager.sol, what are the exact checks in setupOwners, addOwnerWithThreshold, removeOwner, and changeThreshold that relate to threshold and ownerCount? Specifically, what are the require/revert conditions?] at node: tool_result; tool calls: [result]
[Structural invariant formulation / Invariant feedback: threshold_at_most_ownerCount / Code Explorer: In OwnerManager.sol, what are the exact checks in setupOwners, addOwnerWithThreshold, removeOwner, and changeThreshold that relate to threshold and ownerCount? Specifically, what are the require/revert conditions?] at node: tools
[Structural invariant formulation / Invariant feedback: threshold_at_most_ownerCount / Code Explorer: In OwnerManager.sol, what are the exact checks in setupOwners, addOwnerWithThreshold, removeOwner, and changeThreshold that relate to threshold and ownerCount? Specifically, what are the require/revert conditions?] end
[Structural invariant formulation / Invariant feedback: owner_list_sentinel_notnull_when_initialized] at node: tool_result; tool calls: [result]
[Structural invariant formulation / Invariant feedback: owner_list_sentinel_notnull_when_initialized] at node: tools
[Structural invariant formulation / Invariant feedback: owner_list_sentinel_notnull_when_initialized] end
[Structural invariant formulation / Invariant feedback: owner_list_no_dead_ends] start  (via tool: toolu_01WLofhpv3Dp6EAtiPv1Dy9d)
[Structural invariant formulation / Invariant feedback: threshold_at_most_ownerCount] at node: tools
[Structural invariant formulation / Invariant feedback: owner_list_no_dead_ends] at node: initial; tool calls: [memory]
[Structural invariant formulation / Invariant feedback: owner_list_no_dead_ends] at node: tools
[Structural invariant formulation / Invariant feedback: owner_list_no_dead_ends] at node: tool_result; tool calls: [memory, memory]
[Structural invariant formulation / Invariant feedback: owner_list_no_dead_ends] at node: tools
[Structural invariant formulation / Invariant feedback: threshold_and_ownerCount_both_zero_or_both_nonzero] at node: tool_result; tool calls: [write_rough_draft]
[Structural invariant formulation / Invariant feedback: threshold_and_ownerCount_both_zero_or_both_nonzero] at node: tools
[Structural invariant formulation / Invariant feedback: threshold_and_ownerCount_both_zero_or_both_nonzero] at node: tool_result; tool calls: [read_rough_draft]
[Structural invariant formulation / Invariant feedback: threshold_and_ownerCount_both_zero_or_both_nonzero] at node: tools
[Structural invariant formulation / Invariant feedback: threshold_and_ownerCount_both_zero_or_both_nonzero] at node: tool_result; tool calls: [memory]
[Structural invariant formulation / Invariant feedback: threshold_and_ownerCount_both_zero_or_both_nonzero] at node: tools
[Structural invariant formulation / Invariant feedback: threshold_at_most_ownerCount] at node: tool_result; tool calls: [write_rough_draft]
[Structural invariant formulation / Invariant feedback: threshold_at_most_ownerCount] at node: tools
[Structural invariant formulation / Invariant feedback: threshold_at_most_ownerCount] at node: tool_result; tool calls: [read_rough_draft]
[Structural invariant formulation / Invariant feedback: threshold_at_most_ownerCount] at node: tools
[Structural invariant formulation / Invariant feedback: threshold_and_ownerCount_both_zero_or_both_nonzero] at node: tool_result; tool calls: [result]
[Structural invariant formulation / Invariant feedback: threshold_and_ownerCount_both_zero_or_both_nonzero] at node: tools
[Structural invariant formulation / Invariant feedback: threshold_and_ownerCount_both_zero_or_both_nonzero] end
[Structural invariant formulation / Invariant feedback: module_list_initialized_when_safe_initialized] start  (via tool: toolu_01Hy5Mwkdm2zT7Vz1qfxeuiZ)
[Structural invariant formulation / Invariant feedback: module_list_initialized_when_safe_initialized] at node: initial; tool calls: [memory]
[Structural invariant formulation / Invariant feedback: module_list_initialized_when_safe_initialized] at node: tools
[Structural invariant formulation / Invariant feedback: threshold_at_most_ownerCount] at node: tool_result; tool calls: [memory]
[Structural invariant formulation / Invariant feedback: threshold_at_most_ownerCount] at node: tools
[Structural invariant formulation / Invariant feedback: module_list_initialized_when_safe_initialized] at node: tool_result; tool calls: [memory, memory]
[Structural invariant formulation / Invariant feedback: module_list_initialized_when_safe_initialized] at node: tools
[Structural invariant formulation / Invariant feedback: threshold_at_most_ownerCount] at node: tool_result; tool calls: [result]
[Structural invariant formulation / Invariant feedback: threshold_at_most_ownerCount] at node: tools
[Structural invariant formulation / Invariant feedback: threshold_at_most_ownerCount] end
[Structural invariant formulation / Invariant feedback: zero_address_not_an_owner] start  (via tool: toolu_017NDk5TbKFeLvYLqyDnCKTm)
[Structural invariant formulation / Invariant feedback: zero_address_not_an_owner] at node: initial; tool calls: [memory]
[Structural invariant formulation / Invariant feedback: zero_address_not_an_owner] at node: tools
[Structural invariant formulation / Invariant feedback: zero_address_not_an_owner] at node: tool_result; tool calls: [memory, memory]
[Structural invariant formulation / Invariant feedback: zero_address_not_an_owner] at node: tools
[Structural invariant formulation / Invariant feedback: zero_address_not_an_owner] at node: tool_result; tool calls: [write_rough_draft]
[Structural invariant formulation / Invariant feedback: zero_address_not_an_owner] at node: tools
[Structural invariant formulation / Invariant feedback: zero_address_not_an_owner] at node: tool_result; tool calls: [read_rough_draft]
[Structural invariant formulation / Invariant feedback: zero_address_not_an_owner] at node: tools
[Structural invariant formulation / Invariant feedback: module_list_initialized_when_safe_initialized] at node: tool_result; tool calls: [write_rough_draft]
[Structural invariant formulation / Invariant feedback: module_list_initialized_when_safe_initialized] at node: tools
[Structural invariant formulation / Invariant feedback: module_list_initialized_when_safe_initialized] at node: tool_result; tool calls: [read_rough_draft]
[Structural invariant formulation / Invariant feedback: module_list_initialized_when_safe_initialized] at node: tools
[Structural invariant formulation / Invariant feedback: zero_address_not_an_owner] at node: tool_result; tool calls: [result]
[Structural invariant formulation / Invariant feedback: zero_address_not_an_owner] at node: tools
[Structural invariant formulation / Invariant feedback: zero_address_not_an_owner] end
[Structural invariant formulation / Invariant feedback: zero_address_not_an_enabled_module] start  (via tool: toolu_01YUhN3F9ggeoovPAmSWr5da)
[Structural invariant formulation / Invariant feedback: zero_address_not_an_enabled_module] at node: initial; tool calls: [memory]
[Structural invariant formulation / Invariant feedback: zero_address_not_an_enabled_module] at node: tools
[Structural invariant formulation / Invariant feedback: zero_address_not_an_enabled_module] at node: tool_result; tool calls: [memory, memory]
[Structural invariant formulation / Invariant feedback: zero_address_not_an_enabled_module] at node: tools
[Structural invariant formulation / Invariant feedback: module_list_initialized_when_safe_initialized] at node: tool_result; tool calls: [result]
[Structural invariant formulation / Invariant feedback: module_list_initialized_when_safe_initialized] at node: tools
[Structural invariant formulation / Invariant feedback: module_list_initialized_when_safe_initialized] end
[Structural invariant formulation / Invariant feedback: fallback_handler_not_this_address] start  (via tool: toolu_01Wr4ckoi8qsZnpnXsUYeDxW)
[Structural invariant formulation / Invariant feedback: fallback_handler_not_this_address] at node: initial; tool calls: [memory]
[Structural invariant formulation / Invariant feedback: fallback_handler_not_this_address] at node: tools
[Structural invariant formulation / Invariant feedback: fallback_handler_not_this_address] at node: tool_result; tool calls: [memory, memory]
[Structural invariant formulation / Invariant feedback: fallback_handler_not_this_address] at node: tools
[Structural invariant formulation / Invariant feedback: zero_address_not_an_enabled_module] at node: tool_result; tool calls: [write_rough_draft]
[Structural invariant formulation / Invariant feedback: zero_address_not_an_enabled_module] at node: tools
[Structural invariant formulation / Invariant feedback: zero_address_not_an_enabled_module] at node: tool_result; tool calls: [read_rough_draft]
[Structural invariant formulation / Invariant feedback: zero_address_not_an_enabled_module] at node: tools
[Structural invariant formulation / Invariant feedback: fallback_handler_not_this_address] at node: tool_result; tool calls: [write_rough_draft]
[Structural invariant formulation / Invariant feedback: fallback_handler_not_this_address] at node: tools
[Structural invariant formulation / Invariant feedback: fallback_handler_not_this_address] at node: tool_result; tool calls: [read_rough_draft]
[Structural invariant formulation / Invariant feedback: fallback_handler_not_this_address] at node: tools
[Structural invariant formulation / Invariant feedback: zero_address_not_an_enabled_module] at node: tool_result; tool calls: [result]
[Structural invariant formulation / Invariant feedback: zero_address_not_an_enabled_module] at node: tools
[Structural invariant formulation / Invariant feedback: zero_address_not_an_enabled_module] end
[Structural invariant formulation / Invariant feedback: fallback_handler_not_this_address] at node: tool_result; tool calls: [result]
[Structural invariant formulation / Invariant feedback: fallback_handler_not_this_address] at node: tools
[Structural invariant formulation / Invariant feedback: fallback_handler_not_this_address] end
[Structural invariant formulation / Invariant feedback: owner_list_no_dead_ends] at node: tool_result; tool calls: [code_explorer]
[Structural invariant formulation / Invariant feedback: owner_list_no_dead_ends / Code Explorer: In OwnerManager.sol, what exactly does addOwnerWithThreshold do step by step? Specifically: (1) what does the authorized modifier check, (2) what does requireCanAddOwner check, (3) what is the exact sequence of state writes to the owners mapping? Does it check that owners[SENTINEL_OWNERS] is non-zero before writing owners[newOwner] = owners[SENTINEL_OWNERS]?] start  (via tool: toolu_01BsLgK4dUXATiDhmnxbvSUU)
[Structural invariant formulation / Invariant feedback: owner_list_no_dead_ends / Code Explorer: In OwnerManager.sol, what exactly does addOwnerWithThreshold do step by step? Specifically: (1) what does the authorized modifier check, (2) what does requireCanAddOwner check, (3) what is the exact sequence of state writes to the owners mapping? Does it check that owners[SENTINEL_OWNERS] is non-zero before writing owners[newOwner] = owners[SENTINEL_OWNERS]?] at node: initial; tool calls: [grep_files]
[Structural invariant formulation / Invariant feedback: owner_list_no_dead_ends / Code Explorer: In OwnerManager.sol, what exactly does addOwnerWithThreshold do step by step? Specifically: (1) what does the authorized modifier check, (2) what does requireCanAddOwner check, (3) what is the exact sequence of state writes to the owners mapping? Does it check that owners[SENTINEL_OWNERS] is non-zero before writing owners[newOwner] = owners[SENTINEL_OWNERS]?] at node: tools
[Structural invariant formulation / Invariant feedback: owner_list_no_dead_ends / Code Explorer: In OwnerManager.sol, what exactly does addOwnerWithThreshold do step by step? Specifically: (1) what does the authorized modifier check, (2) what does requireCanAddOwner check, (3) what is the exact sequence of state writes to the owners mapping? Does it check that owners[SENTINEL_OWNERS] is non-zero before writing owners[newOwner] = owners[SENTINEL_OWNERS]?] at node: tool_result; tool calls: [get_file]
[Structural invariant formulation / Invariant feedback: owner_list_no_dead_ends / Code Explorer: In OwnerManager.sol, what exactly does addOwnerWithThreshold do step by step? Specifically: (1) what does the authorized modifier check, (2) what does requireCanAddOwner check, (3) what is the exact sequence of state writes to the owners mapping? Does it check that owners[SENTINEL_OWNERS] is non-zero before writing owners[newOwner] = owners[SENTINEL_OWNERS]?] at node: tools
[Structural invariant formulation / Invariant feedback: owner_list_no_dead_ends / Code Explorer: In OwnerManager.sol, what exactly does addOwnerWithThreshold do step by step? Specifically: (1) what does the authorized modifier check, (2) what does requireCanAddOwner check, (3) what is the exact sequence of state writes to the owners mapping? Does it check that owners[SENTINEL_OWNERS] is non-zero before writing owners[newOwner] = owners[SENTINEL_OWNERS]?] at node: tool_result; tool calls: [get_file]
[Structural invariant formulation / Invariant feedback: owner_list_no_dead_ends / Code Explorer: In OwnerManager.sol, what exactly does addOwnerWithThreshold do step by step? Specifically: (1) what does the authorized modifier check, (2) what does requireCanAddOwner check, (3) what is the exact sequence of state writes to the owners mapping? Does it check that owners[SENTINEL_OWNERS] is non-zero before writing owners[newOwner] = owners[SENTINEL_OWNERS]?] at node: tools
[Structural invariant formulation / Invariant feedback: owner_list_no_dead_ends / Code Explorer: In OwnerManager.sol, what exactly does addOwnerWithThreshold do step by step? Specifically: (1) what does the authorized modifier check, (2) what does requireCanAddOwner check, (3) what is the exact sequence of state writes to the owners mapping? Does it check that owners[SENTINEL_OWNERS] is non-zero before writing owners[newOwner] = owners[SENTINEL_OWNERS]?] at node: tool_result; tool calls: [result]
[Structural invariant formulation / Invariant feedback: owner_list_no_dead_ends / Code Explorer: In OwnerManager.sol, what exactly does addOwnerWithThreshold do step by step? Specifically: (1) what does the authorized modifier check, (2) what does requireCanAddOwner check, (3) what is the exact sequence of state writes to the owners mapping? Does it check that owners[SENTINEL_OWNERS] is non-zero before writing owners[newOwner] = owners[SENTINEL_OWNERS]?] at node: tools
[Structural invariant formulation / Invariant feedback: owner_list_no_dead_ends / Code Explorer: In OwnerManager.sol, what exactly does addOwnerWithThreshold do step by step? Specifically: (1) what does the authorized modifier check, (2) what does requireCanAddOwner check, (3) what is the exact sequence of state writes to the owners mapping? Does it check that owners[SENTINEL_OWNERS] is non-zero before writing owners[newOwner] = owners[SENTINEL_OWNERS]?] end
[Structural invariant formulation / Invariant feedback: owner_list_no_dead_ends] at node: tools
[Structural invariant formulation / Invariant feedback: owner_list_no_dead_ends] at node: tool_result; tool calls: [code_explorer, code_explorer]
[Structural invariant formulation / Invariant feedback: owner_list_no_dead_ends / Code Explorer: In OwnerManager.sol, what does setupOwners do? What does removeOwner do step by step with respect to the owners mapping? What does swapOwner do step by step?] start  (via tool: toolu_01PQzsuxbQATgvnKtAVbh6TE)
[Structural invariant formulation / Invariant feedback: owner_list_no_dead_ends / Code Explorer: In OwnerManager.sol, what is the value of SENTINEL_OWNERS? After setupOwners is called with a list of N owners, what does the owners mapping look like (what is the circular structure)? Is it truly circular back to SENTINEL_OWNERS?] start  (via tool: toolu_01LeNsuAKxSJ3BKGHBEX6H8D)
[Structural invariant formulation / Invariant feedback: owner_list_no_dead_ends / Code Explorer: In OwnerManager.sol, what does setupOwners do? What does removeOwner do step by step with respect to the owners mapping? What does swapOwner do step by step?] at node: initial; tool calls: [grep_files, grep_files]
[Structural invariant formulation / Invariant feedback: owner_list_no_dead_ends / Code Explorer: In OwnerManager.sol, what does setupOwners do? What does removeOwner do step by step with respect to the owners mapping? What does swapOwner do step by step?] at node: tools
[Structural invariant formulation / Invariant feedback: owner_list_no_dead_ends / Code Explorer: In OwnerManager.sol, what does setupOwners do? What does removeOwner do step by step with respect to the owners mapping? What does swapOwner do step by step?] at node: tool_result; tool calls: [get_file]
[Structural invariant formulation / Invariant feedback: owner_list_no_dead_ends / Code Explorer: In OwnerManager.sol, what does setupOwners do? What does removeOwner do step by step with respect to the owners mapping? What does swapOwner do step by step?] at node: tools
[Structural invariant formulation / Invariant feedback: owner_list_no_dead_ends / Code Explorer: In OwnerManager.sol, what is the value of SENTINEL_OWNERS? After setupOwners is called with a list of N owners, what does the owners mapping look like (what is the circular structure)? Is it truly circular back to SENTINEL_OWNERS?] at node: initial; tool calls: [result]
[Structural invariant formulation / Invariant feedback: owner_list_no_dead_ends / Code Explorer: In OwnerManager.sol, what is the value of SENTINEL_OWNERS? After setupOwners is called with a list of N owners, what does the owners mapping look like (what is the circular structure)? Is it truly circular back to SENTINEL_OWNERS?] at node: tools
[Structural invariant formulation / Invariant feedback: owner_list_no_dead_ends / Code Explorer: In OwnerManager.sol, what is the value of SENTINEL_OWNERS? After setupOwners is called with a list of N owners, what does the owners mapping look like (what is the circular structure)? Is it truly circular back to SENTINEL_OWNERS?] end
[Structural invariant formulation / Invariant feedback: owner_list_no_dead_ends / Code Explorer: In OwnerManager.sol, what does setupOwners do? What does removeOwner do step by step with respect to the owners mapping? What does swapOwner do step by step?] at node: tool_result; tool calls: [result]
[Structural invariant formulation / Invariant feedback: owner_list_no_dead_ends / Code Explorer: In OwnerManager.sol, what does setupOwners do? What does removeOwner do step by step with respect to the owners mapping? What does swapOwner do step by step?] at node: tools
[Structural invariant formulation / Invariant feedback: owner_list_no_dead_ends / Code Explorer: In OwnerManager.sol, what does setupOwners do? What does removeOwner do step by step with respect to the owners mapping? What does swapOwner do step by step?] end
[Structural invariant formulation / Invariant feedback: owner_list_no_dead_ends] at node: tools
[Structural invariant formulation / Invariant feedback: owner_list_no_dead_ends] at node: tool_result; tool calls: [write_rough_draft]
[Structural invariant formulation / Invariant feedback: owner_list_no_dead_ends] at node: tools
[Structural invariant formulation / Invariant feedback: owner_list_no_dead_ends] at node: tool_result; tool calls: [read_rough_draft]
[Structural invariant formulation / Invariant feedback: owner_list_no_dead_ends] at node: tools
[Structural invariant formulation / Invariant feedback: owner_list_no_dead_ends] at node: tool_result; tool calls: [memory]
[Structural invariant formulation / Invariant feedback: owner_list_no_dead_ends] at node: tools
[Structural invariant formulation / Invariant feedback: owner_list_no_dead_ends] at node: tool_result; tool calls: [result]
[Structural invariant formulation / Invariant feedback: owner_list_no_dead_ends] at node: tools
[Structural invariant formulation / Invariant feedback: owner_list_no_dead_ends] end
[Structural invariant formulation] at node: summarize
[Structural invariant formulation] at node: tool_result; tool calls: [memory]
[Structural invariant formulation] at node: tools
[Structural invariant formulation] at node: tool_result; tool calls: [result]
[Structural invariant formulation] at node: tools
[Structural invariant formulation] at node: tool_result; tool calls: [memory]
[Structural invariant formulation] at node: tools
[Structural invariant formulation] at node: tool_result; tool calls: [invariant_feedback, invariant_feedback, invariant_feedback, invariant_feedback, invariant_feedback, invariant_feedback, invariant_feedback, invariant_feedback]
[Structural invariant formulation / Invariant feedback: threshold_at_most_ownerCount] start  (via tool: toolu_01FBnR9yia6QVgychcruoM61)
[Structural invariant formulation / Invariant feedback: threshold_and_ownerCount_both_zero_or_both_nonzero] start  (via tool: toolu_01FS9DXeKD8oD3LtuyqGDYqD)
[Structural invariant formulation / Invariant feedback: owner_list_no_dead_ends] start  (via tool: toolu_01XxbJvEkJXsSSA9fEqsJGsC)
[Structural invariant formulation / Invariant feedback: threshold_at_most_ownerCount] at node: initial; tool calls: [memory]
[Structural invariant formulation / Invariant feedback: threshold_at_most_ownerCount] at node: tools
[Structural invariant formulation / Invariant feedback: owner_list_no_dead_ends] at node: initial; tool calls: [memory]
[Structural invariant formulation / Invariant feedback: owner_list_no_dead_ends] at node: tools
[Structural invariant formulation / Invariant feedback: threshold_and_ownerCount_both_zero_or_both_nonzero] at node: initial; tool calls: [memory]
[Structural invariant formulation / Invariant feedback: threshold_and_ownerCount_both_zero_or_both_nonzero] at node: tools
[Structural invariant formulation / Invariant feedback: threshold_at_most_ownerCount] at node: tool_result; tool calls: [memory, memory]
[Structural invariant formulation / Invariant feedback: threshold_at_most_ownerCount] at node: tools
[Structural invariant formulation / Invariant feedback: owner_list_no_dead_ends] at node: tool_result; tool calls: [memory, memory]
[Structural invariant formulation / Invariant feedback: owner_list_no_dead_ends] at node: tools
[Structural invariant formulation / Invariant feedback: threshold_and_ownerCount_both_zero_or_both_nonzero] at node: tool_result; tool calls: [memory, memory]
[Structural invariant formulation / Invariant feedback: threshold_and_ownerCount_both_zero_or_both_nonzero] at node: tools
[Structural invariant formulation / Invariant feedback: threshold_at_most_ownerCount] at node: tool_result; tool calls: [write_rough_draft]
[Structural invariant formulation / Invariant feedback: threshold_at_most_ownerCount] at node: tools
[Structural invariant formulation / Invariant feedback: threshold_at_most_ownerCount] at node: tool_result; tool calls: [read_rough_draft]
[Structural invariant formulation / Invariant feedback: threshold_at_most_ownerCount] at node: tools
[Structural invariant formulation / Invariant feedback: threshold_at_most_ownerCount] at node: tool_result; tool calls: [result]
[Structural invariant formulation / Invariant feedback: threshold_at_most_ownerCount] at node: tools
[Structural invariant formulation / Invariant feedback: threshold_at_most_ownerCount] end
[Structural invariant formulation / Invariant feedback: owner_list_sentinel_notnull_when_initialized] start  (via tool: toolu_01WNjZ29uH2x1wseHeyWcGsV)
[Structural invariant formulation / Invariant feedback: owner_list_no_dead_ends] at node: tool_result; tool calls: [write_rough_draft]
[Structural invariant formulation / Invariant feedback: owner_list_no_dead_ends] at node: tools
[Structural invariant formulation / Invariant feedback: owner_list_no_dead_ends] at node: tool_result; tool calls: [read_rough_draft]
[Structural invariant formulation / Invariant feedback: owner_list_no_dead_ends] at node: tools
[Structural invariant formulation / Invariant feedback: owner_list_sentinel_notnull_when_initialized] at node: initial; tool calls: [memory]
[Structural invariant formulation / Invariant feedback: owner_list_sentinel_notnull_when_initialized] at node: tools
[Structural invariant formulation / Invariant feedback: threshold_and_ownerCount_both_zero_or_both_nonzero] at node: tool_result; tool calls: [write_rough_draft]
[Structural invariant formulation / Invariant feedback: threshold_and_ownerCount_both_zero_or_both_nonzero] at node: tools
[Structural invariant formulation / Invariant feedback: threshold_and_ownerCount_both_zero_or_both_nonzero] at node: tool_result; tool calls: [read_rough_draft]
[Structural invariant formulation / Invariant feedback: threshold_and_ownerCount_both_zero_or_both_nonzero] at node: tools
[Structural invariant formulation / Invariant feedback: owner_list_sentinel_notnull_when_initialized] at node: tool_result; tool calls: [memory, memory]
[Structural invariant formulation / Invariant feedback: owner_list_sentinel_notnull_when_initialized] at node: tools
[Structural invariant formulation / Invariant feedback: owner_list_no_dead_ends] at node: tool_result; tool calls: [result]
[Structural invariant formulation / Invariant feedback: owner_list_no_dead_ends] at node: tools
[Structural invariant formulation / Invariant feedback: owner_list_no_dead_ends] end
[Structural invariant formulation / Invariant feedback: module_list_initialized_when_safe_initialized] start  (via tool: toolu_019xULDX9QWfwzxdmhTcyyrK)
[Structural invariant formulation / Invariant feedback: module_list_initialized_when_safe_initialized] at node: initial; tool calls: [memory]
[Structural invariant formulation / Invariant feedback: module_list_initialized_when_safe_initialized] at node: tools
[Structural invariant formulation / Invariant feedback: threshold_and_ownerCount_both_zero_or_both_nonzero] at node: tool_result; tool calls: [result]
[Structural invariant formulation / Invariant feedback: threshold_and_ownerCount_both_zero_or_both_nonzero] at node: tools
[Structural invariant formulation / Invariant feedback: threshold_and_ownerCount_both_zero_or_both_nonzero] end
[Structural invariant formulation / Invariant feedback: zero_address_not_an_owner] start  (via tool: toolu_01X4bf8mYis4cu7vfeGSWD2q)
[Structural invariant formulation / Invariant feedback: zero_address_not_an_owner] at node: initial; tool calls: [memory]
[Structural invariant formulation / Invariant feedback: zero_address_not_an_owner] at node: tools
[Structural invariant formulation / Invariant feedback: module_list_initialized_when_safe_initialized] at node: tool_result; tool calls: [memory, memory]
[Structural invariant formulation / Invariant feedback: module_list_initialized_when_safe_initialized] at node: tools
[Structural invariant formulation / Invariant feedback: zero_address_not_an_owner] at node: tool_result; tool calls: [memory, memory]
[Structural invariant formulation / Invariant feedback: zero_address_not_an_owner] at node: tools
[Structural invariant formulation / Invariant feedback: owner_list_sentinel_notnull_when_initialized] at node: tool_result; tool calls: [write_rough_draft]
[Structural invariant formulation / Invariant feedback: owner_list_sentinel_notnull_when_initialized] at node: tools
[Structural invariant formulation / Invariant feedback: module_list_initialized_when_safe_initialized] at node: tool_result; tool calls: [write_rough_draft]
[Structural invariant formulation / Invariant feedback: module_list_initialized_when_safe_initialized] at node: tools
[Structural invariant formulation / Invariant feedback: zero_address_not_an_owner] at node: tool_result; tool calls: [write_rough_draft]
[Structural invariant formulation / Invariant feedback: zero_address_not_an_owner] at node: tools
[Structural invariant formulation / Invariant feedback: owner_list_sentinel_notnull_when_initialized] at node: tool_result; tool calls: [read_rough_draft]
[Structural invariant formulation / Invariant feedback: owner_list_sentinel_notnull_when_initialized] at node: tools
[Structural invariant formulation / Invariant feedback: module_list_initialized_when_safe_initialized] at node: tool_result; tool calls: [read_rough_draft]
[Structural invariant formulation / Invariant feedback: module_list_initialized_when_safe_initialized] at node: tools
[Structural invariant formulation / Invariant feedback: zero_address_not_an_owner] at node: tool_result; tool calls: [read_rough_draft]
[Structural invariant formulation / Invariant feedback: zero_address_not_an_owner] at node: tools
[Structural invariant formulation / Invariant feedback: module_list_initialized_when_safe_initialized] at node: tool_result; tool calls: [result]
[Structural invariant formulation / Invariant feedback: module_list_initialized_when_safe_initialized] at node: tools
[Structural invariant formulation / Invariant feedback: module_list_initialized_when_safe_initialized] end
[Structural invariant formulation / Invariant feedback: zero_address_not_an_enabled_module] start  (via tool: toolu_0112ci8uQLC85hQg4zPsKYeb)
[Structural invariant formulation / Invariant feedback: owner_list_sentinel_notnull_when_initialized] at node: tool_result; tool calls: [result]
[Structural invariant formulation / Invariant feedback: owner_list_sentinel_notnull_when_initialized] at node: tools
[Structural invariant formulation / Invariant feedback: owner_list_sentinel_notnull_when_initialized] end
[Structural invariant formulation / Invariant feedback: fallback_handler_not_this_address] start  (via tool: toolu_01P9B4amuoNuqYXwJ3pCiFno)
[Structural invariant formulation / Invariant feedback: zero_address_not_an_enabled_module] at node: initial; tool calls: [memory]
[Structural invariant formulation / Invariant feedback: zero_address_not_an_enabled_module] at node: tools
[Structural invariant formulation / Invariant feedback: zero_address_not_an_owner] at node: tool_result; tool calls: [result]
[Structural invariant formulation / Invariant feedback: zero_address_not_an_owner] at node: tools
[Structural invariant formulation / Invariant feedback: zero_address_not_an_owner] end
[Structural invariant formulation / Invariant feedback: fallback_handler_not_this_address] at node: initial; tool calls: [memory]
[Structural invariant formulation / Invariant feedback: fallback_handler_not_this_address] at node: tools
[Structural invariant formulation / Invariant feedback: zero_address_not_an_enabled_module] at node: tool_result; tool calls: [memory, memory]
[Structural invariant formulation / Invariant feedback: zero_address_not_an_enabled_module] at node: tools
[Structural invariant formulation / Invariant feedback: fallback_handler_not_this_address] at node: tool_result; tool calls: [memory, memory]
[Structural invariant formulation / Invariant feedback: fallback_handler_not_this_address] at node: tools
[Structural invariant formulation / Invariant feedback: fallback_handler_not_this_address] at node: tool_result; tool calls: [write_rough_draft]
[Structural invariant formulation / Invariant feedback: fallback_handler_not_this_address] at node: tools
[Structural invariant formulation / Invariant feedback: fallback_handler_not_this_address] at node: tool_result; tool calls: [read_rough_draft]
[Structural invariant formulation / Invariant feedback: fallback_handler_not_this_address] at node: tools
[Structural invariant formulation / Invariant feedback: zero_address_not_an_enabled_module] at node: tool_result; tool calls: [write_rough_draft]
[Structural invariant formulation / Invariant feedback: zero_address_not_an_enabled_module] at node: tools
[Structural invariant formulation / Invariant feedback: zero_address_not_an_enabled_module] at node: tool_result; tool calls: [read_rough_draft]
[Structural invariant formulation / Invariant feedback: zero_address_not_an_enabled_module] at node: tools
[Structural invariant formulation / Invariant feedback: fallback_handler_not_this_address] at node: tool_result; tool calls: [result]
[Structural invariant formulation / Invariant feedback: fallback_handler_not_this_address] at node: tools
[Structural invariant formulation / Invariant feedback: fallback_handler_not_this_address] end
[Structural invariant formulation / Invariant feedback: zero_address_not_an_enabled_module] at node: tool_result; tool calls: [result]
[Structural invariant formulation / Invariant feedback: zero_address_not_an_enabled_module] at node: tools
[Structural invariant formulation / Invariant feedback: zero_address_not_an_enabled_module] end
[Structural invariant formulation] at node: tool_result; tool calls: [result]
[Structural invariant formulation] at node: tools
[Structural invariant formulation] end
[Structural Invariants] ✓ done

────────────────────────────────────────────────────────────
Phase: Invariant CVL
────────────────────────────────────────────────────────────
[Structural invariant CVL (inductive-invariant-proposing-cleanly)] start
[Structural invariant CVL (inductive-invariant-proposing-cleanly)] at node: initial; tool calls: [memory]
[Structural invariant CVL (inductive-invariant-proposing-cleanly)] at node: tools
[Structural invariant CVL (inductive-invariant-proposing-cleanly)] at node: tool_result; tool calls: [list_files]
[Structural invariant CVL (inductive-invariant-proposing-cleanly)] at node: tools
[Structural invariant CVL (inductive-invariant-proposing-cleanly)] at node: tool_result; tool calls: [get_file, get_file]
[Structural invariant CVL (inductive-invariant-proposing-cleanly)] at node: tools
[Structural invariant CVL (inductive-invariant-proposing-cleanly)] at node: tool_result; tool calls: [get_file, get_file]
[Structural invariant CVL (inductive-invariant-proposing-cleanly)] at node: tools
[Structural invariant CVL (inductive-invariant-proposing-cleanly)] at node: tool_result; tool calls: [get_file, get_file]
[Structural invariant CVL (inductive-invariant-proposing-cleanly)] at node: tools
[Structural invariant CVL (inductive-invariant-proposing-cleanly)] at node: tool_result; tool calls: [get_file, get_file]
[Structural invariant CVL (inductive-invariant-proposing-cleanly)] at node: tools
[Structural invariant CVL (inductive-invariant-proposing-cleanly)] at node: tool_result; tool calls: [get_file, get_file]
[Structural invariant CVL (inductive-invariant-proposing-cleanly)] at node: tools
[Structural invariant CVL (inductive-invariant-proposing-cleanly)] at node: tool_result; tool calls: [get_file]
[Structural invariant CVL (inductive-invariant-proposing-cleanly)] at node: tools
[Structural invariant CVL (inductive-invariant-proposing-cleanly)] at node: tool_result; tool calls: [get_file, get_file]
[Structural invariant CVL (inductive-invariant-proposing-cleanly)] at node: tools
[Structural invariant CVL (inductive-invariant-proposing-cleanly)] at node: tool_result; tool calls: [get_file, get_file]
[Structural invariant CVL (inductive-invariant-proposing-cleanly)] at node: tools
[Structural invariant CVL (inductive-invariant-proposing-cleanly)] at node: tool_result; tool calls: [get_file]
[Structural invariant CVL (inductive-invariant-proposing-cleanly)] at node: tools
[Structural invariant CVL (inductive-invariant-proposing-cleanly)] at node: tool_result; tool calls: [get_file, get_file]
[Structural invariant CVL (inductive-invariant-proposing-cleanly)] at node: tools
[Structural invariant CVL (inductive-invariant-proposing-cleanly)] at node: tool_result; tool calls: [get_file]
[Structural invariant CVL (inductive-invariant-proposing-cleanly)] at node: tools
[Structural invariant CVL (inductive-invariant-proposing-cleanly)] at node: tool_result; tool calls: [cvl_research, cvl_research]
[Structural invariant CVL (inductive-invariant-proposing-cleanly) / CVL Researcher] start  (via tool: toolu_01LYfbNVrJ8YLHeZdSRPLqbR)
[Structural invariant CVL (inductive-invariant-proposing-cleanly) / CVL Researcher] start  (via tool: toolu_01CdSRLJEFt7G3kuVdiJnBKx)
[Structural invariant CVL (inductive-invariant-proposing-cleanly) / CVL Researcher] at node: initial; tool calls: [write_rough_draft]
[Structural invariant CVL (inductive-invariant-proposing-cleanly) / CVL Researcher] at node: tools
[Structural invariant CVL (inductive-invariant-proposing-cleanly) / CVL Researcher] at node: tool_result; tool calls: [read_rough_draft]
[Structural invariant CVL (inductive-invariant-proposing-cleanly) / CVL Researcher] at node: tools
[Structural invariant CVL (inductive-invariant-proposing-cleanly) / CVL Researcher] at node: initial; tool calls: [write_rough_draft]
[Structural invariant CVL (inductive-invariant-proposing-cleanly) / CVL Researcher] at node: tools
[Structural invariant CVL (inductive-invariant-proposing-cleanly) / CVL Researcher] at node: tool_result; tool calls: [read_rough_draft]
[Structural invariant CVL (inductive-invariant-proposing-cleanly) / CVL Researcher] at node: tools
[Structural invariant CVL (inductive-invariant-proposing-cleanly) / CVL Researcher] at node: tool_result; tool calls: [result]
[Structural invariant CVL (inductive-invariant-proposing-cleanly) / CVL Researcher] at node: tools
[Structural invariant CVL (inductive-invariant-proposing-cleanly) / CVL Researcher] end
[Structural invariant CVL (inductive-invariant-proposing-cleanly) / CVL Researcher] at node: tool_result; tool calls: [result]
[Structural invariant CVL (inductive-invariant-proposing-cleanly) / CVL Researcher] at node: tools
[Structural invariant CVL (inductive-invariant-proposing-cleanly) / CVL Researcher] end
[Structural invariant CVL (inductive-invariant-proposing-cleanly)] at node: tools
[Structural invariant CVL (inductive-invariant-proposing-cleanly)] at node: tool_result; tool calls: [grep_files]
[Structural invariant CVL (inductive-invariant-proposing-cleanly)] at node: tools
[Structural invariant CVL (inductive-invariant-proposing-cleanly)] at node: tool_result; tool calls: [get_file]
[Structural invariant CVL (inductive-invariant-proposing-cleanly)] at node: tools
[Structural invariant CVL (inductive-invariant-proposing-cleanly)] at node: tool_result; tool calls: [get_file, get_file]
[Structural invariant CVL (inductive-invariant-proposing-cleanly)] at node: tools
[Structural invariant CVL (inductive-invariant-proposing-cleanly)] at node: tool_result; tool calls: [get_file]
[Structural invariant CVL (inductive-invariant-proposing-cleanly)] at node: tools
[Structural invariant CVL (inductive-invariant-proposing-cleanly)] at node: tool_result; tool calls: [unresolved_call_guidance]
[Structural invariant CVL (inductive-invariant-proposing-cleanly)] at node: tools
[Structural invariant CVL (inductive-invariant-proposing-cleanly)] at node: tool_result; tool calls: [memory]
[Structural invariant CVL (inductive-invariant-proposing-cleanly)] at node: tools
[Structural invariant CVL (inductive-invariant-proposing-cleanly)] at node: tool_result; tool calls: [put_cvl_raw]
[Structural invariant CVL (inductive-invariant-proposing-cleanly)] at node: tools
[Structural invariant CVL (inductive-invariant-proposing-cleanly)] at node: tool_result; tool calls: [get_cvl]
[Structural invariant CVL (inductive-invariant-proposing-cleanly)] at node: tools
[Structural invariant CVL (inductive-invariant-proposing-cleanly)] at node: tool_result; tool calls: [feedback_tool]
[Structural invariant CVL (inductive-invariant-proposing-cleanly) / Property feedback judge] start  (via tool: toolu_01WwRaZ31BTyN4649cpzrHCX)
[Structural invariant CVL (inductive-invariant-proposing-cleanly) / Property feedback judge] at node: initial; tool calls: [memory]
[Structural invariant CVL (inductive-invariant-proposing-cleanly) / Property feedback judge] at node: tools
[Structural invariant CVL (inductive-invariant-proposing-cleanly) / Property feedback judge] at node: tool_result; tool calls: [get_cvl, list_files]
[Structural invariant CVL (inductive-invariant-proposing-cleanly) / Property feedback judge] at node: tools
[Structural invariant CVL (inductive-invariant-proposing-cleanly) / Property feedback judge] at node: tool_result; tool calls: [code_explorer, get_file]
[Structural invariant CVL (inductive-invariant-proposing-cleanly) / Property feedback judge / Code Explorer: What are the storage variables `threshold`, `ownerCount`, `owners`, `modules` in the Safe contract? Where are they defined and what are their types?] start  (via tool: toolu_01Da4Xj3UbCU3pRsxjE6zvPj)
[Structural invariant CVL (inductive-invariant-proposing-cleanly) / Property feedback judge / Code Explorer: What are the storage variables `threshold`, `ownerCount`, `owners`, `modules` in the Safe contract? Where are they defined and what are their types?] at node: initial; tool calls: [get_file]
[Structural invariant CVL (inductive-invariant-proposing-cleanly) / Property feedback judge / Code Explorer: What are the storage variables `threshold`, `ownerCount`, `owners`, `modules` in the Safe contract? Where are they defined and what are their types?] at node: tools
[Structural invariant CVL (inductive-invariant-proposing-cleanly) / Property feedback judge / Code Explorer: What are the storage variables `threshold`, `ownerCount`, `owners`, `modules` in the Safe contract? Where are they defined and what are their types?] at node: tool_result; tool calls: [grep_files, grep_files]
[Structural invariant CVL (inductive-invariant-proposing-cleanly) / Property feedback judge / Code Explorer: What are the storage variables `threshold`, `ownerCount`, `owners`, `modules` in the Safe contract? Where are they defined and what are their types?] at node: tools
[Structural invariant CVL (inductive-invariant-proposing-cleanly) / Property feedback judge / Code Explorer: What are the storage variables `threshold`, `ownerCount`, `owners`, `modules` in the Safe contract? Where are they defined and what are their types?] at node: tool_result; tool calls: [get_file, get_file]
[Structural invariant CVL (inductive-invariant-proposing-cleanly) / Property feedback judge / Code Explorer: What are the storage variables `threshold`, `ownerCount`, `owners`, `modules` in the Safe contract? Where are they defined and what are their types?] at node: tools
[Structural invariant CVL (inductive-invariant-proposing-cleanly) / Property feedback judge / Code Explorer: What are the storage variables `threshold`, `ownerCount`, `owners`, `modules` in the Safe contract? Where are they defined and what are their types?] at node: tool_result; tool calls: [grep_files]
[Structural invariant CVL (inductive-invariant-proposing-cleanly) / Property feedback judge / Code Explorer: What are the storage variables `threshold`, `ownerCount`, `owners`, `modules` in the Safe contract? Where are they defined and what are their types?] at node: tools
[Structural invariant CVL (inductive-invariant-proposing-cleanly) / Property feedback judge / Code Explorer: What are the storage variables `threshold`, `ownerCount`, `owners`, `modules` in the Safe contract? Where are they defined and what are their types?] at node: tool_result; tool calls: [grep_files]
[Structural invariant CVL (inductive-invariant-proposing-cleanly) / Property feedback judge / Code Explorer: What are the storage variables `threshold`, `ownerCount`, `owners`, `modules` in the Safe contract? Where are they defined and what are their types?] at node: tools
[Structural invariant CVL (inductive-invariant-proposing-cleanly) / Property feedback judge / Code Explorer: What are the storage variables `threshold`, `ownerCount`, `owners`, `modules` in the Safe contract? Where are they defined and what are their types?] at node: tool_result; tool calls: [get_file]
[Structural invariant CVL (inductive-invariant-proposing-cleanly) / Property feedback judge / Code Explorer: What are the storage variables `threshold`, `ownerCount`, `owners`, `modules` in the Safe contract? Where are they defined and what are their types?] at node: tools
[Structural invariant CVL (inductive-invariant-proposing-cleanly) / Property feedback judge / Code Explorer: What are the storage variables `threshold`, `ownerCount`, `owners`, `modules` in the Safe contract? Where are they defined and what are their types?] at node: tool_result; tool calls: [grep_files, grep_files]
[Structural invariant CVL (inductive-invariant-proposing-cleanly) / Property feedback judge / Code Explorer: What are the storage variables `threshold`, `ownerCount`, `owners`, `modules` in the Safe contract? Where are they defined and what are their types?] at node: tools
[Structural invariant CVL (inductive-invariant-proposing-cleanly) / Property feedback judge / Code Explorer: What are the storage variables `threshold`, `ownerCount`, `owners`, `modules` in the Safe contract? Where are they defined and what are their types?] at node: tool_result; tool calls: [result]
[Structural invariant CVL (inductive-invariant-proposing-cleanly) / Property feedback judge / Code Explorer: What are the storage variables `threshold`, `ownerCount`, `owners`, `modules` in the Safe contract? Where are they defined and what are their types?] at node: tools
[Structural invariant CVL (inductive-invariant-proposing-cleanly) / Property feedback judge / Code Explorer: What are the storage variables `threshold`, `ownerCount`, `owners`, `modules` in the Safe contract? Where are they defined and what are their types?] end
[Structural invariant CVL (inductive-invariant-proposing-cleanly) / Property feedback judge] at node: tools
[Structural invariant CVL (inductive-invariant-proposing-cleanly) / Property feedback judge] at node: tool_result; tool calls: [get_file, get_file]
[Structural invariant CVL (inductive-invariant-proposing-cleanly) / Property feedback judge] at node: tools
[Structural invariant CVL (inductive-invariant-proposing-cleanly) / Property feedback judge] at node: tool_result; tool calls: [get_file, cvl_document_ref]
[Structural invariant CVL (inductive-invariant-proposing-cleanly) / Property feedback judge] at node: tools
[Structural invariant CVL (inductive-invariant-proposing-cleanly) / Property feedback judge] at node: tool_result; tool calls: [get_file, get_file]
[Structural invariant CVL (inductive-invariant-proposing-cleanly) / Property feedback judge] at node: tools
[Structural invariant CVL (inductive-invariant-proposing-cleanly) / Property feedback judge] at node: tool_result; tool calls: [cvl_research, get_file]
[Structural invariant CVL (inductive-invariant-proposing-cleanly) / Property feedback judge / CVL Researcher] start  (via tool: toolu_01Qyq6gdAjpAH4KqToKDam6Z)
[Structural invariant CVL (inductive-invariant-proposing-cleanly) / Property feedback judge / CVL Researcher] at node: initial; tool calls: [cvl_manual_search, cvl_keyword_search]
[Structural invariant CVL (inductive-invariant-proposing-cleanly) / Property feedback judge / CVL Researcher] at node: tools
[Structural invariant CVL (inductive-invariant-proposing-cleanly) / Property feedback judge / CVL Researcher] at node: tool_result; tool calls: [get_cvl_manual_section, cvl_keyword_search]
[Structural invariant CVL (inductive-invariant-proposing-cleanly) / Property feedback judge / CVL Researcher] at node: tools
[Structural invariant CVL (inductive-invariant-proposing-cleanly) / Property feedback judge / CVL Researcher] at node: tool_result; tool calls: [cvl_manual_search, get_cvl_manual_section]
[Structural invariant CVL (inductive-invariant-proposing-cleanly) / Property feedback judge / CVL Researcher] at node: tools
[Structural invariant CVL (inductive-invariant-proposing-cleanly) / Property feedback judge / CVL Researcher] at node: tool_result; tool calls: [cvl_manual_search, get_cvl_manual_section]
[Structural invariant CVL (inductive-invariant-proposing-cleanly) / Property feedback judge / CVL Researcher] at node: tools
[Structural invariant CVL (inductive-invariant-proposing-cleanly) / Property feedback judge / CVL Researcher] at node: tool_result; tool calls: [get_cvl_manual_section]
[Structural invariant CVL (inductive-invariant-proposing-cleanly) / Property feedback judge / CVL Researcher] at node: tools
[Structural invariant CVL (inductive-invariant-proposing-cleanly) / Property feedback judge / CVL Researcher] at node: tool_result; tool calls: [cvl_keyword_search]
[Structural invariant CVL (inductive-invariant-proposing-cleanly) / Property feedback judge / CVL Researcher] at node: tools
[Structural invariant CVL (inductive-invariant-proposing-cleanly) / Property feedback judge / CVL Researcher] at node: tool_result; tool calls: [cvl_manual_search]
[Structural invariant CVL (inductive-invariant-proposing-cleanly) / Property feedback judge / CVL Researcher] at node: tools
[Structural invariant CVL (inductive-invariant-proposing-cleanly) / Property feedback judge / CVL Researcher] at node: tool_result; tool calls: [get_cvl_manual_section]
[Structural invariant CVL (inductive-invariant-proposing-cleanly) / Property feedback judge / CVL Researcher] at node: tools
[Structural invariant CVL (inductive-invariant-proposing-cleanly) / Property feedback judge / CVL Researcher] at node: tool_result; tool calls: [cvl_keyword_search]
[Structural invariant CVL (inductive-invariant-proposing-cleanly) / Property feedback judge / CVL Researcher] at node: tools
[Structural invariant CVL (inductive-invariant-proposing-cleanly) / Property feedback judge / CVL Researcher] at node: tool_result; tool calls: [cvl_keyword_search]
[Structural invariant CVL (inductive-invariant-proposing-cleanly) / Property feedback judge / CVL Researcher] at node: tools
[Structural invariant CVL (inductive-invariant-proposing-cleanly) / Property feedback judge / CVL Researcher] at node: tool_result; tool calls: [cvl_keyword_search]
[Structural invariant CVL (inductive-invariant-proposing-cleanly) / Property feedback judge / CVL Researcher] at node: tools
[Structural invariant CVL (inductive-invariant-proposing-cleanly) / Property feedback judge / CVL Researcher] at node: tool_result; tool calls: [cvl_keyword_search]
[Structural invariant CVL (inductive-invariant-proposing-cleanly) / Property feedback judge / CVL Researcher] at node: tools
[Structural invariant CVL (inductive-invariant-proposing-cleanly) / Property feedback judge / CVL Researcher] at node: tool_result; tool calls: [cvl_manual_search]
[Structural invariant CVL (inductive-invariant-proposing-cleanly) / Property feedback judge / CVL Researcher] at node: tools
[Structural invariant CVL (inductive-invariant-proposing-cleanly) / Property feedback judge / CVL Researcher] at node: tool_result; tool calls: [write_rough_draft]
[Structural invariant CVL (inductive-invariant-proposing-cleanly) / Property feedback judge / CVL Researcher] at node: tools
[Structural invariant CVL (inductive-invariant-proposing-cleanly) / Property feedback judge / CVL Researcher] at node: tool_result; tool calls: [read_rough_draft]
[Structural invariant CVL (inductive-invariant-proposing-cleanly) / Property feedback judge / CVL Researcher] at node: tools
[Structural invariant CVL (inductive-invariant-proposing-cleanly) / Property feedback judge / CVL Researcher] at node: tool_result; tool calls: [result]
[Structural invariant CVL (inductive-invariant-proposing-cleanly) / Property feedback judge / CVL Researcher] at node: tools
[Structural invariant CVL (inductive-invariant-proposing-cleanly) / Property feedback judge / CVL Researcher] end
[Structural invariant CVL (inductive-invariant-proposing-cleanly) / Property feedback judge] at node: tools
[Structural invariant CVL (inductive-invariant-proposing-cleanly) / Property feedback judge] at node: tool_result; tool calls: [get_file, get_file]
[Structural invariant CVL (inductive-invariant-proposing-cleanly) / Property feedback judge] at node: tools
[Structural invariant CVL (inductive-invariant-proposing-cleanly) / Property feedback judge] at node: tool_result; tool calls: [get_file, cvl_research]
[Structural invariant CVL (inductive-invariant-proposing-cleanly) / Property feedback judge / CVL Researcher] start  (via tool: toolu_01DjjFhM4snQTTXejHvcME3G)
[Structural invariant CVL (inductive-invariant-proposing-cleanly) / Property feedback judge / CVL Researcher] at node: initial; tool calls: [cvl_manual_search, cvl_keyword_search]
[Structural invariant CVL (inductive-invariant-proposing-cleanly) / Property feedback judge / CVL Researcher] at node: tools
[Structural invariant CVL (inductive-invariant-proposing-cleanly) / Property feedback judge / CVL Researcher] at node: tool_result; tool calls: [cvl_manual_search, get_cvl_manual_section]
[Structural invariant CVL (inductive-invariant-proposing-cleanly) / Property feedback judge / CVL Researcher] at node: tools
[Structural invariant CVL (inductive-invariant-proposing-cleanly) / Property feedback judge / CVL Researcher] at node: tool_result; tool calls: [cvl_keyword_search, cvl_keyword_search]
[Structural invariant CVL (inductive-invariant-proposing-cleanly) / Property feedback judge / CVL Researcher] at node: tools
[Structural invariant CVL (inductive-invariant-proposing-cleanly) / Property feedback judge / CVL Researcher] at node: tool_result; tool calls: [get_cvl_manual_section, cvl_keyword_search]
[Structural invariant CVL (inductive-invariant-proposing-cleanly) / Property feedback judge / CVL Researcher] at node: tools
[Structural invariant CVL (inductive-invariant-proposing-cleanly) / Property feedback judge / CVL Researcher] at node: tool_result; tool calls: [get_cvl_manual_section]
[Structural invariant CVL (inductive-invariant-proposing-cleanly) / Property feedback judge / CVL Researcher] at node: tools
[Structural invariant CVL (inductive-invariant-proposing-cleanly) / Property feedback judge / CVL Researcher] at node: tool_result; tool calls: [cvl_keyword_search, cvl_manual_search]
[Structural invariant CVL (inductive-invariant-proposing-cleanly) / Property feedback judge / CVL Researcher] at node: tools
[Structural invariant CVL (inductive-invariant-proposing-cleanly) / Property feedback judge / CVL Researcher] at node: tool_result; tool calls: [cvl_manual_search]
[Structural invariant CVL (inductive-invariant-proposing-cleanly) / Property feedback judge / CVL Researcher] at node: tools
[Structural invariant CVL (inductive-invariant-proposing-cleanly) / Property feedback judge / CVL Researcher] at node: tool_result; tool calls: [write_rough_draft]
[Structural invariant CVL (inductive-invariant-proposing-cleanly) / Property feedback judge / CVL Researcher] at node: tools
[Structural invariant CVL (inductive-invariant-proposing-cleanly) / Property feedback judge / CVL Researcher] at node: tool_result; tool calls: [read_rough_draft]
[Structural invariant CVL (inductive-invariant-proposing-cleanly) / Property feedback judge / CVL Researcher] at node: tools
[Structural invariant CVL (inductive-invariant-proposing-cleanly) / Property feedback judge / CVL Researcher] at node: tool_result; tool calls: [result]
[Structural invariant CVL (inductive-invariant-proposing-cleanly) / Property feedback judge / CVL Researcher] at node: tools
[Structural invariant CVL (inductive-invariant-proposing-cleanly) / Property feedback judge / CVL Researcher] end
[Structural invariant CVL (inductive-invariant-proposing-cleanly) / Property feedback judge] at node: tools
[Structural invariant CVL (inductive-invariant-proposing-cleanly) / Property feedback judge] at node: tool_result; tool calls: [write_rough_draft]
[Structural invariant CVL (inductive-invariant-proposing-cleanly) / Property feedback judge] at node: tools
[Structural invariant CVL (inductive-invariant-proposing-cleanly) / Property feedback judge] at node: tool_result; tool calls: [read_rough_draft]
[Structural invariant CVL (inductive-invariant-proposing-cleanly) / Property feedback judge] at node: tools
[Structural invariant CVL (inductive-invariant-proposing-cleanly) / Property feedback judge] at node: tool_result; tool calls: [memory]
[Structural invariant CVL (inductive-invariant-proposing-cleanly) / Property feedback judge] at node: tools
[Structural invariant CVL (inductive-invariant-proposing-cleanly) / Property feedback judge] at node: tool_result; tool calls: [result]
[Structural invariant CVL (inductive-invariant-proposing-cleanly) / Property feedback judge] at node: tools
[Structural invariant CVL (inductive-invariant-proposing-cleanly) / Property feedback judge] end
[Structural invariant CVL (inductive-invariant-proposing-cleanly)] at node: tools
[Structural invariant CVL (inductive-invariant-proposing-cleanly)] at node: tool_result; tool calls: [put_cvl_raw]
[Structural invariant CVL (inductive-invariant-proposing-cleanly)] at node: tools
[Structural invariant CVL (inductive-invariant-proposing-cleanly)] at node: tool_result; tool calls: [feedback_tool]
[Structural invariant CVL (inductive-invariant-proposing-cleanly) / Property feedback judge] start  (via tool: toolu_01Y6CahSGoYqkcRTBa4Ayme8)
[Structural invariant CVL (inductive-invariant-proposing-cleanly) / Property feedback judge] at node: initial; tool calls: [memory]
[Structural invariant CVL (inductive-invariant-proposing-cleanly) / Property feedback judge] at node: tools
[Structural invariant CVL (inductive-invariant-proposing-cleanly) / Property feedback judge] at node: tool_result; tool calls: [memory]
[Structural invariant CVL (inductive-invariant-proposing-cleanly) / Property feedback judge] at node: tools
[Structural invariant CVL (inductive-invariant-proposing-cleanly) / Property feedback judge] at node: tool_result; tool calls: [get_cvl]
[Structural invariant CVL (inductive-invariant-proposing-cleanly) / Property feedback judge] at node: tools
[Structural invariant CVL (inductive-invariant-proposing-cleanly) / Property feedback judge] at node: tool_result; tool calls: [cvl_research, code_explorer]
[Structural invariant CVL (inductive-invariant-proposing-cleanly) / Property feedback judge / CVL Researcher] start  (via tool: toolu_01F6D19rMzGDbT1HscEP4wcr)
[Structural invariant CVL (inductive-invariant-proposing-cleanly) / Property feedback judge / Code Explorer: In the Safe contract's authorized modifier and execTransaction function, what checks are performed that would prevent self-calls when threshold == 0?] start  (via tool: toolu_01WdaGFGdDMY1gF1tpFTV7VL)
[Structural invariant CVL (inductive-invariant-proposing-cleanly) / Property feedback judge / Code Explorer: In the Safe contract's authorized modifier and execTransaction function, what checks are performed that would prevent self-calls when threshold == 0?] at node: initial; tool calls: [get_file, grep_files]
[Structural invariant CVL (inductive-invariant-proposing-cleanly) / Property feedback judge / Code Explorer: In the Safe contract's authorized modifier and execTransaction function, what checks are performed that would prevent self-calls when threshold == 0?] at node: tools
[Structural invariant CVL (inductive-invariant-proposing-cleanly) / Property feedback judge / CVL Researcher] at node: initial; tool calls: [write_rough_draft]
[Structural invariant CVL (inductive-invariant-proposing-cleanly) / Property feedback judge / CVL Researcher] at node: tools
[Structural invariant CVL (inductive-invariant-proposing-cleanly) / Property feedback judge / CVL Researcher] at node: tool_result; tool calls: [read_rough_draft]
[Structural invariant CVL (inductive-invariant-proposing-cleanly) / Property feedback judge / CVL Researcher] at node: tools
[Structural invariant CVL (inductive-invariant-proposing-cleanly) / Property feedback judge / Code Explorer: In the Safe contract's authorized modifier and execTransaction function, what checks are performed that would prevent self-calls when threshold == 0?] at node: tool_result; tool calls: [get_file]
[Structural invariant CVL (inductive-invariant-proposing-cleanly) / Property feedback judge / Code Explorer: In the Safe contract's authorized modifier and execTransaction function, what checks are performed that would prevent self-calls when threshold == 0?] at node: tools
[Structural invariant CVL (inductive-invariant-proposing-cleanly) / Property feedback judge / CVL Researcher] at node: tool_result; tool calls: [result]
[Structural invariant CVL (inductive-invariant-proposing-cleanly) / Property feedback judge / CVL Researcher] at node: tools
[Structural invariant CVL (inductive-invariant-proposing-cleanly) / Property feedback judge / CVL Researcher] end
[Structural invariant CVL (inductive-invariant-proposing-cleanly) / Property feedback judge / Code Explorer: In the Safe contract's authorized modifier and execTransaction function, what checks are performed that would prevent self-calls when threshold == 0?] at node: tool_result; tool calls: [result]
[Structural invariant CVL (inductive-invariant-proposing-cleanly) / Property feedback judge / Code Explorer: In the Safe contract's authorized modifier and execTransaction function, what checks are performed that would prevent self-calls when threshold == 0?] at node: tools
[Structural invariant CVL (inductive-invariant-proposing-cleanly) / Property feedback judge / Code Explorer: In the Safe contract's authorized modifier and execTransaction function, what checks are performed that would prevent self-calls when threshold == 0?] end
[Structural invariant CVL (inductive-invariant-proposing-cleanly) / Property feedback judge] at node: tools
[Structural invariant CVL (inductive-invariant-proposing-cleanly) / Property feedback judge] at node: tool_result; tool calls: [write_rough_draft]
[Structural invariant CVL (inductive-invariant-proposing-cleanly) / Property feedback judge] at node: tools
[Structural invariant CVL (inductive-invariant-proposing-cleanly) / Property feedback judge] at node: tool_result; tool calls: [read_rough_draft]
[Structural invariant CVL (inductive-invariant-proposing-cleanly) / Property feedback judge] at node: tools
[Structural invariant CVL (inductive-invariant-proposing-cleanly) / Property feedback judge] at node: tool_result; tool calls: [memory]
[Structural invariant CVL (inductive-invariant-proposing-cleanly) / Property feedback judge] at node: tools
[Structural invariant CVL (inductive-invariant-proposing-cleanly) / Property feedback judge] at node: tool_result; tool calls: [result]
[Structural invariant CVL (inductive-invariant-proposing-cleanly) / Property feedback judge] at node: tools
[Structural invariant CVL (inductive-invariant-proposing-cleanly) / Property feedback judge] end
[Structural invariant CVL (inductive-invariant-proposing-cleanly)] at node: tools
[Structural invariant CVL (inductive-invariant-proposing-cleanly)] at node: tool_result; tool calls: [memory]
[Structural invariant CVL (inductive-invariant-proposing-cleanly)] at node: tools
[Structural invariant CVL (inductive-invariant-proposing-cleanly)] at node: tool_result; tool calls: [verify_spec]
[Structural invariant CVL (inductive-invariant-proposing-cleanly)]: prover start
[Structural invariant CVL (inductive-invariant-proposing-cleanly)] at node: tools
[Structural invariant CVL (inductive-invariant-proposing-cleanly)] at node: tool_result; tool calls: [grep_files]
[Structural invariant CVL (inductive-invariant-proposing-cleanly)] at node: tools
[Structural invariant CVL (inductive-invariant-proposing-cleanly)] at node: tool_result; tool calls: [get_file]
[Structural invariant CVL (inductive-invariant-proposing-cleanly)] at node: tools
[Structural invariant CVL (inductive-invariant-proposing-cleanly)] at node: tool_result; tool calls: [get_file]
[Structural invariant CVL (inductive-invariant-proposing-cleanly)] at node: tools
[Structural invariant CVL (inductive-invariant-proposing-cleanly)] at node: tool_result; tool calls: [get_file, get_file]
[Structural invariant CVL (inductive-invariant-proposing-cleanly)] at node: tools
[Structural invariant CVL (inductive-invariant-proposing-cleanly)] at node: tool_result; tool calls: [get_file]
[Structural invariant CVL (inductive-invariant-proposing-cleanly)] at node: tools
[Structural invariant CVL (inductive-invariant-proposing-cleanly)] at node: summarize
[Structural invariant CVL (inductive-invariant-proposing-cleanly)] at node: tool_result; tool calls: [memory]
[Structural invariant CVL (inductive-invariant-proposing-cleanly)] at node: tools
[Structural invariant CVL (inductive-invariant-proposing-cleanly)] at node: tool_result; tool calls: [memory]
[Structural invariant CVL (inductive-invariant-proposing-cleanly)] at node: tools
[Structural invariant CVL (inductive-invariant-proposing-cleanly)] at node: tool_result; tool calls: [get_cvl, list_files]
[Structural invariant CVL (inductive-invariant-proposing-cleanly)] at node: tools
[Structural invariant CVL (inductive-invariant-proposing-cleanly)] at node: tool_result; tool calls: [get_file, get_file]
[Structural invariant CVL (inductive-invariant-proposing-cleanly)] at node: tools
[Structural invariant CVL (inductive-invariant-proposing-cleanly)] at node: tool_result; tool calls: [get_file, get_file]
[Structural invariant CVL (inductive-invariant-proposing-cleanly)] at node: tools
[Structural invariant CVL (inductive-invariant-proposing-cleanly)] at node: tool_result; tool calls: [get_file]
[Structural invariant CVL (inductive-invariant-proposing-cleanly)] at node: tools
[Structural invariant CVL (inductive-invariant-proposing-cleanly)] at node: tool_result; tool calls: [get_file]
[Structural invariant CVL (inductive-invariant-proposing-cleanly)] at node: tools
[Structural invariant CVL (inductive-invariant-proposing-cleanly)] at node: tool_result; tool calls: [cvl_research]
[Structural invariant CVL (inductive-invariant-proposing-cleanly) / CVL Researcher] start  (via tool: toolu_01TQCa3VwRKrP6jQQ5dYiWfM)
[Structural invariant CVL (inductive-invariant-proposing-cleanly) / CVL Researcher] at node: initial; tool calls: [write_rough_draft]
[Structural invariant CVL (inductive-invariant-proposing-cleanly) / CVL Researcher] at node: tools
[Structural invariant CVL (inductive-invariant-proposing-cleanly) / CVL Researcher] at node: tool_result; tool calls: [read_rough_draft]
[Structural invariant CVL (inductive-invariant-proposing-cleanly) / CVL Researcher] at node: tools
[Structural invariant CVL (inductive-invariant-proposing-cleanly) / CVL Researcher] at node: tool_result; tool calls: [result]
[Structural invariant CVL (inductive-invariant-proposing-cleanly) / CVL Researcher] at node: tools
[Structural invariant CVL (inductive-invariant-proposing-cleanly) / CVL Researcher] end
[Structural invariant CVL (inductive-invariant-proposing-cleanly)] at node: tools
[Structural invariant CVL (inductive-invariant-proposing-cleanly)] at node: tool_result; tool calls: [grep_files]
[Structural invariant CVL (inductive-invariant-proposing-cleanly)] at node: tools
[Structural invariant CVL (inductive-invariant-proposing-cleanly)] at node: tool_result; tool calls: [get_file]
[Structural invariant CVL (inductive-invariant-proposing-cleanly)] at node: tools
[Structural invariant CVL (inductive-invariant-proposing-cleanly)] at node: tool_result; tool calls: [put_cvl_raw]
[Structural invariant CVL (inductive-invariant-proposing-cleanly)] at node: tools
[Structural invariant CVL (inductive-invariant-proposing-cleanly)] at node: tool_result; tool calls: [feedback_tool]
[Structural invariant CVL (inductive-invariant-proposing-cleanly) / Property feedback judge] start  (via tool: toolu_01GY9XnZD3GK3uHm9WUJd4M3)
[Structural invariant CVL (inductive-invariant-proposing-cleanly) / Property feedback judge] at node: initial; tool calls: [memory]
[Structural invariant CVL (inductive-invariant-proposing-cleanly) / Property feedback judge] at node: tools
[Structural invariant CVL (inductive-invariant-proposing-cleanly) / Property feedback judge] at node: tool_result; tool calls: [memory]
[Structural invariant CVL (inductive-invariant-proposing-cleanly) / Property feedback judge] at node: tools
[Structural invariant CVL (inductive-invariant-proposing-cleanly) / Property feedback judge] at node: tool_result; tool calls: [get_cvl]
[Structural invariant CVL (inductive-invariant-proposing-cleanly) / Property feedback judge] at node: tools
[Structural invariant CVL (inductive-invariant-proposing-cleanly) / Property feedback judge] at node: tool_result; tool calls: [code_document_ref, code_document_ref]
[Structural invariant CVL (inductive-invariant-proposing-cleanly) / Property feedback judge] at node: tools
[Structural invariant CVL (inductive-invariant-proposing-cleanly) / Property feedback judge] at node: tool_result; tool calls: [write_rough_draft]
[Structural invariant CVL (inductive-invariant-proposing-cleanly) / Property feedback judge] at node: tools
[Structural invariant CVL (inductive-invariant-proposing-cleanly) / Property feedback judge] at node: tool_result; tool calls: [read_rough_draft]
[Structural invariant CVL (inductive-invariant-proposing-cleanly) / Property feedback judge] at node: tools
[Structural invariant CVL (inductive-invariant-proposing-cleanly) / Property feedback judge] at node: tool_result; tool calls: [memory]
[Structural invariant CVL (inductive-invariant-proposing-cleanly) / Property feedback judge] at node: tools
[Structural invariant CVL (inductive-invariant-proposing-cleanly) / Property feedback judge] at node: tool_result; tool calls: [result]
[Structural invariant CVL (inductive-invariant-proposing-cleanly) / Property feedback judge] at node: tools
[Structural invariant CVL (inductive-invariant-proposing-cleanly) / Property feedback judge] end
[Structural invariant CVL (inductive-invariant-proposing-cleanly)] at node: tools
[Structural invariant CVL (inductive-invariant-proposing-cleanly)] at node: tool_result; tool calls: [memory]
[Structural invariant CVL (inductive-invariant-proposing-cleanly)] at node: tools
[Structural invariant CVL (inductive-invariant-proposing-cleanly)] at node: tool_result; tool calls: [verify_spec]
[Structural invariant CVL (inductive-invariant-proposing-cleanly)]: prover start
[Structural invariant CVL (inductive-invariant-proposing-cleanly)]; prover complete
[Structural invariant CVL (inductive-invariant-proposing-cleanly)]: rule analysis start -> fallback_handler_not_self for execTransaction(address,uint256,bytes,uint8,uint256,uint256,uint256,address,address,bytes)
[Structural invariant CVL (inductive-invariant-proposing-cleanly)]: rule analysis start -> fallback_handler_not_self for <receiveOrFallback>()
[Structural invariant CVL (inductive-invariant-proposing-cleanly)]: rule analysis start -> fallback_handler_not_self for execTransactionFromModule(address,uint256,bytes,uint8)
[Structural invariant CVL (inductive-invariant-proposing-cleanly)]: rule analysis start -> fallback_handler_not_self for execTransactionFromModuleReturnData(address,uint256,bytes,uint8)
[Structural invariant CVL (inductive-invariant-proposing-cleanly)]: rule analysis complete -> fallback_handler_not_self for <receiveOrFallback>()
[Structural invariant CVL (inductive-invariant-proposing-cleanly)]: rule analysis complete -> fallback_handler_not_self for execTransaction(address,uint256,bytes,uint8,uint256,uint256,uint256,address,address,bytes)
[Structural invariant CVL (inductive-invariant-proposing-cleanly)]: rule analysis complete -> fallback_handler_not_self for execTransactionFromModuleReturnData(address,uint256,bytes,uint8)
[Structural invariant CVL (inductive-invariant-proposing-cleanly)]: rule analysis complete -> fallback_handler_not_self for execTransactionFromModule(address,uint256,bytes,uint8)
[Structural invariant CVL (inductive-invariant-proposing-cleanly)] at node: tools
[Structural invariant CVL (inductive-invariant-proposing-cleanly)] at node: tool_result; tool calls: [get_file, get_file]
[Structural invariant CVL (inductive-invariant-proposing-cleanly)] at node: tools
[Structural invariant CVL (inductive-invariant-proposing-cleanly)] at node: tool_result; tool calls: [get_file]
[Structural invariant CVL (inductive-invariant-proposing-cleanly)] at node: tools
[Structural invariant CVL (inductive-invariant-proposing-cleanly)] at node: tool_result; tool calls: [get_file]
[Structural invariant CVL (inductive-invariant-proposing-cleanly)] at node: tools
[Structural invariant CVL (inductive-invariant-proposing-cleanly)] at node: tool_result; tool calls: [get_file]
[Structural invariant CVL (inductive-invariant-proposing-cleanly)] at node: tools
[Structural invariant CVL (inductive-invariant-proposing-cleanly)] at node: tool_result; tool calls: [get_file]
[Structural invariant CVL (inductive-invariant-proposing-cleanly)] at node: tools
[Structural invariant CVL (inductive-invariant-proposing-cleanly)] at node: tool_result; tool calls: [get_file]
[Structural invariant CVL (inductive-invariant-proposing-cleanly)] at node: tools
[Structural invariant CVL (inductive-invariant-proposing-cleanly)] at node: tool_result; tool calls: [grep_files, list_files]
[Structural invariant CVL (inductive-invariant-proposing-cleanly)] at node: tools
[Structural invariant CVL (inductive-invariant-proposing-cleanly)] at node: tool_result; tool calls: [get_file]
[Structural invariant CVL (inductive-invariant-proposing-cleanly)] at node: tools
[Structural invariant CVL (inductive-invariant-proposing-cleanly)] at node: tool_result; tool calls: [get_file, get_file]
[Structural invariant CVL (inductive-invariant-proposing-cleanly)] at node: tools
[Structural invariant CVL (inductive-invariant-proposing-cleanly)] at node: tool_result; tool calls: [get_file, get_file]
[Structural invariant CVL (inductive-invariant-proposing-cleanly)] at node: tools
[Structural invariant CVL (inductive-invariant-proposing-cleanly)] at node: tool_result; tool calls: [get_file]
[Structural invariant CVL (inductive-invariant-proposing-cleanly)] at node: tools
[Structural invariant CVL (inductive-invariant-proposing-cleanly)] at node: tool_result; tool calls: [get_file]
[Structural invariant CVL (inductive-invariant-proposing-cleanly)] at node: tools
[Structural invariant CVL (inductive-invariant-proposing-cleanly)] at node: tool_result; tool calls: [cvl_research]
[Structural invariant CVL (inductive-invariant-proposing-cleanly) / CVL Researcher] start  (via tool: toolu_01EnBcp52BPQAiPjmTUeZwCL)
[Structural invariant CVL (inductive-invariant-proposing-cleanly) / CVL Researcher] at node: initial; tool calls: [cvl_manual_search, cvl_keyword_search]
[Structural invariant CVL (inductive-invariant-proposing-cleanly) / CVL Researcher] at node: tools
[Structural invariant CVL (inductive-invariant-proposing-cleanly) / CVL Researcher] at node: tool_result; tool calls: [cvl_manual_search, cvl_keyword_search]
[Structural invariant CVL (inductive-invariant-proposing-cleanly) / CVL Researcher] at node: tools
[Structural invariant CVL (inductive-invariant-proposing-cleanly) / CVL Researcher] at node: tool_result; tool calls: [get_cvl_manual_section, get_cvl_manual_section]
[Structural invariant CVL (inductive-invariant-proposing-cleanly) / CVL Researcher] at node: tools
[Structural invariant CVL (inductive-invariant-proposing-cleanly) / CVL Researcher] at node: tool_result; tool calls: [get_cvl_manual_section, cvl_keyword_search]
[Structural invariant CVL (inductive-invariant-proposing-cleanly) / CVL Researcher] at node: tools
[Structural invariant CVL (inductive-invariant-proposing-cleanly) / CVL Researcher] at node: tool_result; tool calls: [get_cvl_manual_section]
[Structural invariant CVL (inductive-invariant-proposing-cleanly) / CVL Researcher] at node: tools
[Structural invariant CVL (inductive-invariant-proposing-cleanly) / CVL Researcher] at node: tool_result; tool calls: [write_rough_draft]
[Structural invariant CVL (inductive-invariant-proposing-cleanly) / CVL Researcher] at node: tools
[Structural invariant CVL (inductive-invariant-proposing-cleanly) / CVL Researcher] at node: tool_result; tool calls: [read_rough_draft]
[Structural invariant CVL (inductive-invariant-proposing-cleanly) / CVL Researcher] at node: tools
[Structural invariant CVL (inductive-invariant-proposing-cleanly) / CVL Researcher] at node: tool_result; tool calls: [result]
[Structural invariant CVL (inductive-invariant-proposing-cleanly) / CVL Researcher] at node: tools
[Structural invariant CVL (inductive-invariant-proposing-cleanly) / CVL Researcher] end
[Structural invariant CVL (inductive-invariant-proposing-cleanly)] at node: tools
[Structural invariant CVL (inductive-invariant-proposing-cleanly)] at node: tool_result; tool calls: [get_file]
[Structural invariant CVL (inductive-invariant-proposing-cleanly)] at node: tools
[Structural invariant CVL (inductive-invariant-proposing-cleanly)] at node: tool_result; tool calls: [get_file]
[Structural invariant CVL (inductive-invariant-proposing-cleanly)] at node: tools
[Structural invariant CVL (inductive-invariant-proposing-cleanly)] at node: tool_result; tool calls: [get_file]
[Structural invariant CVL (inductive-invariant-proposing-cleanly)] at node: tools
[Structural invariant CVL (inductive-invariant-proposing-cleanly)] at node: tool_result; tool calls: [grep_files]
[Structural invariant CVL (inductive-invariant-proposing-cleanly)] at node: tools
[Structural invariant CVL (inductive-invariant-proposing-cleanly)] at node: tool_result; tool calls: [grep_files]
[Structural invariant CVL (inductive-invariant-proposing-cleanly)] at node: tools
[Structural invariant CVL (inductive-invariant-proposing-cleanly)] at node: tool_result; tool calls: [put_cvl_raw]
[Structural invariant CVL (inductive-invariant-proposing-cleanly)] at node: tools
[Structural invariant CVL (inductive-invariant-proposing-cleanly)] at node: summarize
[Structural invariant CVL (inductive-invariant-proposing-cleanly)] at node: tool_result; tool calls: [memory]
[Structural invariant CVL (inductive-invariant-proposing-cleanly)] at node: tools
[Structural invariant CVL (inductive-invariant-proposing-cleanly)] at node: tool_result; tool calls: [memory]
[Structural invariant CVL (inductive-invariant-proposing-cleanly)] at node: tools
[Structural invariant CVL (inductive-invariant-proposing-cleanly)] at node: tool_result; tool calls: [get_cvl]
[Structural invariant CVL (inductive-invariant-proposing-cleanly)] at node: tools
[Structural invariant CVL (inductive-invariant-proposing-cleanly)] at node: tool_result; tool calls: [feedback_tool]
[Structural invariant CVL (inductive-invariant-proposing-cleanly) / Property feedback judge] start  (via tool: toolu_01T9spXd12qzUsxHXKYCuGp2)
[Structural invariant CVL (inductive-invariant-proposing-cleanly) / Property feedback judge] at node: initial; tool calls: [memory]
[Structural invariant CVL (inductive-invariant-proposing-cleanly) / Property feedback judge] at node: tools
[Structural invariant CVL (inductive-invariant-proposing-cleanly) / Property feedback judge] at node: tool_result; tool calls: [memory]
[Structural invariant CVL (inductive-invariant-proposing-cleanly) / Property feedback judge] at node: tools
[Structural invariant CVL (inductive-invariant-proposing-cleanly) / Property feedback judge] at node: tool_result; tool calls: [get_cvl]
[Structural invariant CVL (inductive-invariant-proposing-cleanly) / Property feedback judge] at node: tools
[Structural invariant CVL (inductive-invariant-proposing-cleanly) / Property feedback judge] at node: tool_result; tool calls: [write_rough_draft]
[Structural invariant CVL (inductive-invariant-proposing-cleanly) / Property feedback judge] at node: tools
[Structural invariant CVL (inductive-invariant-proposing-cleanly) / Property feedback judge] at node: tool_result; tool calls: [read_rough_draft]
[Structural invariant CVL (inductive-invariant-proposing-cleanly) / Property feedback judge] at node: tools
[Structural invariant CVL (inductive-invariant-proposing-cleanly) / Property feedback judge] at node: tool_result; tool calls: [memory]
[Structural invariant CVL (inductive-invariant-proposing-cleanly) / Property feedback judge] at node: tools
[Structural invariant CVL (inductive-invariant-proposing-cleanly) / Property feedback judge] at node: tool_result; tool calls: [result]
[Structural invariant CVL (inductive-invariant-proposing-cleanly) / Property feedback judge] at node: tools
[Structural invariant CVL (inductive-invariant-proposing-cleanly) / Property feedback judge] end
[Structural invariant CVL (inductive-invariant-proposing-cleanly)] at node: tools
[Structural invariant CVL (inductive-invariant-proposing-cleanly)] at node: tool_result; tool calls: [memory]
[Structural invariant CVL (inductive-invariant-proposing-cleanly)] at node: tools
[Structural invariant CVL (inductive-invariant-proposing-cleanly)] at node: tool_result; tool calls: [verify_spec]
[Structural invariant CVL (inductive-invariant-proposing-cleanly)]: prover start
[Structural invariant CVL (inductive-invariant-proposing-cleanly)] at node: tools
[Structural invariant CVL (inductive-invariant-proposing-cleanly)] at node: tool_result; tool calls: [cvl_research]
[Structural invariant CVL (inductive-invariant-proposing-cleanly) / CVL Researcher] start  (via tool: toolu_01UsK7kP2QveKk5TazwnFRdJ)
[Structural invariant CVL (inductive-invariant-proposing-cleanly) / CVL Researcher] at node: initial; tool calls: [cvl_manual_search, cvl_keyword_search]
[Structural invariant CVL (inductive-invariant-proposing-cleanly) / CVL Researcher] at node: tools
[Structural invariant CVL (inductive-invariant-proposing-cleanly) / CVL Researcher] at node: tool_result; tool calls: [cvl_manual_search, cvl_keyword_search]
[Structural invariant CVL (inductive-invariant-proposing-cleanly) / CVL Researcher] at node: tools
[Structural invariant CVL (inductive-invariant-proposing-cleanly) / CVL Researcher] at node: tool_result; tool calls: [get_cvl_manual_section, cvl_manual_search]
[Structural invariant CVL (inductive-invariant-proposing-cleanly) / CVL Researcher] at node: tools
[Structural invariant CVL (inductive-invariant-proposing-cleanly) / CVL Researcher] at node: tool_result; tool calls: [scan_knowledge_base]
[Structural invariant CVL (inductive-invariant-proposing-cleanly) / CVL Researcher] at node: tools
[Structural invariant CVL (inductive-invariant-proposing-cleanly) / CVL Researcher] at node: tool_result; tool calls: [write_rough_draft]
[Structural invariant CVL (inductive-invariant-proposing-cleanly) / CVL Researcher] at node: tools
[Structural invariant CVL (inductive-invariant-proposing-cleanly) / CVL Researcher] at node: tool_result; tool calls: [read_rough_draft]
[Structural invariant CVL (inductive-invariant-proposing-cleanly) / CVL Researcher] at node: tools
[Structural invariant CVL (inductive-invariant-proposing-cleanly) / CVL Researcher] at node: tool_result; tool calls: [result]
[Structural invariant CVL (inductive-invariant-proposing-cleanly) / CVL Researcher] at node: tools
[Structural invariant CVL (inductive-invariant-proposing-cleanly) / CVL Researcher] end
[Structural invariant CVL (inductive-invariant-proposing-cleanly)] at node: tools
[Structural invariant CVL (inductive-invariant-proposing-cleanly)] at node: tool_result; tool calls: [put_cvl_raw]
[Structural invariant CVL (inductive-invariant-proposing-cleanly)] at node: tools
[Structural invariant CVL (inductive-invariant-proposing-cleanly)] at node: tool_result; tool calls: [verify_spec]
[Structural invariant CVL (inductive-invariant-proposing-cleanly)]: prover start
[Structural invariant CVL (inductive-invariant-proposing-cleanly)] at node: tools
[Structural invariant CVL (inductive-invariant-proposing-cleanly)] at node: tool_result; tool calls: [get_file]
[Structural invariant CVL (inductive-invariant-proposing-cleanly)] at node: tools
[Structural invariant CVL (inductive-invariant-proposing-cleanly)] at node: tool_result; tool calls: [grep_files]
[Structural invariant CVL (inductive-invariant-proposing-cleanly)] at node: tools
[Structural invariant CVL (inductive-invariant-proposing-cleanly)] at node: tool_result; tool calls: [list_files]
[Structural invariant CVL (inductive-invariant-proposing-cleanly)] at node: tools
[Structural invariant CVL (inductive-invariant-proposing-cleanly)] at node: tool_result; tool calls: [get_file]
[Structural invariant CVL (inductive-invariant-proposing-cleanly)] at node: tools
[Structural invariant CVL (inductive-invariant-proposing-cleanly)] at node: tool_result; tool calls: [cvl_research]
[Structural invariant CVL (inductive-invariant-proposing-cleanly) / CVL Researcher] start  (via tool: toolu_019YEkYk3FZ7jzAN3LqVUWci)
[Structural invariant CVL (inductive-invariant-proposing-cleanly) / CVL Researcher] at node: initial; tool calls: [result]
[Structural invariant CVL (inductive-invariant-proposing-cleanly) / CVL Researcher] at node: tools
[Structural invariant CVL (inductive-invariant-proposing-cleanly) / CVL Researcher] end
[Structural invariant CVL (inductive-invariant-proposing-cleanly)] at node: tools
[Structural invariant CVL (inductive-invariant-proposing-cleanly)] at node: tool_result; tool calls: [get_file]
[Structural invariant CVL (inductive-invariant-proposing-cleanly)] at node: tools
[Structural invariant CVL (inductive-invariant-proposing-cleanly)] at node: tool_result; tool calls: [put_cvl_raw]
[Structural invariant CVL (inductive-invariant-proposing-cleanly)] at node: tools
[Structural invariant CVL (inductive-invariant-proposing-cleanly)] at node: tool_result; tool calls: [verify_spec]
[Structural invariant CVL (inductive-invariant-proposing-cleanly)]: prover start
[Structural invariant CVL (inductive-invariant-proposing-cleanly)]; prover complete
[Structural invariant CVL (inductive-invariant-proposing-cleanly)]: rule analysis start -> execTransaction_reverts_when_threshold_zero
[Structural invariant CVL (inductive-invariant-proposing-cleanly)]: rule analysis start -> fallback_handler_not_self for execTransaction(address,uint256,bytes,uint8,uint256,uint256,uint256,address,address,bytes)
[Structural invariant CVL (inductive-invariant-proposing-cleanly)]: rule analysis start -> fallback_handler_not_self for <receiveOrFallback>()
[Structural invariant CVL (inductive-invariant-proposing-cleanly)]: rule analysis start -> fallback_handler_not_self for execTransactionFromModule(address,uint256,bytes,uint8)
[Structural invariant CVL (inductive-invariant-proposing-cleanly)]: rule analysis start -> fallback_handler_not_self for execTransactionFromModuleReturnData(address,uint256,bytes,uint8)
[Structural invariant CVL (inductive-invariant-proposing-cleanly)]: rule analysis start -> owner_list_no_dead_ends for execTransaction(address,uint256,bytes,uint8,uint256,uint256,uint256,address,address,bytes)
[Structural invariant CVL (inductive-invariant-proposing-cleanly)]: rule analysis start -> owner_list_no_dead_ends for <receiveOrFallback>()
[Structural invariant CVL (inductive-invariant-proposing-cleanly)]: rule analysis start -> owner_list_no_dead_ends for execTransactionFromModule(address,uint256,bytes,uint8)
[Structural invariant CVL (inductive-invariant-proposing-cleanly)]: rule analysis start -> owner_list_no_dead_ends for execTransactionFromModuleReturnData(address,uint256,bytes,uint8)
[Structural invariant CVL (inductive-invariant-proposing-cleanly)]: rule analysis start -> owner_list_no_dead_ends for removeOwner(address,address,uint256)
[Structural invariant CVL (inductive-invariant-proposing-cleanly)]: rule analysis start -> owner_list_no_dead_ends for swapOwner(address,address,address)
[Structural invariant CVL (inductive-invariant-proposing-cleanly)]: rule analysis start -> owner_list_no_dead_ends for Safe.addOwnerWithThreshold(address,uint256)
[Structural invariant CVL (inductive-invariant-proposing-cleanly)]: rule analysis start -> sentinel_initialized_when_threshold_positive for execTransaction(address,uint256,bytes,uint8,uint256,uint256,uint256,address,address,bytes)
[Structural invariant CVL (inductive-invariant-proposing-cleanly)]: rule analysis start -> sentinel_initialized_when_threshold_positive for <receiveOrFallback>()
[Structural invariant CVL (inductive-invariant-proposing-cleanly)]: rule analysis start -> sentinel_initialized_when_threshold_positive for changeThreshold(uint256)
[Structural invariant CVL (inductive-invariant-proposing-cleanly)]: rule analysis start -> sentinel_initialized_when_threshold_positive for execTransactionFromModule(address,uint256,bytes,uint8)
[Structural invariant CVL (inductive-invariant-proposing-cleanly)]: rule analysis start -> sentinel_initialized_when_threshold_positive for execTransactionFromModuleReturnData(address,uint256,bytes,uint8)
[Structural invariant CVL (inductive-invariant-proposing-cleanly)]: rule analysis start -> sentinel_initialized_when_threshold_positive for removeOwner(address,address,uint256)
[Structural invariant CVL (inductive-invariant-proposing-cleanly)]: rule analysis start -> sentinel_module_initialized_when_ownercount_positive for execTransaction(address,uint256,bytes,uint8,uint256,uint256,uint256,address,address,bytes)
[Structural invariant CVL (inductive-invariant-proposing-cleanly)]: rule analysis start -> sentinel_module_initialized_when_ownercount_positive for disableModule(address,address)
[Structural invariant CVL (inductive-invariant-proposing-cleanly)]: rule analysis start -> sentinel_module_initialized_when_ownercount_positive for <receiveOrFallback>()
[Structural invariant CVL (inductive-invariant-proposing-cleanly)]: rule analysis start -> sentinel_module_initialized_when_ownercount_positive for execTransactionFromModule(address,uint256,bytes,uint8)
[Structural invariant CVL (inductive-invariant-proposing-cleanly)]: rule analysis start -> sentinel_module_initialized_when_ownercount_positive for execTransactionFromModuleReturnData(address,uint256,bytes,uint8)
[Structural invariant CVL (inductive-invariant-proposing-cleanly)]: rule analysis start -> threshold_and_ownercount_jointly_zero for execTransaction(address,uint256,bytes,uint8,uint256,uint256,uint256,address,address,bytes)
[Structural invariant CVL (inductive-invariant-proposing-cleanly)]: rule analysis start -> threshold_and_ownercount_jointly_zero for addOwnerWithThreshold(address,uint256)
[Structural invariant CVL (inductive-invariant-proposing-cleanly)]: rule analysis start -> threshold_and_ownercount_jointly_zero for <receiveOrFallback>()
[Structural invariant CVL (inductive-invariant-proposing-cleanly)]: rule analysis start -> threshold_and_ownercount_jointly_zero for execTransactionFromModule(address,uint256,bytes,uint8)
[Structural invariant CVL (inductive-invariant-proposing-cleanly)]: rule analysis start -> threshold_and_ownercount_jointly_zero for execTransactionFromModuleReturnData(address,uint256,bytes,uint8)
[Structural invariant CVL (inductive-invariant-proposing-cleanly)]: rule analysis start -> threshold_le_ownercount for execTransaction(address,uint256,bytes,uint8,uint256,uint256,uint256,address,address,bytes)
[Structural invariant CVL (inductive-invariant-proposing-cleanly)]: rule analysis start -> threshold_le_ownercount for addOwnerWithThreshold(address,uint256)
[Structural invariant CVL (inductive-invariant-proposing-cleanly)]: rule analysis start -> threshold_le_ownercount for <receiveOrFallback>()
[Structural invariant CVL (inductive-invariant-proposing-cleanly)]: rule analysis start -> threshold_le_ownercount for execTransactionFromModule(address,uint256,bytes,uint8)
[Structural invariant CVL (inductive-invariant-proposing-cleanly)]: rule analysis start -> threshold_le_ownercount for execTransactionFromModuleReturnData(address,uint256,bytes,uint8)
[Structural invariant CVL (inductive-invariant-proposing-cleanly)]: rule analysis start -> zero_not_module for execTransaction(address,uint256,bytes,uint8,uint256,uint256,uint256,address,address,bytes)
[Structural invariant CVL (inductive-invariant-proposing-cleanly)]: rule analysis start -> zero_not_module for <receiveOrFallback>()
[Structural invariant CVL (inductive-invariant-proposing-cleanly)]: rule analysis start -> zero_not_module for execTransactionFromModule(address,uint256,bytes,uint8)
[Structural invariant CVL (inductive-invariant-proposing-cleanly)]: rule analysis start -> zero_not_module for execTransactionFromModuleReturnData(address,uint256,bytes,uint8)
[Structural invariant CVL (inductive-invariant-proposing-cleanly)]: rule analysis start -> zero_not_owner for execTransaction(address,uint256,bytes,uint8,uint256,uint256,uint256,address,address,bytes)
[Structural invariant CVL (inductive-invariant-proposing-cleanly)]: rule analysis start -> zero_not_owner for <receiveOrFallback>()
[Structural invariant CVL (inductive-invariant-proposing-cleanly)]: rule analysis start -> zero_not_owner for execTransactionFromModule(address,uint256,bytes,uint8)
[Structural invariant CVL (inductive-invariant-proposing-cleanly)]: rule analysis start -> zero_not_owner for execTransactionFromModuleReturnData(address,uint256,bytes,uint8)
[Structural invariant CVL (inductive-invariant-proposing-cleanly)]: rule analysis complete -> threshold_le_ownercount for <receiveOrFallback>()
[Structural invariant CVL (inductive-invariant-proposing-cleanly)]: rule analysis complete -> fallback_handler_not_self for <receiveOrFallback>()
[Structural invariant CVL (inductive-invariant-proposing-cleanly)]: rule analysis complete -> owner_list_no_dead_ends for <receiveOrFallback>()
[Structural invariant CVL (inductive-invariant-proposing-cleanly)]: rule analysis complete -> sentinel_module_initialized_when_ownercount_positive for disableModule(address,address)
[Structural invariant CVL (inductive-invariant-proposing-cleanly)]: rule analysis complete -> zero_not_owner for <receiveOrFallback>()
[Structural invariant CVL (inductive-invariant-proposing-cleanly)]: rule analysis complete -> sentinel_initialized_when_threshold_positive for <receiveOrFallback>()
[Structural invariant CVL (inductive-invariant-proposing-cleanly)]: rule analysis complete -> sentinel_module_initialized_when_ownercount_positive for <receiveOrFallback>()
[Structural invariant CVL (inductive-invariant-proposing-cleanly)]: rule analysis complete -> threshold_and_ownercount_jointly_zero for <receiveOrFallback>()
[Structural invariant CVL (inductive-invariant-proposing-cleanly)]: rule analysis complete -> threshold_le_ownercount for addOwnerWithThreshold(address,uint256)
[Structural invariant CVL (inductive-invariant-proposing-cleanly)]: rule analysis complete -> owner_list_no_dead_ends for Safe.addOwnerWithThreshold(address,uint256)
[Structural invariant CVL (inductive-invariant-proposing-cleanly)]: rule analysis complete -> zero_not_owner for execTransactionFromModule(address,uint256,bytes,uint8)
[Structural invariant CVL (inductive-invariant-proposing-cleanly)]: rule analysis complete -> owner_list_no_dead_ends for removeOwner(address,address,uint256)
[Structural invariant CVL (inductive-invariant-proposing-cleanly)]: rule analysis complete -> sentinel_initialized_when_threshold_positive for changeThreshold(uint256)
[Structural invariant CVL (inductive-invariant-proposing-cleanly)]: rule analysis complete -> fallback_handler_not_self for execTransactionFromModule(address,uint256,bytes,uint8)
[Structural invariant CVL (inductive-invariant-proposing-cleanly)]: rule analysis complete -> owner_list_no_dead_ends for swapOwner(address,address,address)
[Structural invariant CVL (inductive-invariant-proposing-cleanly)]: rule analysis complete -> zero_not_module for <receiveOrFallback>()
[Structural invariant CVL (inductive-invariant-proposing-cleanly)]: rule analysis complete -> sentinel_initialized_when_threshold_positive for execTransaction(address,uint256,bytes,uint8,uint256,uint256,uint256,address,address,bytes)
[Structural invariant CVL (inductive-invariant-proposing-cleanly)]: rule analysis complete -> threshold_and_ownercount_jointly_zero for execTransactionFromModule(address,uint256,bytes,uint8)
[Structural invariant CVL (inductive-invariant-proposing-cleanly)]: rule analysis complete -> threshold_and_ownercount_jointly_zero for addOwnerWithThreshold(address,uint256)
[Structural invariant CVL (inductive-invariant-proposing-cleanly)]: rule analysis complete -> sentinel_initialized_when_threshold_positive for execTransactionFromModule(address,uint256,bytes,uint8)
[Structural invariant CVL (inductive-invariant-proposing-cleanly)]: rule analysis complete -> owner_list_no_dead_ends for execTransaction(address,uint256,bytes,uint8,uint256,uint256,uint256,address,address,bytes)
[Structural invariant CVL (inductive-invariant-proposing-cleanly)]: rule analysis complete -> zero_not_module for execTransactionFromModule(address,uint256,bytes,uint8)
[Structural invariant CVL (inductive-invariant-proposing-cleanly)]: rule analysis complete -> owner_list_no_dead_ends for execTransactionFromModule(address,uint256,bytes,uint8)
[Structural invariant CVL (inductive-invariant-proposing-cleanly)]: rule analysis complete -> threshold_and_ownercount_jointly_zero for execTransactionFromModuleReturnData(address,uint256,bytes,uint8)
[Structural invariant CVL (inductive-invariant-proposing-cleanly)]: rule analysis complete -> zero_not_module for execTransactionFromModuleReturnData(address,uint256,bytes,uint8)
[Structural invariant CVL (inductive-invariant-proposing-cleanly)]: rule analysis complete -> zero_not_owner for execTransaction(address,uint256,bytes,uint8,uint256,uint256,uint256,address,address,bytes)
[Structural invariant CVL (inductive-invariant-proposing-cleanly)]: rule analysis complete -> threshold_le_ownercount for execTransactionFromModuleReturnData(address,uint256,bytes,uint8)
[Structural invariant CVL (inductive-invariant-proposing-cleanly)]: rule analysis complete -> sentinel_initialized_when_threshold_positive for removeOwner(address,address,uint256)
[Structural invariant CVL (inductive-invariant-proposing-cleanly)]: rule analysis complete -> owner_list_no_dead_ends for execTransactionFromModuleReturnData(address,uint256,bytes,uint8)
[Structural invariant CVL (inductive-invariant-proposing-cleanly)]: rule analysis complete -> sentinel_module_initialized_when_ownercount_positive for execTransaction(address,uint256,bytes,uint8,uint256,uint256,uint256,address,address,bytes)
[Structural invariant CVL (inductive-invariant-proposing-cleanly)]: rule analysis complete -> zero_not_module for execTransaction(address,uint256,bytes,uint8,uint256,uint256,uint256,address,address,bytes)
[Structural invariant CVL (inductive-invariant-proposing-cleanly)]: rule analysis complete -> fallback_handler_not_self for execTransaction(address,uint256,bytes,uint8,uint256,uint256,uint256,address,address,bytes)
[Structural invariant CVL (inductive-invariant-proposing-cleanly)]: rule analysis complete -> fallback_handler_not_self for execTransactionFromModuleReturnData(address,uint256,bytes,uint8)
[Structural invariant CVL (inductive-invariant-proposing-cleanly)]: rule analysis complete -> sentinel_initialized_when_threshold_positive for execTransactionFromModuleReturnData(address,uint256,bytes,uint8)
[Structural invariant CVL (inductive-invariant-proposing-cleanly)]: rule analysis complete -> threshold_le_ownercount for execTransaction(address,uint256,bytes,uint8,uint256,uint256,uint256,address,address,bytes)
[Structural invariant CVL (inductive-invariant-proposing-cleanly)]: rule analysis complete -> sentinel_module_initialized_when_ownercount_positive for execTransactionFromModuleReturnData(address,uint256,bytes,uint8)
[Structural invariant CVL (inductive-invariant-proposing-cleanly)]: rule analysis complete -> zero_not_owner for execTransactionFromModuleReturnData(address,uint256,bytes,uint8)
[Structural invariant CVL (inductive-invariant-proposing-cleanly)]: rule analysis complete -> sentinel_module_initialized_when_ownercount_positive for execTransactionFromModule(address,uint256,bytes,uint8)
[Structural invariant CVL (inductive-invariant-proposing-cleanly)]: rule analysis complete -> execTransaction_reverts_when_threshold_zero
[Structural invariant CVL (inductive-invariant-proposing-cleanly)]: rule analysis complete -> threshold_and_ownercount_jointly_zero for execTransaction(address,uint256,bytes,uint8,uint256,uint256,uint256,address,address,bytes)
[Structural invariant CVL (inductive-invariant-proposing-cleanly)]: rule analysis complete -> threshold_le_ownercount for execTransactionFromModule(address,uint256,bytes,uint8)
[Structural invariant CVL (inductive-invariant-proposing-cleanly)] at node: tools
[Structural invariant CVL (inductive-invariant-proposing-cleanly)] at node: tool_result; tool calls: [grep_files]
[Structural invariant CVL (inductive-invariant-proposing-cleanly)] at node: tools
[Structural invariant CVL (inductive-invariant-proposing-cleanly)] at node: tool_result; tool calls: [get_file]
[Structural invariant CVL (inductive-invariant-proposing-cleanly)] at node: tools
[Structural invariant CVL (inductive-invariant-proposing-cleanly)] at node: tool_result; tool calls: [get_file]
[Structural invariant CVL (inductive-invariant-proposing-cleanly)] at node: tools
[Structural invariant CVL (inductive-invariant-proposing-cleanly)] at node: tool_result; tool calls: [grep_files]
[Structural invariant CVL (inductive-invariant-proposing-cleanly)] at node: tools
[Structural invariant CVL (inductive-invariant-proposing-cleanly)] at node: tool_result; tool calls: [grep_files]
[Structural invariant CVL (inductive-invariant-proposing-cleanly)] at node: tools
[Structural invariant CVL (inductive-invariant-proposing-cleanly)] at node: tool_result; tool calls: [get_file]
[Structural invariant CVL (inductive-invariant-proposing-cleanly)] at node: tools
[Structural invariant CVL (inductive-invariant-proposing-cleanly)] at node: tool_result; tool calls: [get_file]
[Structural invariant CVL (inductive-invariant-proposing-cleanly)] at node: tools
[Structural invariant CVL (inductive-invariant-proposing-cleanly)] at node: tool_result; tool calls: [grep_files]
[Structural invariant CVL (inductive-invariant-proposing-cleanly)] at node: tools
[Structural invariant CVL (inductive-invariant-proposing-cleanly)] at node: tool_result; tool calls: [get_file]
[Structural invariant CVL (inductive-invariant-proposing-cleanly)] at node: tools
[Structural invariant CVL (inductive-invariant-proposing-cleanly)] at node: tool_result; tool calls: [get_file]
[Structural invariant CVL (inductive-invariant-proposing-cleanly)] at node: tools
[Structural invariant CVL (inductive-invariant-proposing-cleanly)] at node: tool_result; tool calls: [get_file]
[Structural invariant CVL (inductive-invariant-proposing-cleanly)] at node: tools
[Structural invariant CVL (inductive-invariant-proposing-cleanly)] at node: tool_result; tool calls: [get_file]
[Structural invariant CVL (inductive-invariant-proposing-cleanly)] at node: tools
[Structural invariant CVL (inductive-invariant-proposing-cleanly)] at node: tool_result; tool calls: [get_file]
[Structural invariant CVL (inductive-invariant-proposing-cleanly)] at node: tools
[Structural invariant CVL (inductive-invariant-proposing-cleanly)] at node: tool_result; tool calls: [get_file]
[Structural invariant CVL (inductive-invariant-proposing-cleanly)] at node: tools
[Structural invariant CVL (inductive-invariant-proposing-cleanly)] at node: tool_result; tool calls: [cvl_research]
[Structural invariant CVL (inductive-invariant-proposing-cleanly) / CVL Researcher] start  (via tool: toolu_01SbjhLd5YGJJz72tFAryzV5)
[Structural invariant CVL (inductive-invariant-proposing-cleanly) / CVL Researcher] at node: initial; tool calls: [cvl_manual_search, cvl_keyword_search]
[Structural invariant CVL (inductive-invariant-proposing-cleanly) / CVL Researcher] at node: tools
[Structural invariant CVL (inductive-invariant-proposing-cleanly) / CVL Researcher] at node: tool_result; tool calls: [cvl_manual_search, cvl_keyword_search]
[Structural invariant CVL (inductive-invariant-proposing-cleanly) / CVL Researcher] at node: tools
[Structural invariant CVL (inductive-invariant-proposing-cleanly) / CVL Researcher] at node: tool_result; tool calls: [get_cvl_manual_section, cvl_manual_search]
[Structural invariant CVL (inductive-invariant-proposing-cleanly) / CVL Researcher] at node: tools
[Structural invariant CVL (inductive-invariant-proposing-cleanly) / CVL Researcher] at node: tool_result; tool calls: [get_cvl_manual_section, cvl_manual_search]
[Structural invariant CVL (inductive-invariant-proposing-cleanly) / CVL Researcher] at node: tools
[Structural invariant CVL (inductive-invariant-proposing-cleanly) / CVL Researcher] at node: tool_result; tool calls: [get_cvl_manual_section, scan_knowledge_base]
[Structural invariant CVL (inductive-invariant-proposing-cleanly) / CVL Researcher] at node: tools
[Structural invariant CVL (inductive-invariant-proposing-cleanly) / CVL Researcher] at node: tool_result; tool calls: [get_knowledge_base_article, cvl_manual_search]
[Structural invariant CVL (inductive-invariant-proposing-cleanly) / CVL Researcher] at node: tools
[Structural invariant CVL (inductive-invariant-proposing-cleanly) / CVL Researcher] at node: tool_result; tool calls: [cvl_keyword_search, scan_knowledge_base]
[Structural invariant CVL (inductive-invariant-proposing-cleanly) / CVL Researcher] at node: tools
[Structural invariant CVL (inductive-invariant-proposing-cleanly) / CVL Researcher] at node: tool_result; tool calls: [get_cvl_manual_section, cvl_manual_search]
[Structural invariant CVL (inductive-invariant-proposing-cleanly) / CVL Researcher] at node: tools
[Structural invariant CVL (inductive-invariant-proposing-cleanly) / CVL Researcher] at node: tool_result; tool calls: [cvl_manual_search, cvl_keyword_search]
[Structural invariant CVL (inductive-invariant-proposing-cleanly) / CVL Researcher] at node: tools
[Structural invariant CVL (inductive-invariant-proposing-cleanly) / CVL Researcher] at node: tool_result; tool calls: [get_cvl_manual_section, cvl_keyword_search]
[Structural invariant CVL (inductive-invariant-proposing-cleanly) / CVL Researcher] at node: tools
[Structural invariant CVL (inductive-invariant-proposing-cleanly) / CVL Researcher] at node: tool_result; tool calls: [cvl_keyword_search, scan_knowledge_base]
[Structural invariant CVL (inductive-invariant-proposing-cleanly) / CVL Researcher] at node: tools
[Structural invariant CVL (inductive-invariant-proposing-cleanly) / CVL Researcher] at node: tool_result; tool calls: [get_cvl_manual_section]
[Structural invariant CVL (inductive-invariant-proposing-cleanly) / CVL Researcher] at node: tools
[Structural invariant CVL (inductive-invariant-proposing-cleanly) / CVL Researcher] at node: tool_result; tool calls: [cvl_manual_search, cvl_keyword_search]
[Structural invariant CVL (inductive-invariant-proposing-cleanly) / CVL Researcher] at node: tools
[Structural invariant CVL (inductive-invariant-proposing-cleanly) / CVL Researcher] at node: tool_result; tool calls: [get_cvl_manual_section]
[Structural invariant CVL (inductive-invariant-proposing-cleanly) / CVL Researcher] at node: tools
[Structural invariant CVL (inductive-invariant-proposing-cleanly) / CVL Researcher] at node: tool_result; tool calls: [write_rough_draft]
[Structural invariant CVL (inductive-invariant-proposing-cleanly) / CVL Researcher] at node: tools
[Structural invariant CVL (inductive-invariant-proposing-cleanly) / CVL Researcher] at node: tool_result; tool calls: [read_rough_draft]
[Structural invariant CVL (inductive-invariant-proposing-cleanly) / CVL Researcher] at node: tools
[Structural invariant CVL (inductive-invariant-proposing-cleanly) / CVL Researcher] at node: tool_result; tool calls: [result]
[Structural invariant CVL (inductive-invariant-proposing-cleanly) / CVL Researcher] at node: tools
[Structural invariant CVL (inductive-invariant-proposing-cleanly) / CVL Researcher] end
[Structural invariant CVL (inductive-invariant-proposing-cleanly)] at node: tools
[Structural invariant CVL (inductive-invariant-proposing-cleanly)] at node: tool_result; tool calls: [put_cvl_raw]
[Structural invariant CVL (inductive-invariant-proposing-cleanly)] at node: tools
[Structural invariant CVL (inductive-invariant-proposing-cleanly)] at node: tool_result; tool calls: [verify_spec]
[Structural invariant CVL (inductive-invariant-proposing-cleanly)]: prover start
[Structural invariant CVL (inductive-invariant-proposing-cleanly)]; prover complete
[Structural invariant CVL (inductive-invariant-proposing-cleanly)]: rule analysis start -> modules_list_no_dead_ends for disableModule(address,address)
[Structural invariant CVL (inductive-invariant-proposing-cleanly)]: rule analysis start -> modules_list_no_dead_ends for enableModule(address)
[Structural invariant CVL (inductive-invariant-proposing-cleanly)]: rule analysis start -> modules_list_no_dead_ends for Safe.execTransaction(address,uint256,bytes,Enum.Operation,uint256,uint256,uint256,address,address,bytes)
[Structural invariant CVL (inductive-invariant-proposing-cleanly)]: rule analysis start -> no_owner_self_loop for constructor
[Structural invariant CVL (inductive-invariant-proposing-cleanly)]: rule analysis start -> no_owner_self_loop for execTransaction(address,uint256,bytes,uint8,uint256,uint256,uint256,address,address,bytes)
[Structural invariant CVL (inductive-invariant-proposing-cleanly)]: rule analysis start -> no_owner_self_loop for addOwnerWithThreshold(address,uint256)
[Structural invariant CVL (inductive-invariant-proposing-cleanly)]: rule analysis start -> no_owner_self_loop for removeOwner(address,address,uint256)
[Structural invariant CVL (inductive-invariant-proposing-cleanly)]: rule analysis start -> no_owner_self_loop for swapOwner(address,address,address)
[Structural invariant CVL (inductive-invariant-proposing-cleanly)]: rule analysis start -> owner_list_no_dead_ends for Safe.removeOwner(address,address,uint256)
[Structural invariant CVL (inductive-invariant-proposing-cleanly)]: rule analysis start -> owner_list_no_dead_ends for Safe.swapOwner(address,address,address)
[Structural invariant CVL (inductive-invariant-proposing-cleanly)]: rule analysis start -> owner_list_no_dead_ends for Safe.execTransaction(address,uint256,bytes,Enum.Operation,uint256,uint256,uint256,address,address,bytes)
[Structural invariant CVL (inductive-invariant-proposing-cleanly)]: rule analysis start -> sentinel_initialized_when_threshold_positive for Safe.execTransaction(address,uint256,bytes,Enum.Operation,uint256,uint256,uint256,address,address,bytes)
[Structural invariant CVL (inductive-invariant-proposing-cleanly)]: rule analysis start -> sentinel_module_initialized_when_ownercount_positive for Safe.execTransaction(address,uint256,bytes,Enum.Operation,uint256,uint256,uint256,address,address,bytes)
[Structural invariant CVL (inductive-invariant-proposing-cleanly)]: rule analysis start -> threshold_and_ownercount_jointly_zero for Safe.execTransaction(address,uint256,bytes,Enum.Operation,uint256,uint256,uint256,address,address,bytes)
[Structural invariant CVL (inductive-invariant-proposing-cleanly)]: rule analysis start -> threshold_le_ownercount for Safe.execTransaction(address,uint256,bytes,Enum.Operation,uint256,uint256,uint256,address,address,bytes)
[Structural invariant CVL (inductive-invariant-proposing-cleanly)]: rule analysis start -> zero_not_module for execTransaction(address,uint256,bytes,uint8,uint256,uint256,uint256,address,address,bytes)
[Structural invariant CVL (inductive-invariant-proposing-cleanly)]: rule analysis start -> zero_not_owner for execTransaction(address,uint256,bytes,uint8,uint256,uint256,uint256,address,address,bytes)
[Structural invariant CVL (inductive-invariant-proposing-cleanly)]: rule analysis complete -> threshold_le_ownercount for Safe.execTransaction(address,uint256,bytes,Enum.Operation,uint256,uint256,uint256,address,address,bytes)
[Structural invariant CVL (inductive-invariant-proposing-cleanly)]: rule analysis complete -> no_owner_self_loop for constructor
[Structural invariant CVL (inductive-invariant-proposing-cleanly)]: rule analysis complete -> modules_list_no_dead_ends for disableModule(address,address)
[Structural invariant CVL (inductive-invariant-proposing-cleanly)]: rule analysis complete -> modules_list_no_dead_ends for enableModule(address)
[Structural invariant CVL (inductive-invariant-proposing-cleanly)]: rule analysis complete -> no_owner_self_loop for swapOwner(address,address,address)
[Structural invariant CVL (inductive-invariant-proposing-cleanly)]: rule analysis complete -> no_owner_self_loop for addOwnerWithThreshold(address,uint256)
[Structural invariant CVL (inductive-invariant-proposing-cleanly)]: rule analysis complete -> owner_list_no_dead_ends for Safe.removeOwner(address,address,uint256)
[Structural invariant CVL (inductive-invariant-proposing-cleanly)]: rule analysis complete -> threshold_and_ownercount_jointly_zero for Safe.execTransaction(address,uint256,bytes,Enum.Operation,uint256,uint256,uint256,address,address,bytes)
[Structural invariant CVL (inductive-invariant-proposing-cleanly)]: rule analysis complete -> owner_list_no_dead_ends for Safe.execTransaction(address,uint256,bytes,Enum.Operation,uint256,uint256,uint256,address,address,bytes)
[Structural invariant CVL (inductive-invariant-proposing-cleanly)]: rule analysis complete -> owner_list_no_dead_ends for Safe.swapOwner(address,address,address)
[Structural invariant CVL (inductive-invariant-proposing-cleanly)]: rule analysis complete -> no_owner_self_loop for removeOwner(address,address,uint256)
[Structural invariant CVL (inductive-invariant-proposing-cleanly)]: rule analysis complete -> zero_not_module for execTransaction(address,uint256,bytes,uint8,uint256,uint256,uint256,address,address,bytes)
[Structural invariant CVL (inductive-invariant-proposing-cleanly)]: rule analysis complete -> no_owner_self_loop for execTransaction(address,uint256,bytes,uint8,uint256,uint256,uint256,address,address,bytes)
[Structural invariant CVL (inductive-invariant-proposing-cleanly)]: rule analysis complete -> sentinel_module_initialized_when_ownercount_positive for Safe.execTransaction(address,uint256,bytes,Enum.Operation,uint256,uint256,uint256,address,address,bytes)
[Structural invariant CVL (inductive-invariant-proposing-cleanly)]: rule analysis complete -> zero_not_owner for execTransaction(address,uint256,bytes,uint8,uint256,uint256,uint256,address,address,bytes)
[Structural invariant CVL (inductive-invariant-proposing-cleanly)]: rule analysis complete -> sentinel_initialized_when_threshold_positive for Safe.execTransaction(address,uint256,bytes,Enum.Operation,uint256,uint256,uint256,address,address,bytes)
[Structural invariant CVL (inductive-invariant-proposing-cleanly)]: rule analysis complete -> modules_list_no_dead_ends for Safe.execTransaction(address,uint256,bytes,Enum.Operation,uint256,uint256,uint256,address,address,bytes)
[Structural invariant CVL (inductive-invariant-proposing-cleanly)] at node: tools
[Structural invariant CVL (inductive-invariant-proposing-cleanly)] at node: tool_result; tool calls: [put_cvl_raw]
[Structural invariant CVL (inductive-invariant-proposing-cleanly)] at node: tools
[Structural invariant CVL (inductive-invariant-proposing-cleanly)] at node: tool_result; tool calls: [put_cvl_raw]
[Structural invariant CVL (inductive-invariant-proposing-cleanly)] at node: tools
[Structural invariant CVL (inductive-invariant-proposing-cleanly)] at node: tool_result; tool calls: [cvl_research]
[Structural invariant CVL (inductive-invariant-proposing-cleanly) / CVL Researcher] start  (via tool: toolu_01V5n95PcEfZUFq9V5b1Vhmt)
[Structural invariant CVL (inductive-invariant-proposing-cleanly) / CVL Researcher] at node: initial; tool calls: [cvl_manual_search, cvl_keyword_search]
[Structural invariant CVL (inductive-invariant-proposing-cleanly) / CVL Researcher] at node: tools
[Structural invariant CVL (inductive-invariant-proposing-cleanly) / CVL Researcher] at node: tool_result; tool calls: [cvl_manual_search, get_cvl_manual_section]
[Structural invariant CVL (inductive-invariant-proposing-cleanly) / CVL Researcher] at node: tools
[Structural invariant CVL (inductive-invariant-proposing-cleanly) / CVL Researcher] at node: tool_result; tool calls: [get_cvl_manual_section, get_cvl_manual_section]
[Structural invariant CVL (inductive-invariant-proposing-cleanly) / CVL Researcher] at node: tools
[Structural invariant CVL (inductive-invariant-proposing-cleanly) / CVL Researcher] at node: tool_result; tool calls: [write_rough_draft]
[Structural invariant CVL (inductive-invariant-proposing-cleanly) / CVL Researcher] at node: tools
[Structural invariant CVL (inductive-invariant-proposing-cleanly) / CVL Researcher] at node: tool_result; tool calls: [read_rough_draft]
[Structural invariant CVL (inductive-invariant-proposing-cleanly) / CVL Researcher] at node: tools
[Structural invariant CVL (inductive-invariant-proposing-cleanly) / CVL Researcher] at node: tool_result; tool calls: [result]
[Structural invariant CVL (inductive-invariant-proposing-cleanly) / CVL Researcher] at node: tools
[Structural invariant CVL (inductive-invariant-proposing-cleanly) / CVL Researcher] end
[Structural invariant CVL (inductive-invariant-proposing-cleanly)] at node: tools
[Structural invariant CVL (inductive-invariant-proposing-cleanly)] at node: summarize
[Structural invariant CVL (inductive-invariant-proposing-cleanly)] at node: tool_result; tool calls: [memory]
[Structural invariant CVL (inductive-invariant-proposing-cleanly)] at node: tools
[Structural invariant CVL (inductive-invariant-proposing-cleanly)] at node: tool_result; tool calls: [memory]
[Structural invariant CVL (inductive-invariant-proposing-cleanly)] at node: tools
[Structural invariant CVL (inductive-invariant-proposing-cleanly)] at node: tool_result; tool calls: [get_cvl]
[Structural invariant CVL (inductive-invariant-proposing-cleanly)] at node: tools
[Structural invariant CVL (inductive-invariant-proposing-cleanly)] at node: tool_result; tool calls: [grep_files]
[Structural invariant CVL (inductive-invariant-proposing-cleanly)] at node: tools
[Structural invariant CVL (inductive-invariant-proposing-cleanly)] at node: tool_result; tool calls: [get_file, get_file]
[Structural invariant CVL (inductive-invariant-proposing-cleanly)] at node: tools
[Structural invariant CVL (inductive-invariant-proposing-cleanly)] at node: tool_result; tool calls: [get_file, get_file]
[Structural invariant CVL (inductive-invariant-proposing-cleanly)] at node: tools
[Structural invariant CVL (inductive-invariant-proposing-cleanly)] at node: tool_result; tool calls: [get_cvl]
[Structural invariant CVL (inductive-invariant-proposing-cleanly)] at node: tools
[Structural invariant CVL (inductive-invariant-proposing-cleanly)] at node: tool_result; tool calls: [put_cvl_raw]
[Structural invariant CVL (inductive-invariant-proposing-cleanly)] at node: tools
[Structural invariant CVL (inductive-invariant-proposing-cleanly)] at node: tool_result; tool calls: [memory]
[Structural invariant CVL (inductive-invariant-proposing-cleanly)] at node: tools
[Structural invariant CVL (inductive-invariant-proposing-cleanly)] at node: tool_result; tool calls: [verify_spec]
[Structural invariant CVL (inductive-invariant-proposing-cleanly)]: prover start
[Structural invariant CVL (inductive-invariant-proposing-cleanly)]; prover complete
[Structural invariant CVL (inductive-invariant-proposing-cleanly)]: rule analysis start -> modules_list_no_dead_ends for disableModule(address,address)
[Structural invariant CVL (inductive-invariant-proposing-cleanly)]: rule analysis start -> modules_list_no_dead_ends for enableModule(address)
[Structural invariant CVL (inductive-invariant-proposing-cleanly)]: rule analysis start -> modules_list_no_dead_ends for Safe.execTransaction(address,uint256,bytes,Enum.Operation,uint256,uint256,uint256,address,address,bytes)
[Structural invariant CVL (inductive-invariant-proposing-cleanly)]: rule analysis start -> no_owner_self_loop for execTransaction(address,uint256,bytes,uint8,uint256,uint256,uint256,address,address,bytes)
[Structural invariant CVL (inductive-invariant-proposing-cleanly)]: rule analysis start -> no_owner_self_loop for addOwnerWithThreshold(address,uint256)
[Structural invariant CVL (inductive-invariant-proposing-cleanly)]: rule analysis start -> no_owner_self_loop for removeOwner(address,address,uint256)
[Structural invariant CVL (inductive-invariant-proposing-cleanly)]: rule analysis start -> no_owner_self_loop for swapOwner(address,address,address)
[Structural invariant CVL (inductive-invariant-proposing-cleanly)]: rule analysis start -> no_owner_self_loop for constructor
[Structural invariant CVL (inductive-invariant-proposing-cleanly)]: rule analysis start -> owner_list_no_dead_ends for Safe.removeOwner(address,address,uint256)
[Structural invariant CVL (inductive-invariant-proposing-cleanly)]: rule analysis start -> owner_list_no_dead_ends for Safe.swapOwner(address,address,address)
[Structural invariant CVL (inductive-invariant-proposing-cleanly)]: rule analysis start -> owner_list_no_dead_ends for Safe.execTransaction(address,uint256,bytes,Enum.Operation,uint256,uint256,uint256,address,address,bytes)
[Structural invariant CVL (inductive-invariant-proposing-cleanly)]: rule analysis start -> sentinel_initialized_when_threshold_positive for Safe.execTransaction(address,uint256,bytes,Enum.Operation,uint256,uint256,uint256,address,address,bytes)
[Structural invariant CVL (inductive-invariant-proposing-cleanly)]: rule analysis start -> sentinel_module_initialized_when_ownercount_positive for Safe.execTransaction(address,uint256,bytes,Enum.Operation,uint256,uint256,uint256,address,address,bytes)
[Structural invariant CVL (inductive-invariant-proposing-cleanly)]: rule analysis start -> threshold_and_ownercount_jointly_zero for Safe.execTransaction(address,uint256,bytes,Enum.Operation,uint256,uint256,uint256,address,address,bytes)
[Structural invariant CVL (inductive-invariant-proposing-cleanly)]: rule analysis start -> threshold_le_ownercount for Safe.execTransaction(address,uint256,bytes,Enum.Operation,uint256,uint256,uint256,address,address,bytes)
[Structural invariant CVL (inductive-invariant-proposing-cleanly)]: rule analysis start -> zero_not_module for execTransaction(address,uint256,bytes,uint8,uint256,uint256,uint256,address,address,bytes)
[Structural invariant CVL (inductive-invariant-proposing-cleanly)]: rule analysis start -> zero_not_owner for execTransaction(address,uint256,bytes,uint8,uint256,uint256,uint256,address,address,bytes)
[Structural invariant CVL (inductive-invariant-proposing-cleanly)]: rule analysis complete -> no_owner_self_loop for constructor
[Structural invariant CVL (inductive-invariant-proposing-cleanly)]: rule analysis complete -> no_owner_self_loop for addOwnerWithThreshold(address,uint256)
[Structural invariant CVL (inductive-invariant-proposing-cleanly)]: rule analysis complete -> no_owner_self_loop for swapOwner(address,address,address)
[Structural invariant CVL (inductive-invariant-proposing-cleanly)]: rule analysis complete -> modules_list_no_dead_ends for Safe.execTransaction(address,uint256,bytes,Enum.Operation,uint256,uint256,uint256,address,address,bytes)
[Structural invariant CVL (inductive-invariant-proposing-cleanly)]: rule analysis complete -> no_owner_self_loop for removeOwner(address,address,uint256)
[Structural invariant CVL (inductive-invariant-proposing-cleanly)]: rule analysis complete -> owner_list_no_dead_ends for Safe.swapOwner(address,address,address)
[Structural invariant CVL (inductive-invariant-proposing-cleanly)]: rule analysis complete -> modules_list_no_dead_ends for enableModule(address)
[Structural invariant CVL (inductive-invariant-proposing-cleanly)]: rule analysis complete -> zero_not_owner for execTransaction(address,uint256,bytes,uint8,uint256,uint256,uint256,address,address,bytes)
[Structural invariant CVL (inductive-invariant-proposing-cleanly)]: rule analysis complete -> sentinel_module_initialized_when_ownercount_positive for Safe.execTransaction(address,uint256,bytes,Enum.Operation,uint256,uint256,uint256,address,address,bytes)
[Structural invariant CVL (inductive-invariant-proposing-cleanly)]: rule analysis complete -> owner_list_no_dead_ends for Safe.execTransaction(address,uint256,bytes,Enum.Operation,uint256,uint256,uint256,address,address,bytes)
[Structural invariant CVL (inductive-invariant-proposing-cleanly)]: rule analysis complete -> zero_not_module for execTransaction(address,uint256,bytes,uint8,uint256,uint256,uint256,address,address,bytes)
[Structural invariant CVL (inductive-invariant-proposing-cleanly)]: rule analysis complete -> owner_list_no_dead_ends for Safe.removeOwner(address,address,uint256)
[Structural invariant CVL (inductive-invariant-proposing-cleanly)]: rule analysis complete -> sentinel_initialized_when_threshold_positive for Safe.execTransaction(address,uint256,bytes,Enum.Operation,uint256,uint256,uint256,address,address,bytes)
[Structural invariant CVL (inductive-invariant-proposing-cleanly)]: rule analysis complete -> threshold_le_ownercount for Safe.execTransaction(address,uint256,bytes,Enum.Operation,uint256,uint256,uint256,address,address,bytes)
[Structural invariant CVL (inductive-invariant-proposing-cleanly)]: rule analysis complete -> threshold_and_ownercount_jointly_zero for Safe.execTransaction(address,uint256,bytes,Enum.Operation,uint256,uint256,uint256,address,address,bytes)
[Structural invariant CVL (inductive-invariant-proposing-cleanly)]: rule analysis complete -> no_owner_self_loop for execTransaction(address,uint256,bytes,uint8,uint256,uint256,uint256,address,address,bytes)
[Structural invariant CVL (inductive-invariant-proposing-cleanly)]: rule analysis complete -> modules_list_no_dead_ends for disableModule(address,address)
[Structural invariant CVL (inductive-invariant-proposing-cleanly)] at node: tools
[Structural invariant CVL (inductive-invariant-proposing-cleanly)] at node: tool_result; tool calls: [put_cvl_raw]
[Structural invariant CVL (inductive-invariant-proposing-cleanly)] at node: tools
[Structural invariant CVL (inductive-invariant-proposing-cleanly)] at node: tool_result; tool calls: [verify_spec]
[Structural invariant CVL (inductive-invariant-proposing-cleanly)]: prover start
[Structural invariant CVL (inductive-invariant-proposing-cleanly)]; prover complete
[Structural invariant CVL (inductive-invariant-proposing-cleanly)]: rule analysis start -> modules_list_no_dead_ends for Safe.disableModule(address,address)
[Structural invariant CVL (inductive-invariant-proposing-cleanly)]: rule analysis start -> modules_list_no_dead_ends for Safe.enableModule(address)
[Structural invariant CVL (inductive-invariant-proposing-cleanly)]: rule analysis start -> no_owner_self_loop for Safe.addOwnerWithThreshold(address,uint256)
[Structural invariant CVL (inductive-invariant-proposing-cleanly)]: rule analysis start -> no_owner_self_loop for Safe.removeOwner(address,address,uint256)
[Structural invariant CVL (inductive-invariant-proposing-cleanly)]: rule analysis start -> owner_list_no_dead_ends for Safe.removeOwner(address,address,uint256)
[Structural invariant CVL (inductive-invariant-proposing-cleanly)]: rule analysis start -> owner_list_no_dead_ends for Safe.swapOwner(address,address,address)
[Structural invariant CVL (inductive-invariant-proposing-cleanly)]: rule analysis complete -> no_owner_self_loop for Safe.addOwnerWithThreshold(address,uint256)
[Structural invariant CVL (inductive-invariant-proposing-cleanly)]: rule analysis complete -> modules_list_no_dead_ends for Safe.enableModule(address)
[Structural invariant CVL (inductive-invariant-proposing-cleanly)]: rule analysis complete -> owner_list_no_dead_ends for Safe.swapOwner(address,address,address)
[Structural invariant CVL (inductive-invariant-proposing-cleanly)]: rule analysis complete -> modules_list_no_dead_ends for Safe.disableModule(address,address)
[Structural invariant CVL (inductive-invariant-proposing-cleanly)]: rule analysis complete -> owner_list_no_dead_ends for Safe.removeOwner(address,address,uint256)
[Structural invariant CVL (inductive-invariant-proposing-cleanly)]: rule analysis complete -> no_owner_self_loop for Safe.removeOwner(address,address,uint256)
[Structural invariant CVL (inductive-invariant-proposing-cleanly)] at node: tools
[Structural invariant CVL (inductive-invariant-proposing-cleanly)] at node: tool_result; tool calls: [put_cvl_raw]
[Structural invariant CVL (inductive-invariant-proposing-cleanly)] at node: tools
[Structural invariant CVL (inductive-invariant-proposing-cleanly)] at node: tool_result; tool calls: [verify_spec]
[Structural invariant CVL (inductive-invariant-proposing-cleanly)]: prover start
[Structural invariant CVL (inductive-invariant-proposing-cleanly)]; prover complete
[Structural invariant CVL (inductive-invariant-proposing-cleanly)]: rule analysis start -> modules_list_no_dead_ends for Safe.disableModule(address,address)
[Structural invariant CVL (inductive-invariant-proposing-cleanly)]: rule analysis start -> owner_list_no_dead_ends for Safe.removeOwner(address,address,uint256)
[Structural invariant CVL (inductive-invariant-proposing-cleanly)]: rule analysis complete -> modules_list_no_dead_ends for Safe.disableModule(address,address)
[Structural invariant CVL (inductive-invariant-proposing-cleanly)]: rule analysis complete -> owner_list_no_dead_ends for Safe.removeOwner(address,address,uint256)
[Structural invariant CVL (inductive-invariant-proposing-cleanly)] at node: tools
[Structural invariant CVL (inductive-invariant-proposing-cleanly)] at node: tool_result; tool calls: [put_cvl_raw]
[Structural invariant CVL (inductive-invariant-proposing-cleanly)] at node: tools
[Structural invariant CVL (inductive-invariant-proposing-cleanly)] at node: tool_result; tool calls: [verify_spec]
[Structural invariant CVL (inductive-invariant-proposing-cleanly)]: prover start
[Structural invariant CVL (inductive-invariant-proposing-cleanly)]; prover complete
[Structural invariant CVL (inductive-invariant-proposing-cleanly)]: rule analysis start -> modules_list_no_dead_ends for Safe.disableModule(address,address)
[Structural invariant CVL (inductive-invariant-proposing-cleanly)]: rule analysis complete -> modules_list_no_dead_ends for Safe.disableModule(address,address)
[Structural invariant CVL (inductive-invariant-proposing-cleanly)] at node: tools
[Structural invariant CVL (inductive-invariant-proposing-cleanly)] at node: tool_result; tool calls: [put_cvl_raw]
[Structural invariant CVL (inductive-invariant-proposing-cleanly)] at node: tools
[Structural invariant CVL (inductive-invariant-proposing-cleanly)] at node: tool_result; tool calls: [verify_spec]
[Structural invariant CVL (inductive-invariant-proposing-cleanly)]: prover start
[Structural invariant CVL (inductive-invariant-proposing-cleanly)]; prover complete
[Structural invariant CVL (inductive-invariant-proposing-cleanly)]: rule analysis start -> no_module_self_loop for Safe.disableModule(address,address)
[Structural invariant CVL (inductive-invariant-proposing-cleanly)]: rule analysis complete -> no_module_self_loop for Safe.disableModule(address,address)
[Structural invariant CVL (inductive-invariant-proposing-cleanly)] at node: tools
[Structural invariant CVL (inductive-invariant-proposing-cleanly)] at node: tool_result; tool calls: [put_cvl_raw]
[Structural invariant CVL (inductive-invariant-proposing-cleanly)] at node: tools
[Structural invariant CVL (inductive-invariant-proposing-cleanly)] at node: tool_result; tool calls: [verify_spec]
[Structural invariant CVL (inductive-invariant-proposing-cleanly)]: prover start
[Structural invariant CVL (inductive-invariant-proposing-cleanly)]; prover complete
[Structural invariant CVL (inductive-invariant-proposing-cleanly)] at node: tools
[Structural invariant CVL (inductive-invariant-proposing-cleanly)] at node: tool_result; tool calls: [memory]
[Structural invariant CVL (inductive-invariant-proposing-cleanly)] at node: tools
[Structural invariant CVL (inductive-invariant-proposing-cleanly)] at node: tool_result; tool calls: [feedback_tool]
[Structural invariant CVL (inductive-invariant-proposing-cleanly) / Property feedback judge] start  (via tool: toolu_01MofMd9WYPNqaN6rxzpHVQ8)
[Structural invariant CVL (inductive-invariant-proposing-cleanly) / Property feedback judge] at node: initial; tool calls: [memory]
[Structural invariant CVL (inductive-invariant-proposing-cleanly) / Property feedback judge] at node: tools
[Structural invariant CVL (inductive-invariant-proposing-cleanly) / Property feedback judge] at node: tool_result; tool calls: [memory]
[Structural invariant CVL (inductive-invariant-proposing-cleanly) / Property feedback judge] at node: tools
[Structural invariant CVL (inductive-invariant-proposing-cleanly) / Property feedback judge] at node: tool_result; tool calls: [get_cvl]
[Structural invariant CVL (inductive-invariant-proposing-cleanly) / Property feedback judge] at node: tools
[Structural invariant CVL (inductive-invariant-proposing-cleanly) / Property feedback judge] at node: tool_result; tool calls: [write_rough_draft]
[Structural invariant CVL (inductive-invariant-proposing-cleanly) / Property feedback judge] at node: tools
[Structural invariant CVL (inductive-invariant-proposing-cleanly) / Property feedback judge] at node: tool_result; tool calls: [read_rough_draft]
[Structural invariant CVL (inductive-invariant-proposing-cleanly) / Property feedback judge] at node: tools
[Structural invariant CVL (inductive-invariant-proposing-cleanly) / Property feedback judge] at node: tool_result; tool calls: [memory]
[Structural invariant CVL (inductive-invariant-proposing-cleanly) / Property feedback judge] at node: tools
[Structural invariant CVL (inductive-invariant-proposing-cleanly) / Property feedback judge] at node: tool_result; tool calls: [result]
[Structural invariant CVL (inductive-invariant-proposing-cleanly) / Property feedback judge] at node: tools
[Structural invariant CVL (inductive-invariant-proposing-cleanly) / Property feedback judge] end
[Structural invariant CVL (inductive-invariant-proposing-cleanly)] at node: tools
[Structural invariant CVL (inductive-invariant-proposing-cleanly)] at node: tool_result; tool calls: [result]
[Structural invariant CVL (inductive-invariant-proposing-cleanly)] at node: tools
[Structural invariant CVL (inductive-invariant-proposing-cleanly)] end
[Invariant CVL] ✓ done

────────────────────────────────────────────────────────────
Phase: Setup and Initialization
────────────────────────────────────────────────────────────

────────────────────────────────────────────────────────────
Phase: Transaction Execution
────────────────────────────────────────────────────────────

────────────────────────────────────────────────────────────
Phase: Signature Verification and Hash Management
────────────────────────────────────────────────────────────

────────────────────────────────────────────────────────────
Phase: Owner Management
────────────────────────────────────────────────────────────
[Property extraction] start
[Property extraction] start
[Property extraction] start
[Property extraction] start
[Property extraction] at node: initial; tool calls: [list_files, code_explorer]
[Property extraction / Code Explorer: What is the implementation of OwnerManager.sol? Show the full contract including all state variables, functions, and logic.] start  (via tool: toolu_01X8HbTfohvnHMDLYNbqAZWs)
[Property extraction] at node: initial; tool calls: [list_files, code_explorer]
[Property extraction] at node: initial; tool calls: [list_files, code_explorer]
[Property extraction] at node: initial; tool calls: [list_files, code_explorer]
[Property extraction / Code Explorer: What is the main execTransaction function in Safe.sol? Show me the full implementation including signature checking, nonce handling, guard calls, gas refund, and event emission.] start  (via tool: toolu_012GTL87h789mWugv7oE3bGS)
[Property extraction / Code Explorer: What are the main signature verification functions in Safe.sol, specifically checkSignatures, checkNSignatures, and approveHash? Show me the full implementation including the signature loop logic.] start  (via tool: toolu_01Bu9sUJQhLagppdrVBB8ju4)
[Property extraction / Code Explorer: What does the setup() function in Safe.sol do? What are all the state changes it makes, what validations does it perform, and what external calls does it make?] start  (via tool: toolu_01UaWptbM7kKkPzR5JgreGo4)
[Property extraction / Code Explorer: What is the implementation of OwnerManager.sol? Show the full contract including all state variables, functions, and logic.] at node: initial; tool calls: [grep_files]
[Property extraction / Code Explorer: What is the main execTransaction function in Safe.sol? Show me the full implementation including signature checking, nonce handling, guard calls, gas refund, and event emission.] at node: initial; tool calls: [get_file]
[Property extraction / Code Explorer: What is the main execTransaction function in Safe.sol? Show me the full implementation including signature checking, nonce handling, guard calls, gas refund, and event emission.] at node: tools
[Property extraction / Code Explorer: What does the setup() function in Safe.sol do? What are all the state changes it makes, what validations does it perform, and what external calls does it make?] at node: initial; tool calls: [get_file]
[Property extraction / Code Explorer: What does the setup() function in Safe.sol do? What are all the state changes it makes, what validations does it perform, and what external calls does it make?] at node: tools
[Property extraction / Code Explorer: What are the main signature verification functions in Safe.sol, specifically checkSignatures, checkNSignatures, and approveHash? Show me the full implementation including the signature loop logic.] at node: initial; tool calls: [grep_files]
[Property extraction / Code Explorer: What is the main execTransaction function in Safe.sol? Show me the full implementation including signature checking, nonce handling, guard calls, gas refund, and event emission.] at node: tool_result; tool calls: [get_file, get_file]
[Property extraction / Code Explorer: What is the main execTransaction function in Safe.sol? Show me the full implementation including signature checking, nonce handling, guard calls, gas refund, and event emission.] at node: tools
[Property extraction / Code Explorer: What does the setup() function in Safe.sol do? What are all the state changes it makes, what validations does it perform, and what external calls does it make?] at node: tool_result; tool calls: [get_file, get_file, get_file]
[Property extraction / Code Explorer: What does the setup() function in Safe.sol do? What are all the state changes it makes, what validations does it perform, and what external calls does it make?] at node: tools
[Property extraction / Code Explorer: What is the main execTransaction function in Safe.sol? Show me the full implementation including signature checking, nonce handling, guard calls, gas refund, and event emission.] at node: tool_result; tool calls: [grep_files]
[Property extraction / Code Explorer: What does the setup() function in Safe.sol do? What are all the state changes it makes, what validations does it perform, and what external calls does it make?] at node: tool_result; tool calls: [get_file]
[Property extraction / Code Explorer: What does the setup() function in Safe.sol do? What are all the state changes it makes, what validations does it perform, and what external calls does it make?] at node: tools
[Property extraction / Code Explorer: What is the implementation of OwnerManager.sol? Show the full contract including all state variables, functions, and logic.] at node: tools
[Property extraction / Code Explorer: What are the main signature verification functions in Safe.sol, specifically checkSignatures, checkNSignatures, and approveHash? Show me the full implementation including the signature loop logic.] at node: tools
[Property extraction / Code Explorer: What is the main execTransaction function in Safe.sol? Show me the full implementation including signature checking, nonce handling, guard calls, gas refund, and event emission.] at node: tools
[Property extraction / Code Explorer: What is the implementation of OwnerManager.sol? Show the full contract including all state variables, functions, and logic.] at node: tool_result; tool calls: [get_file, get_file]
[Property extraction / Code Explorer: What is the implementation of OwnerManager.sol? Show the full contract including all state variables, functions, and logic.] at node: tools
[Property extraction / Code Explorer: What is the main execTransaction function in Safe.sol? Show me the full implementation including signature checking, nonce handling, guard calls, gas refund, and event emission.] at node: tool_result; tool calls: [get_file]
[Property extraction / Code Explorer: What is the main execTransaction function in Safe.sol? Show me the full implementation including signature checking, nonce handling, guard calls, gas refund, and event emission.] at node: tools
[Property extraction / Code Explorer: What are the main signature verification functions in Safe.sol, specifically checkSignatures, checkNSignatures, and approveHash? Show me the full implementation including the signature loop logic.] at node: tool_result; tool calls: [list_files]
[Property extraction / Code Explorer: What are the main signature verification functions in Safe.sol, specifically checkSignatures, checkNSignatures, and approveHash? Show me the full implementation including the signature loop logic.] at node: tools
[Property extraction / Code Explorer: What is the implementation of OwnerManager.sol? Show the full contract including all state variables, functions, and logic.] at node: tool_result; tool calls: [get_file, get_file]
[Property extraction / Code Explorer: What is the implementation of OwnerManager.sol? Show the full contract including all state variables, functions, and logic.] at node: tools
[Property extraction / Code Explorer: What are the main signature verification functions in Safe.sol, specifically checkSignatures, checkNSignatures, and approveHash? Show me the full implementation including the signature loop logic.] at node: tool_result; tool calls: [get_file]
[Property extraction / Code Explorer: What are the main signature verification functions in Safe.sol, specifically checkSignatures, checkNSignatures, and approveHash? Show me the full implementation including the signature loop logic.] at node: tools
[Property extraction / Code Explorer: What is the implementation of OwnerManager.sol? Show the full contract including all state variables, functions, and logic.] at node: tool_result; tool calls: [get_file]
[Property extraction / Code Explorer: What is the implementation of OwnerManager.sol? Show the full contract including all state variables, functions, and logic.] at node: tools
[Property extraction / Code Explorer: What are the main signature verification functions in Safe.sol, specifically checkSignatures, checkNSignatures, and approveHash? Show me the full implementation including the signature loop logic.] at node: tool_result; tool calls: [get_file, get_file]
[Property extraction / Code Explorer: What are the main signature verification functions in Safe.sol, specifically checkSignatures, checkNSignatures, and approveHash? Show me the full implementation including the signature loop logic.] at node: tools
[Property extraction / Code Explorer: What are the main signature verification functions in Safe.sol, specifically checkSignatures, checkNSignatures, and approveHash? Show me the full implementation including the signature loop logic.] at node: tool_result; tool calls: [get_file]
[Property extraction / Code Explorer: What are the main signature verification functions in Safe.sol, specifically checkSignatures, checkNSignatures, and approveHash? Show me the full implementation including the signature loop logic.] at node: tools
[Property extraction / Code Explorer: What does the setup() function in Safe.sol do? What are all the state changes it makes, what validations does it perform, and what external calls does it make?] at node: tool_result; tool calls: [result]
[Property extraction / Code Explorer: What does the setup() function in Safe.sol do? What are all the state changes it makes, what validations does it perform, and what external calls does it make?] at node: tools
[Property extraction / Code Explorer: What does the setup() function in Safe.sol do? What are all the state changes it makes, what validations does it perform, and what external calls does it make?] end
[Property extraction] at node: tools
[Property extraction] at node: tool_result; tool calls: [get_file, get_file]
[Property extraction] at node: tools
[Property extraction] at node: tool_result; tool calls: [get_file, get_file]
[Property extraction] at node: tools
[Property extraction] at node: tool_result; tool calls: [get_file, get_file]
[Property extraction] at node: tools
[Property extraction] at node: tool_result; tool calls: [get_file, get_file]
[Property extraction] at node: tools
[Property extraction] at node: tool_result; tool calls: [get_file, get_file]
[Property extraction] at node: tools
[Property extraction / Code Explorer: What is the main execTransaction function in Safe.sol? Show me the full implementation including signature checking, nonce handling, guard calls, gas refund, and event emission.] at node: tool_result; tool calls: [result]
[Property extraction / Code Explorer: What is the main execTransaction function in Safe.sol? Show me the full implementation including signature checking, nonce handling, guard calls, gas refund, and event emission.] at node: tools
[Property extraction / Code Explorer: What is the main execTransaction function in Safe.sol? Show me the full implementation including signature checking, nonce handling, guard calls, gas refund, and event emission.] end
[Property extraction / Code Explorer: What is the implementation of OwnerManager.sol? Show the full contract including all state variables, functions, and logic.] at node: tool_result; tool calls: [result]
[Property extraction / Code Explorer: What is the implementation of OwnerManager.sol? Show the full contract including all state variables, functions, and logic.] at node: tools
[Property extraction / Code Explorer: What is the implementation of OwnerManager.sol? Show the full contract including all state variables, functions, and logic.] end
[Property extraction / Code Explorer: What are the main signature verification functions in Safe.sol, specifically checkSignatures, checkNSignatures, and approveHash? Show me the full implementation including the signature loop logic.] at node: tool_result; tool calls: [result]
[Property extraction / Code Explorer: What are the main signature verification functions in Safe.sol, specifically checkSignatures, checkNSignatures, and approveHash? Show me the full implementation including the signature loop logic.] at node: tools
[Property extraction / Code Explorer: What are the main signature verification functions in Safe.sol, specifically checkSignatures, checkNSignatures, and approveHash? Show me the full implementation including the signature loop logic.] end
[Property extraction] at node: tools
[Property extraction] at node: tool_result; tool calls: [get_file, get_file]
[Property extraction] at node: tools
[Property extraction] at node: tool_result; tool calls: [get_file, get_file]
[Property extraction] at node: tools
[Property extraction] at node: tool_result; tool calls: [get_file, get_file]
[Property extraction] at node: tools
[Property extraction] at node: tool_result; tool calls: [get_file, get_file]
[Property extraction] at node: tools
[Property extraction] at node: tool_result; tool calls: [code_explorer, code_explorer]
[Property extraction] at node: tools
[Property extraction] at node: tools
[Property extraction / Code Explorer: What is the handlePayment function's logic for computing the gas refund? Specifically, how does it cap the gasPrice for native token refunds vs ERC-20 token refunds, and what are the conditions under which refund fails?] start  (via tool: toolu_01R61JkPXBSiw28QiTrHbKaN)
[Property extraction / Code Explorer: What are the conditions under which execTransaction can revert vs return false? When does it propagate the user transaction revert (safeTxGas==0 && gasPrice==0 && !success)?] start  (via tool: toolu_011KANMEzvySEXkCoBkkTomK)
[Property extraction] at node: tool_result; tool calls: [get_file, get_file]
[Property extraction] at node: tools
[Property extraction] at node: tool_result; tool calls: [code_explorer, get_file]
[Property extraction / Code Explorer: What is the implementation of domainSeparator(), getTransactionHash(), encodeTransactionData(), and getChainId() in Safe.sol? Show the full implementation of EIP-712 hash computation.] start  (via tool: toolu_01AFxsoHmH41aVMSTCo3TQDH)
[Property extraction / Code Explorer: What are the conditions under which execTransaction can revert vs return false? When does it propagate the user transaction revert (safeTxGas==0 && gasPrice==0 && !success)?] at node: initial; tool calls: [grep_files, grep_files]
[Property extraction] at node: tool_result; tool calls: [get_file, get_file]
[Property extraction] at node: tools
[Property extraction / Code Explorer: What is the implementation of domainSeparator(), getTransactionHash(), encodeTransactionData(), and getChainId() in Safe.sol? Show the full implementation of EIP-712 hash computation.] at node: initial; tool calls: [grep_files]
[Property extraction] at node: tool_result; tool calls: [get_file, get_file]
[Property extraction] at node: tools
[Property extraction / Code Explorer: What are the conditions under which execTransaction can revert vs return false? When does it propagate the user transaction revert (safeTxGas==0 && gasPrice==0 && !success)?] at node: tools
[Property extraction / Code Explorer: What is the implementation of domainSeparator(), getTransactionHash(), encodeTransactionData(), and getChainId() in Safe.sol? Show the full implementation of EIP-712 hash computation.] at node: tools
[Property extraction / Code Explorer: What is the handlePayment function's logic for computing the gas refund? Specifically, how does it cap the gasPrice for native token refunds vs ERC-20 token refunds, and what are the conditions under which refund fails?] at node: initial; tool calls: [grep_files]
[Property extraction / Code Explorer: What are the conditions under which execTransaction can revert vs return false? When does it propagate the user transaction revert (safeTxGas==0 && gasPrice==0 && !success)?] at node: tool_result; tool calls: [get_file]
[Property extraction / Code Explorer: What are the conditions under which execTransaction can revert vs return false? When does it propagate the user transaction revert (safeTxGas==0 && gasPrice==0 && !success)?] at node: tools
[Property extraction / Code Explorer: What is the handlePayment function's logic for computing the gas refund? Specifically, how does it cap the gasPrice for native token refunds vs ERC-20 token refunds, and what are the conditions under which refund fails?] at node: tools
[Property extraction / Code Explorer: What is the implementation of domainSeparator(), getTransactionHash(), encodeTransactionData(), and getChainId() in Safe.sol? Show the full implementation of EIP-712 hash computation.] at node: tool_result; tool calls: [grep_files]
[Property extraction / Code Explorer: What are the conditions under which execTransaction can revert vs return false? When does it propagate the user transaction revert (safeTxGas==0 && gasPrice==0 && !success)?] at node: tool_result; tool calls: [get_file]
[Property extraction / Code Explorer: What are the conditions under which execTransaction can revert vs return false? When does it propagate the user transaction revert (safeTxGas==0 && gasPrice==0 && !success)?] at node: tools
[Property extraction / Code Explorer: What is the implementation of domainSeparator(), getTransactionHash(), encodeTransactionData(), and getChainId() in Safe.sol? Show the full implementation of EIP-712 hash computation.] at node: tools
[Property extraction / Code Explorer: What is the implementation of domainSeparator(), getTransactionHash(), encodeTransactionData(), and getChainId() in Safe.sol? Show the full implementation of EIP-712 hash computation.] at node: tool_result; tool calls: [list_files]
[Property extraction / Code Explorer: What is the handlePayment function's logic for computing the gas refund? Specifically, how does it cap the gasPrice for native token refunds vs ERC-20 token refunds, and what are the conditions under which refund fails?] at node: tool_result; tool calls: [get_file]
[Property extraction / Code Explorer: What is the handlePayment function's logic for computing the gas refund? Specifically, how does it cap the gasPrice for native token refunds vs ERC-20 token refunds, and what are the conditions under which refund fails?] at node: tools
[Property extraction / Code Explorer: What is the implementation of domainSeparator(), getTransactionHash(), encodeTransactionData(), and getChainId() in Safe.sol? Show the full implementation of EIP-712 hash computation.] at node: tools
[Property extraction / Code Explorer: What is the handlePayment function's logic for computing the gas refund? Specifically, how does it cap the gasPrice for native token refunds vs ERC-20 token refunds, and what are the conditions under which refund fails?] at node: tool_result; tool calls: [get_file]
[Property extraction / Code Explorer: What is the handlePayment function's logic for computing the gas refund? Specifically, how does it cap the gasPrice for native token refunds vs ERC-20 token refunds, and what are the conditions under which refund fails?] at node: tools
[Property extraction / Code Explorer: What is the implementation of domainSeparator(), getTransactionHash(), encodeTransactionData(), and getChainId() in Safe.sol? Show the full implementation of EIP-712 hash computation.] at node: tool_result; tool calls: [get_file]
[Property extraction / Code Explorer: What is the implementation of domainSeparator(), getTransactionHash(), encodeTransactionData(), and getChainId() in Safe.sol? Show the full implementation of EIP-712 hash computation.] at node: tools
[Property extraction / Code Explorer: What is the handlePayment function's logic for computing the gas refund? Specifically, how does it cap the gasPrice for native token refunds vs ERC-20 token refunds, and what are the conditions under which refund fails?] at node: tool_result; tool calls: [grep_files]
[Property extraction / Code Explorer: What is the implementation of domainSeparator(), getTransactionHash(), encodeTransactionData(), and getChainId() in Safe.sol? Show the full implementation of EIP-712 hash computation.] at node: tool_result; tool calls: [grep_files]
[Property extraction / Code Explorer: What is the handlePayment function's logic for computing the gas refund? Specifically, how does it cap the gasPrice for native token refunds vs ERC-20 token refunds, and what are the conditions under which refund fails?] at node: tools
[Property extraction / Code Explorer: What is the implementation of domainSeparator(), getTransactionHash(), encodeTransactionData(), and getChainId() in Safe.sol? Show the full implementation of EIP-712 hash computation.] at node: tools
[Property extraction / Code Explorer: What is the handlePayment function's logic for computing the gas refund? Specifically, how does it cap the gasPrice for native token refunds vs ERC-20 token refunds, and what are the conditions under which refund fails?] at node: tool_result; tool calls: [get_file]
[Property extraction / Code Explorer: What is the handlePayment function's logic for computing the gas refund? Specifically, how does it cap the gasPrice for native token refunds vs ERC-20 token refunds, and what are the conditions under which refund fails?] at node: tools
[Property extraction / Code Explorer: What is the implementation of domainSeparator(), getTransactionHash(), encodeTransactionData(), and getChainId() in Safe.sol? Show the full implementation of EIP-712 hash computation.] at node: tool_result; tool calls: [grep_files]
[Property extraction / Code Explorer: What is the implementation of domainSeparator(), getTransactionHash(), encodeTransactionData(), and getChainId() in Safe.sol? Show the full implementation of EIP-712 hash computation.] at node: tools
[Property extraction / Code Explorer: What is the implementation of domainSeparator(), getTransactionHash(), encodeTransactionData(), and getChainId() in Safe.sol? Show the full implementation of EIP-712 hash computation.] at node: tool_result; tool calls: [get_file]
[Property extraction / Code Explorer: What is the implementation of domainSeparator(), getTransactionHash(), encodeTransactionData(), and getChainId() in Safe.sol? Show the full implementation of EIP-712 hash computation.] at node: tools
[Property extraction / Code Explorer: What are the conditions under which execTransaction can revert vs return false? When does it propagate the user transaction revert (safeTxGas==0 && gasPrice==0 && !success)?] at node: tool_result; tool calls: [get_file, grep_files]
[Property extraction / Code Explorer: What is the implementation of domainSeparator(), getTransactionHash(), encodeTransactionData(), and getChainId() in Safe.sol? Show the full implementation of EIP-712 hash computation.] at node: tool_result; tool calls: [grep_files]
[Property extraction / Code Explorer: What are the conditions under which execTransaction can revert vs return false? When does it propagate the user transaction revert (safeTxGas==0 && gasPrice==0 && !success)?] at node: tools
[Property extraction / Code Explorer: What is the implementation of domainSeparator(), getTransactionHash(), encodeTransactionData(), and getChainId() in Safe.sol? Show the full implementation of EIP-712 hash computation.] at node: tools
[Property extraction / Code Explorer: What are the conditions under which execTransaction can revert vs return false? When does it propagate the user transaction revert (safeTxGas==0 && gasPrice==0 && !success)?] at node: tool_result; tool calls: [get_file, get_file]
[Property extraction / Code Explorer: What are the conditions under which execTransaction can revert vs return false? When does it propagate the user transaction revert (safeTxGas==0 && gasPrice==0 && !success)?] at node: tools
[Property extraction / Code Explorer: What is the implementation of domainSeparator(), getTransactionHash(), encodeTransactionData(), and getChainId() in Safe.sol? Show the full implementation of EIP-712 hash computation.] at node: tool_result; tool calls: [grep_files]
[Property extraction / Code Explorer: What is the implementation of domainSeparator(), getTransactionHash(), encodeTransactionData(), and getChainId() in Safe.sol? Show the full implementation of EIP-712 hash computation.] at node: tools
[Property extraction / Code Explorer: What is the implementation of domainSeparator(), getTransactionHash(), encodeTransactionData(), and getChainId() in Safe.sol? Show the full implementation of EIP-712 hash computation.] at node: tool_result; tool calls: [grep_files]
[Property extraction / Code Explorer: What is the implementation of domainSeparator(), getTransactionHash(), encodeTransactionData(), and getChainId() in Safe.sol? Show the full implementation of EIP-712 hash computation.] at node: tools
[Property extraction / Code Explorer: What is the implementation of domainSeparator(), getTransactionHash(), encodeTransactionData(), and getChainId() in Safe.sol? Show the full implementation of EIP-712 hash computation.] at node: tool_result; tool calls: [get_file]
[Property extraction / Code Explorer: What is the implementation of domainSeparator(), getTransactionHash(), encodeTransactionData(), and getChainId() in Safe.sol? Show the full implementation of EIP-712 hash computation.] at node: tools
[Property extraction / Code Explorer: What is the handlePayment function's logic for computing the gas refund? Specifically, how does it cap the gasPrice for native token refunds vs ERC-20 token refunds, and what are the conditions under which refund fails?] at node: tool_result; tool calls: [result]
[Property extraction / Code Explorer: What is the handlePayment function's logic for computing the gas refund? Specifically, how does it cap the gasPrice for native token refunds vs ERC-20 token refunds, and what are the conditions under which refund fails?] at node: tools
[Property extraction / Code Explorer: What is the handlePayment function's logic for computing the gas refund? Specifically, how does it cap the gasPrice for native token refunds vs ERC-20 token refunds, and what are the conditions under which refund fails?] end
[Property extraction / Code Explorer: What is the implementation of domainSeparator(), getTransactionHash(), encodeTransactionData(), and getChainId() in Safe.sol? Show the full implementation of EIP-712 hash computation.] at node: tool_result; tool calls: [get_file]
[Property extraction / Code Explorer: What is the implementation of domainSeparator(), getTransactionHash(), encodeTransactionData(), and getChainId() in Safe.sol? Show the full implementation of EIP-712 hash computation.] at node: tools
[Property extraction / Code Explorer: What is the implementation of domainSeparator(), getTransactionHash(), encodeTransactionData(), and getChainId() in Safe.sol? Show the full implementation of EIP-712 hash computation.] at node: tool_result; tool calls: [get_file]
[Property extraction / Code Explorer: What is the implementation of domainSeparator(), getTransactionHash(), encodeTransactionData(), and getChainId() in Safe.sol? Show the full implementation of EIP-712 hash computation.] at node: tools
[Property extraction / Code Explorer: What is the implementation of domainSeparator(), getTransactionHash(), encodeTransactionData(), and getChainId() in Safe.sol? Show the full implementation of EIP-712 hash computation.] at node: tool_result; tool calls: [get_file]
[Property extraction / Code Explorer: What is the implementation of domainSeparator(), getTransactionHash(), encodeTransactionData(), and getChainId() in Safe.sol? Show the full implementation of EIP-712 hash computation.] at node: tools
[Property extraction / Code Explorer: What are the conditions under which execTransaction can revert vs return false? When does it propagate the user transaction revert (safeTxGas==0 && gasPrice==0 && !success)?] at node: tool_result; tool calls: [get_file]
[Property extraction / Code Explorer: What are the conditions under which execTransaction can revert vs return false? When does it propagate the user transaction revert (safeTxGas==0 && gasPrice==0 && !success)?] at node: tools
[Property extraction / Code Explorer: What is the implementation of domainSeparator(), getTransactionHash(), encodeTransactionData(), and getChainId() in Safe.sol? Show the full implementation of EIP-712 hash computation.] at node: tool_result; tool calls: [result]
[Property extraction / Code Explorer: What is the implementation of domainSeparator(), getTransactionHash(), encodeTransactionData(), and getChainId() in Safe.sol? Show the full implementation of EIP-712 hash computation.] at node: tools
[Property extraction / Code Explorer: What is the implementation of domainSeparator(), getTransactionHash(), encodeTransactionData(), and getChainId() in Safe.sol? Show the full implementation of EIP-712 hash computation.] end
[Property extraction] at node: tools
[Property extraction] at node: tool_result; tool calls: [get_file, get_file]
[Property extraction] at node: tools
[Property extraction] at node: tool_result; tool calls: [get_file, get_file]
[Property extraction] at node: tools
[Property extraction] at node: tool_result; tool calls: [get_file, code_explorer]
[Property extraction / Code Explorer: What is the SENTINEL_OWNERS value and how is the owners mapping structured in Safe? What does owners[address(0)] return for a valid owner?] start  (via tool: toolu_01PkyfzpHHhsoyvjaSWSeGqy)
[Property extraction / Code Explorer: What are the conditions under which execTransaction can revert vs return false? When does it propagate the user transaction revert (safeTxGas==0 && gasPrice==0 && !success)?] at node: tool_result; tool calls: [result]
[Property extraction / Code Explorer: What are the conditions under which execTransaction can revert vs return false? When does it propagate the user transaction revert (safeTxGas==0 && gasPrice==0 && !success)?] at node: tools
[Property extraction / Code Explorer: What are the conditions under which execTransaction can revert vs return false? When does it propagate the user transaction revert (safeTxGas==0 && gasPrice==0 && !success)?] end
[Property extraction] at node: tool_result; tool calls: [code_explorer]
[Property extraction] at node: tools
[Property extraction / Code Explorer: In the handlePayment function, when paymentToken is address(0), how is the payment amount computed? Specifically what happens when tx.gasprice is 0? And what address receives the payment when paymentReceiver is address(0)?] start  (via tool: toolu_01LcChzo2z4BLMgMKgepRYs2)
[Property extraction / Code Explorer: What is the SENTINEL_OWNERS value and how is the owners mapping structured in Safe? What does owners[address(0)] return for a valid owner?] at node: initial; tool calls: [result]
[Property extraction / Code Explorer: What is the SENTINEL_OWNERS value and how is the owners mapping structured in Safe? What does owners[address(0)] return for a valid owner?] at node: tools
[Property extraction / Code Explorer: What is the SENTINEL_OWNERS value and how is the owners mapping structured in Safe? What does owners[address(0)] return for a valid owner?] end
[Property extraction] at node: tools
[Property extraction] at node: tool_result; tool calls: [code_explorer, code_explorer]
[Property extraction / Code Explorer: What is the p256Verify function implementation, and how does the P256 precompile call work? What happens if the precompile doesn't exist at address 0x100?] start  (via tool: toolu_013FR1pHTefHuSajNtr8RXfF)
[Property extraction / Code Explorer: What are the relationships between threshold and ownerCount invariants? Is there a requirement that threshold <= ownerCount and threshold >= 1?] start  (via tool: toolu_017eoRSgAZguu3izjhHRcZho)
[Property extraction / Code Explorer: In the handlePayment function, when paymentToken is address(0), how is the payment amount computed? Specifically what happens when tx.gasprice is 0? And what address receives the payment when paymentReceiver is address(0)?] at node: initial; tool calls: [grep_files]
[Property extraction / Code Explorer: In the handlePayment function, when paymentToken is address(0), how is the payment amount computed? Specifically what happens when tx.gasprice is 0? And what address receives the payment when paymentReceiver is address(0)?] at node: tools
[Property extraction / Code Explorer: In the handlePayment function, when paymentToken is address(0), how is the payment amount computed? Specifically what happens when tx.gasprice is 0? And what address receives the payment when paymentReceiver is address(0)?] at node: tool_result; tool calls: [get_file]
[Property extraction / Code Explorer: In the handlePayment function, when paymentToken is address(0), how is the payment amount computed? Specifically what happens when tx.gasprice is 0? And what address receives the payment when paymentReceiver is address(0)?] at node: tools
[Property extraction / Code Explorer: What is the p256Verify function implementation, and how does the P256 precompile call work? What happens if the precompile doesn't exist at address 0x100?] at node: initial; tool calls: [get_file]
[Property extraction / Code Explorer: What is the p256Verify function implementation, and how does the P256 precompile call work? What happens if the precompile doesn't exist at address 0x100?] at node: tools
[Property extraction / Code Explorer: In the handlePayment function, when paymentToken is address(0), how is the payment amount computed? Specifically what happens when tx.gasprice is 0? And what address receives the payment when paymentReceiver is address(0)?] at node: tool_result; tool calls: [get_file]
[Property extraction / Code Explorer: In the handlePayment function, when paymentToken is address(0), how is the payment amount computed? Specifically what happens when tx.gasprice is 0? And what address receives the payment when paymentReceiver is address(0)?] at node: tools
[Property extraction / Code Explorer: What are the relationships between threshold and ownerCount invariants? Is there a requirement that threshold <= ownerCount and threshold >= 1?] at node: initial; tool calls: [result]
[Property extraction / Code Explorer: What are the relationships between threshold and ownerCount invariants? Is there a requirement that threshold <= ownerCount and threshold >= 1?] at node: tools
[Property extraction / Code Explorer: What are the relationships between threshold and ownerCount invariants? Is there a requirement that threshold <= ownerCount and threshold >= 1?] end
[Property extraction / Code Explorer: In the handlePayment function, when paymentToken is address(0), how is the payment amount computed? Specifically what happens when tx.gasprice is 0? And what address receives the payment when paymentReceiver is address(0)?] at node: tool_result; tool calls: [result]
[Property extraction / Code Explorer: In the handlePayment function, when paymentToken is address(0), how is the payment amount computed? Specifically what happens when tx.gasprice is 0? And what address receives the payment when paymentReceiver is address(0)?] at node: tools
[Property extraction / Code Explorer: In the handlePayment function, when paymentToken is address(0), how is the payment amount computed? Specifically what happens when tx.gasprice is 0? And what address receives the payment when paymentReceiver is address(0)?] end
[Property extraction / Code Explorer: What is the p256Verify function implementation, and how does the P256 precompile call work? What happens if the precompile doesn't exist at address 0x100?] at node: tool_result; tool calls: [result]
[Property extraction / Code Explorer: What is the p256Verify function implementation, and how does the P256 precompile call work? What happens if the precompile doesn't exist at address 0x100?] at node: tools
[Property extraction / Code Explorer: What is the p256Verify function implementation, and how does the P256 precompile call work? What happens if the precompile doesn't exist at address 0x100?] end
[Property extraction] at node: tools
[Property extraction] at node: tools
[Property extraction] at node: tool_result; tool calls: [write_rough_draft]
[Property extraction] at node: tools
[Property extraction] at node: tool_result; tool calls: [write_rough_draft]
[Property extraction] at node: tools
[Property extraction] at node: tool_result; tool calls: [read_rough_draft]
[Property extraction] at node: tools
[Property extraction] at node: tool_result; tool calls: [read_rough_draft]
[Property extraction] at node: tools
[Property extraction] at node: tool_result; tool calls: [get_file]
[Property extraction] at node: tools
[Property extraction] at node: tool_result; tool calls: [result]
[Property extraction] at node: tools
[Property extraction] end
[Owner Management] ✓ done

────────────────────────────────────────────────────────────
Phase: Module Management
────────────────────────────────────────────────────────────
[Property extraction] start
[Property extraction] at node: initial; tool calls: [list_files, code_explorer]
[Property extraction] at node: tool_result; tool calls: [result]
[Property extraction] at node: tools
[Property extraction] end
[Setup and Initialization] ✓ done

────────────────────────────────────────────────────────────
Phase: Fallback Handling
────────────────────────────────────────────────────────────
[Property extraction] start
[Property extraction / Code Explorer: What is the full implementation of ModuleManager, including the linked list structure, enableModule, disableModule, setModuleGuard, execTransactionFromModule, and execTransactionFromModuleReturnData functions?] start  (via tool: toolu_0148FWTiyunfYahfqtCQBe9B)
[Property extraction] at node: initial; tool calls: [list_files, code_explorer]
[Property extraction / Code Explorer: What is the implementation of the FallbackManager contract, including setFallbackHandler, the fallback function, and the receive function?] start  (via tool: toolu_01Jnym91j6oqH1DeqKfeaEWm)
[Property extraction / Code Explorer: What is the full implementation of ModuleManager, including the linked list structure, enableModule, disableModule, setModuleGuard, execTransactionFromModule, and execTransactionFromModuleReturnData functions?] at node: initial; tool calls: [get_file]
[Property extraction / Code Explorer: What is the full implementation of ModuleManager, including the linked list structure, enableModule, disableModule, setModuleGuard, execTransactionFromModule, and execTransactionFromModuleReturnData functions?] at node: tools
[Property extraction / Code Explorer: What is the full implementation of ModuleManager, including the linked list structure, enableModule, disableModule, setModuleGuard, execTransactionFromModule, and execTransactionFromModuleReturnData functions?] at node: tool_result; tool calls: [get_file, get_file]
[Property extraction / Code Explorer: What is the full implementation of ModuleManager, including the linked list structure, enableModule, disableModule, setModuleGuard, execTransactionFromModule, and execTransactionFromModuleReturnData functions?] at node: tools
[Property extraction / Code Explorer: What is the implementation of the FallbackManager contract, including setFallbackHandler, the fallback function, and the receive function?] at node: initial; tool calls: [get_file]
[Property extraction / Code Explorer: What is the implementation of the FallbackManager contract, including setFallbackHandler, the fallback function, and the receive function?] at node: tools
[Property extraction / Code Explorer: What is the implementation of the FallbackManager contract, including setFallbackHandler, the fallback function, and the receive function?] at node: tool_result; tool calls: [grep_files, get_file]
[Property extraction / Code Explorer: What is the implementation of the FallbackManager contract, including setFallbackHandler, the fallback function, and the receive function?] at node: tools
[Property extraction / Code Explorer: What is the implementation of the FallbackManager contract, including setFallbackHandler, the fallback function, and the receive function?] at node: tool_result; tool calls: [grep_files]
[Property extraction / Code Explorer: What is the implementation of the FallbackManager contract, including setFallbackHandler, the fallback function, and the receive function?] at node: tools
[Property extraction / Code Explorer: What is the implementation of the FallbackManager contract, including setFallbackHandler, the fallback function, and the receive function?] at node: tool_result; tool calls: [get_file]
[Property extraction / Code Explorer: What is the implementation of the FallbackManager contract, including setFallbackHandler, the fallback function, and the receive function?] at node: tools
[Property extraction / Code Explorer: What is the implementation of the FallbackManager contract, including setFallbackHandler, the fallback function, and the receive function?] at node: tool_result; tool calls: [get_file, get_file]
[Property extraction / Code Explorer: What is the implementation of the FallbackManager contract, including setFallbackHandler, the fallback function, and the receive function?] at node: tools
[Property extraction / Code Explorer: What is the implementation of the FallbackManager contract, including setFallbackHandler, the fallback function, and the receive function?] at node: tool_result; tool calls: [get_file]
[Property extraction / Code Explorer: What is the implementation of the FallbackManager contract, including setFallbackHandler, the fallback function, and the receive function?] at node: tools
[Property extraction / Code Explorer: What is the implementation of the FallbackManager contract, including setFallbackHandler, the fallback function, and the receive function?] at node: tool_result; tool calls: [get_file]
[Property extraction / Code Explorer: What is the implementation of the FallbackManager contract, including setFallbackHandler, the fallback function, and the receive function?] at node: tools
[Property extraction / Code Explorer: What is the implementation of the FallbackManager contract, including setFallbackHandler, the fallback function, and the receive function?] at node: tool_result; tool calls: [result]
[Property extraction / Code Explorer: What is the implementation of the FallbackManager contract, including setFallbackHandler, the fallback function, and the receive function?] at node: tools
[Property extraction / Code Explorer: What is the implementation of the FallbackManager contract, including setFallbackHandler, the fallback function, and the receive function?] end
[Property extraction / Code Explorer: What is the full implementation of ModuleManager, including the linked list structure, enableModule, disableModule, setModuleGuard, execTransactionFromModule, and execTransactionFromModuleReturnData functions?] at node: tool_result; tool calls: [result]
[Property extraction / Code Explorer: What is the full implementation of ModuleManager, including the linked list structure, enableModule, disableModule, setModuleGuard, execTransactionFromModule, and execTransactionFromModuleReturnData functions?] at node: tools
[Property extraction / Code Explorer: What is the full implementation of ModuleManager, including the linked list structure, enableModule, disableModule, setModuleGuard, execTransactionFromModule, and execTransactionFromModuleReturnData functions?] end
[Property extraction] at node: tool_result; tool calls: [write_rough_draft]
[Property extraction] at node: tools
[Property extraction] at node: tools
[Property extraction] at node: tool_result; tool calls: [get_file, get_file]
[Property extraction] at node: tools
[Property extraction] at node: tool_result; tool calls: [get_file, get_file]
[Property extraction] at node: tools
[Property extraction] at node: tool_result; tool calls: [get_file, get_file]
[Property extraction] at node: tools
[Property extraction] at node: tool_result; tool calls: [get_file, code_explorer]
[Property extraction] at node: tools
[Property extraction / Code Explorer: What does the Safe.setup() function do with the fallback handler parameter, specifically how does it call internalSetFallbackHandler?] start  (via tool: toolu_017meFxtAquWUAhm8a9h6ops)
[Property extraction] at node: tool_result; tool calls: [get_file, get_file]
[Property extraction] at node: tools
[Property extraction / Code Explorer: What does the Safe.setup() function do with the fallback handler parameter, specifically how does it call internalSetFallbackHandler?] at node: initial; tool calls: [result]
[Property extraction / Code Explorer: What does the Safe.setup() function do with the fallback handler parameter, specifically how does it call internalSetFallbackHandler?] at node: tools
[Property extraction / Code Explorer: What does the Safe.setup() function do with the fallback handler parameter, specifically how does it call internalSetFallbackHandler?] end
[Property extraction] at node: tools
[Property extraction] at node: tool_result; tool calls: [get_file, code_explorer]
[Property extraction / Code Explorer: In the checkNSignatures function, when are the bounds checks for v=0 and v=2 signatures applied? Specifically, what is the check for the `s` pointer and are there any cases where two signatures could reference the same offset in the dynamic data area?] start  (via tool: toolu_01LhRk7Lck5GeJ7rgHMvkhio)
[Property extraction / Code Explorer: In the checkNSignatures function, when are the bounds checks for v=0 and v=2 signatures applied? Specifically, what is the check for the `s` pointer and are there any cases where two signatures could reference the same offset in the dynamic data area?] at node: initial; tool calls: [grep_files]
[Property extraction / Code Explorer: In the checkNSignatures function, when are the bounds checks for v=0 and v=2 signatures applied? Specifically, what is the check for the `s` pointer and are there any cases where two signatures could reference the same offset in the dynamic data area?] at node: tools
[Property extraction / Code Explorer: In the checkNSignatures function, when are the bounds checks for v=0 and v=2 signatures applied? Specifically, what is the check for the `s` pointer and are there any cases where two signatures could reference the same offset in the dynamic data area?] at node: tool_result; tool calls: [get_file]
[Property extraction / Code Explorer: In the checkNSignatures function, when are the bounds checks for v=0 and v=2 signatures applied? Specifically, what is the check for the `s` pointer and are there any cases where two signatures could reference the same offset in the dynamic data area?] at node: tools
[Property extraction / Code Explorer: In the checkNSignatures function, when are the bounds checks for v=0 and v=2 signatures applied? Specifically, what is the check for the `s` pointer and are there any cases where two signatures could reference the same offset in the dynamic data area?] at node: tool_result; tool calls: [grep_files]
[Property extraction / Code Explorer: In the checkNSignatures function, when are the bounds checks for v=0 and v=2 signatures applied? Specifically, what is the check for the `s` pointer and are there any cases where two signatures could reference the same offset in the dynamic data area?] at node: tools
[Property extraction / Code Explorer: In the checkNSignatures function, when are the bounds checks for v=0 and v=2 signatures applied? Specifically, what is the check for the `s` pointer and are there any cases where two signatures could reference the same offset in the dynamic data area?] at node: tool_result; tool calls: [get_file]
[Property extraction / Code Explorer: In the checkNSignatures function, when are the bounds checks for v=0 and v=2 signatures applied? Specifically, what is the check for the `s` pointer and are there any cases where two signatures could reference the same offset in the dynamic data area?] at node: tools
[Property extraction] at node: tool_result; tool calls: [get_file, get_file]
[Property extraction] at node: tools
[Property extraction] at node: tool_result; tool calls: [get_file]
[Property extraction] at node: tools
[Property extraction / Code Explorer: In the checkNSignatures function, when are the bounds checks for v=0 and v=2 signatures applied? Specifically, what is the check for the `s` pointer and are there any cases where two signatures could reference the same offset in the dynamic data area?] at node: tool_result; tool calls: [get_file]
[Property extraction / Code Explorer: In the checkNSignatures function, when are the bounds checks for v=0 and v=2 signatures applied? Specifically, what is the check for the `s` pointer and are there any cases where two signatures could reference the same offset in the dynamic data area?] at node: tools
[Property extraction] at node: tool_result; tool calls: [read_rough_draft]
[Property extraction] at node: tools
[Property extraction / Code Explorer: In the checkNSignatures function, when are the bounds checks for v=0 and v=2 signatures applied? Specifically, what is the check for the `s` pointer and are there any cases where two signatures could reference the same offset in the dynamic data area?] at node: tool_result; tool calls: [result]
[Property extraction / Code Explorer: In the checkNSignatures function, when are the bounds checks for v=0 and v=2 signatures applied? Specifically, what is the check for the `s` pointer and are there any cases where two signatures could reference the same offset in the dynamic data area?] at node: tools
[Property extraction / Code Explorer: In the checkNSignatures function, when are the bounds checks for v=0 and v=2 signatures applied? Specifically, what is the check for the `s` pointer and are there any cases where two signatures could reference the same offset in the dynamic data area?] end
[Property extraction] at node: tools
[Property extraction] at node: tool_result; tool calls: [write_rough_draft]
[Property extraction] at node: tools
[Property extraction] at node: tool_result; tool calls: [write_rough_draft]
[Property extraction] at node: tools
[Property extraction] at node: tool_result; tool calls: [read_rough_draft]
[Property extraction] at node: tools
[Property extraction] at node: tool_result; tool calls: [result]
[Property extraction] at node: tools
[Property extraction] end
[Transaction Execution] ✓ done

────────────────────────────────────────────────────────────
Phase: Storage Accessibility
────────────────────────────────────────────────────────────
[Property extraction] start
[Property extraction] at node: initial; tool calls: [list_files, code_explorer]
[Property extraction / Code Explorer: What are the implementations of simulateAndRevert and getStorageAt in the StorageAccessible contract? Show me the full source code.] start  (via tool: toolu_01TJYtMgCyvpxtTfbYx75AYX)
[Property extraction / Code Explorer: What are the implementations of simulateAndRevert and getStorageAt in the StorageAccessible contract? Show me the full source code.] at node: initial; tool calls: [grep_files]
[Property extraction / Code Explorer: What are the implementations of simulateAndRevert and getStorageAt in the StorageAccessible contract? Show me the full source code.] at node: tools
[Property extraction] at node: tool_result; tool calls: [write_rough_draft]
[Property extraction] at node: tools
[Property extraction / Code Explorer: What are the implementations of simulateAndRevert and getStorageAt in the StorageAccessible contract? Show me the full source code.] at node: tool_result; tool calls: [get_file]
[Property extraction / Code Explorer: What are the implementations of simulateAndRevert and getStorageAt in the StorageAccessible contract? Show me the full source code.] at node: tools
[Property extraction / Code Explorer: What are the implementations of simulateAndRevert and getStorageAt in the StorageAccessible contract? Show me the full source code.] at node: tool_result; tool calls: [get_file]
[Property extraction / Code Explorer: What are the implementations of simulateAndRevert and getStorageAt in the StorageAccessible contract? Show me the full source code.] at node: tools
[Property extraction] at node: tool_result; tool calls: [read_rough_draft]
[Property extraction] at node: tools
[Property extraction / Code Explorer: What are the implementations of simulateAndRevert and getStorageAt in the StorageAccessible contract? Show me the full source code.] at node: tool_result; tool calls: [result]
[Property extraction / Code Explorer: What are the implementations of simulateAndRevert and getStorageAt in the StorageAccessible contract? Show me the full source code.] at node: tools
[Property extraction / Code Explorer: What are the implementations of simulateAndRevert and getStorageAt in the StorageAccessible contract? Show me the full source code.] end
[Property extraction] at node: tool_result; tool calls: [result]
[Property extraction] at node: tools
[Property extraction] end
[Fallback Handling] ✓ done
[Property extraction] at node: tools
[Property extraction] at node: tool_result; tool calls: [get_file, get_file]
[Property extraction] at node: tools
[Property extraction] at node: tool_result; tool calls: [code_explorer, code_explorer]
[Property extraction / Code Explorer: How does CompatibilityFallbackHandler use simulateAndRevert? What does its simulate function do exactly?] start  (via tool: toolu_01Sw2j1gBTdtSn2R3BFMx2an)
[Property extraction / Code Explorer: Does simulateAndRevert have any access control? Is it callable by anyone? What is the access modifier on the function?] start  (via tool: toolu_01BpgmWWHCuU5CJgwjSECtTv)
[Property extraction / Code Explorer: How does CompatibilityFallbackHandler use simulateAndRevert? What does its simulate function do exactly?] at node: initial; tool calls: [grep_files]
[Property extraction / Code Explorer: Does simulateAndRevert have any access control? Is it callable by anyone? What is the access modifier on the function?] at node: initial; tool calls: [grep_files]
[Property extraction / Code Explorer: How does CompatibilityFallbackHandler use simulateAndRevert? What does its simulate function do exactly?] at node: tools
[Property extraction / Code Explorer: Does simulateAndRevert have any access control? Is it callable by anyone? What is the access modifier on the function?] at node: tools
[Property extraction / Code Explorer: How does CompatibilityFallbackHandler use simulateAndRevert? What does its simulate function do exactly?] at node: tool_result; tool calls: [get_file]
[Property extraction / Code Explorer: How does CompatibilityFallbackHandler use simulateAndRevert? What does its simulate function do exactly?] at node: tools
[Property extraction / Code Explorer: Does simulateAndRevert have any access control? Is it callable by anyone? What is the access modifier on the function?] at node: tool_result; tool calls: [get_file]
[Property extraction / Code Explorer: Does simulateAndRevert have any access control? Is it callable by anyone? What is the access modifier on the function?] at node: tools
[Property extraction / Code Explorer: How does CompatibilityFallbackHandler use simulateAndRevert? What does its simulate function do exactly?] at node: tool_result; tool calls: [grep_files]
[Property extraction / Code Explorer: Does simulateAndRevert have any access control? Is it callable by anyone? What is the access modifier on the function?] at node: tool_result; tool calls: [get_file]
[Property extraction / Code Explorer: Does simulateAndRevert have any access control? Is it callable by anyone? What is the access modifier on the function?] at node: tools
[Property extraction / Code Explorer: How does CompatibilityFallbackHandler use simulateAndRevert? What does its simulate function do exactly?] at node: tools
[Property extraction / Code Explorer: Does simulateAndRevert have any access control? Is it callable by anyone? What is the access modifier on the function?] at node: tool_result; tool calls: [get_file]
[Property extraction / Code Explorer: Does simulateAndRevert have any access control? Is it callable by anyone? What is the access modifier on the function?] at node: tools
[Property extraction / Code Explorer: How does CompatibilityFallbackHandler use simulateAndRevert? What does its simulate function do exactly?] at node: tool_result; tool calls: [get_file]
[Property extraction / Code Explorer: How does CompatibilityFallbackHandler use simulateAndRevert? What does its simulate function do exactly?] at node: tools
[Property extraction] at node: tool_result; tool calls: [read_rough_draft, code_explorer]
[Property extraction / Code Explorer: In the legacy checkSignatures(bytes32,bytes,bytes) and checkNSignatures(bytes32,bytes,bytes,uint256) overloads, what value is passed as the executor parameter? Does this enable an owner calling these overloads to bypass approveHash for v=1 signatures?] start  (via tool: toolu_01MvNi5UqKyMca9wS6TQw9SM)
[Property extraction / Code Explorer: How does CompatibilityFallbackHandler use simulateAndRevert? What does its simulate function do exactly?] at node: tool_result; tool calls: [get_file]
[Property extraction / Code Explorer: How does CompatibilityFallbackHandler use simulateAndRevert? What does its simulate function do exactly?] at node: tools
[Property extraction / Code Explorer: Does simulateAndRevert have any access control? Is it callable by anyone? What is the access modifier on the function?] at node: tool_result; tool calls: [result]
[Property extraction / Code Explorer: Does simulateAndRevert have any access control? Is it callable by anyone? What is the access modifier on the function?] at node: tools
[Property extraction / Code Explorer: Does simulateAndRevert have any access control? Is it callable by anyone? What is the access modifier on the function?] end
[Property extraction / Code Explorer: In the legacy checkSignatures(bytes32,bytes,bytes) and checkNSignatures(bytes32,bytes,bytes,uint256) overloads, what value is passed as the executor parameter? Does this enable an owner calling these overloads to bypass approveHash for v=1 signatures?] at node: initial; tool calls: [grep_files]
[Property extraction / Code Explorer: In the legacy checkSignatures(bytes32,bytes,bytes) and checkNSignatures(bytes32,bytes,bytes,uint256) overloads, what value is passed as the executor parameter? Does this enable an owner calling these overloads to bypass approveHash for v=1 signatures?] at node: tools
[Property extraction / Code Explorer: In the legacy checkSignatures(bytes32,bytes,bytes) and checkNSignatures(bytes32,bytes,bytes,uint256) overloads, what value is passed as the executor parameter? Does this enable an owner calling these overloads to bypass approveHash for v=1 signatures?] at node: tool_result; tool calls: [list_files]
[Property extraction / Code Explorer: In the legacy checkSignatures(bytes32,bytes,bytes) and checkNSignatures(bytes32,bytes,bytes,uint256) overloads, what value is passed as the executor parameter? Does this enable an owner calling these overloads to bypass approveHash for v=1 signatures?] at node: tools
[Property extraction / Code Explorer: In the legacy checkSignatures(bytes32,bytes,bytes) and checkNSignatures(bytes32,bytes,bytes,uint256) overloads, what value is passed as the executor parameter? Does this enable an owner calling these overloads to bypass approveHash for v=1 signatures?] at node: tool_result; tool calls: [get_file]
[Property extraction / Code Explorer: In the legacy checkSignatures(bytes32,bytes,bytes) and checkNSignatures(bytes32,bytes,bytes,uint256) overloads, what value is passed as the executor parameter? Does this enable an owner calling these overloads to bypass approveHash for v=1 signatures?] at node: tools
[Property extraction / Code Explorer: How does CompatibilityFallbackHandler use simulateAndRevert? What does its simulate function do exactly?] at node: tool_result; tool calls: [result]
[Property extraction / Code Explorer: How does CompatibilityFallbackHandler use simulateAndRevert? What does its simulate function do exactly?] at node: tools
[Property extraction / Code Explorer: How does CompatibilityFallbackHandler use simulateAndRevert? What does its simulate function do exactly?] end
[Property extraction] at node: tool_result; tool calls: [result]
[Property extraction] at node: tools
[Property extraction] end
[Module Management] ✓ done
[Property extraction] at node: tools
[Property extraction / Code Explorer: In the legacy checkSignatures(bytes32,bytes,bytes) and checkNSignatures(bytes32,bytes,bytes,uint256) overloads, what value is passed as the executor parameter? Does this enable an owner calling these overloads to bypass approveHash for v=1 signatures?] at node: tool_result; tool calls: [result]
[Property extraction / Code Explorer: In the legacy checkSignatures(bytes32,bytes,bytes) and checkNSignatures(bytes32,bytes,bytes,uint256) overloads, what value is passed as the executor parameter? Does this enable an owner calling these overloads to bypass approveHash for v=1 signatures?] at node: tools
[Property extraction / Code Explorer: In the legacy checkSignatures(bytes32,bytes,bytes) and checkNSignatures(bytes32,bytes,bytes,uint256) overloads, what value is passed as the executor parameter? Does this enable an owner calling these overloads to bypass approveHash for v=1 signatures?] end
[Property extraction] at node: tool_result; tool calls: [get_file, get_file]
[Property extraction] at node: tools
[Property extraction] at node: tool_result; tool calls: [get_file]
[Property extraction] at node: tools
[Property extraction] at node: tool_result; tool calls: [result]
[Property extraction] at node: tools
[Property extraction] end
[Signature Verification and Hash Management] ✓ done
[Property extraction] at node: tool_result; tool calls: [write_rough_draft]
[Property extraction] at node: tools
[Property extraction] at node: tool_result; tool calls: [read_rough_draft]
[Property extraction] at node: tools
[Property extraction] at node: tool_result; tool calls: [result]
[Property extraction] at node: tools
[Property extraction] end
[Storage Accessibility] ✓ done

────────────────────────────────────────────────────────────
Phase: Setup and Initialization (21 properties)
────────────────────────────────────────────────────────────

────────────────────────────────────────────────────────────
Phase: Transaction Execution (17 properties)
────────────────────────────────────────────────────────────

────────────────────────────────────────────────────────────
Phase: Signature Verification and Hash Management (12 properties)
────────────────────────────────────────────────────────────

────────────────────────────────────────────────────────────
Phase: Owner Management (20 properties)
────────────────────────────────────────────────────────────
[Setup and Initialization (21 properties) (violet-bloom-verifying-offchain)] start
[Transaction Execution (17 properties) (convergent-ring-proving-lazily)] start
[Signature Verification and Hash Management (12 properties) (tight-merkle-binding-justly)] start
[Owner Management (20 properties) (pegged-ideal-sealing-deeply)] start
[Signature Verification and Hash Management (12 properties) (tight-merkle-binding-justly)] at node: initial; tool calls: [memory]
[Signature Verification and Hash Management (12 properties) (tight-merkle-binding-justly)] at node: tools
[Owner Management (20 properties) (pegged-ideal-sealing-deeply)] at node: initial; tool calls: [memory]
[Owner Management (20 properties) (pegged-ideal-sealing-deeply)] at node: tools
[Setup and Initialization (21 properties) (violet-bloom-verifying-offchain)] at node: initial; tool calls: [memory]
[Setup and Initialization (21 properties) (violet-bloom-verifying-offchain)] at node: tools
[Transaction Execution (17 properties) (convergent-ring-proving-lazily)] at node: initial; tool calls: [memory]
[Transaction Execution (17 properties) (convergent-ring-proving-lazily)] at node: tools
[Setup and Initialization (21 properties) (violet-bloom-verifying-offchain)] at node: tool_result; tool calls: [list_files]
[Signature Verification and Hash Management (12 properties) (tight-merkle-binding-justly)] at node: tool_result; tool calls: [list_files]
[Owner Management (20 properties) (pegged-ideal-sealing-deeply)] at node: tool_result; tool calls: [list_files]
[Transaction Execution (17 properties) (convergent-ring-proving-lazily)] at node: tool_result; tool calls: [list_files]
[Setup and Initialization (21 properties) (violet-bloom-verifying-offchain)] at node: tools
[Signature Verification and Hash Management (12 properties) (tight-merkle-binding-justly)] at node: tools
[Owner Management (20 properties) (pegged-ideal-sealing-deeply)] at node: tools
[Transaction Execution (17 properties) (convergent-ring-proving-lazily)] at node: tools
[Setup and Initialization (21 properties) (violet-bloom-verifying-offchain)] at node: tool_result; tool calls: [get_file, get_file]
[Setup and Initialization (21 properties) (violet-bloom-verifying-offchain)] at node: tools
[Signature Verification and Hash Management (12 properties) (tight-merkle-binding-justly)] at node: tool_result; tool calls: [get_file, get_file]
[Signature Verification and Hash Management (12 properties) (tight-merkle-binding-justly)] at node: tools
[Transaction Execution (17 properties) (convergent-ring-proving-lazily)] at node: tool_result; tool calls: [get_file, get_file]
[Transaction Execution (17 properties) (convergent-ring-proving-lazily)] at node: tools
[Setup and Initialization (21 properties) (violet-bloom-verifying-offchain)] at node: tool_result; tool calls: [get_file, get_file]
[Setup and Initialization (21 properties) (violet-bloom-verifying-offchain)] at node: tools
[Owner Management (20 properties) (pegged-ideal-sealing-deeply)] at node: tool_result; tool calls: [get_file, get_file]
[Owner Management (20 properties) (pegged-ideal-sealing-deeply)] at node: tools
[Signature Verification and Hash Management (12 properties) (tight-merkle-binding-justly)] at node: tool_result; tool calls: [get_file, get_file]
[Signature Verification and Hash Management (12 properties) (tight-merkle-binding-justly)] at node: tools
[Transaction Execution (17 properties) (convergent-ring-proving-lazily)] at node: tool_result; tool calls: [get_file, get_file]
[Transaction Execution (17 properties) (convergent-ring-proving-lazily)] at node: tools
[Setup and Initialization (21 properties) (violet-bloom-verifying-offchain)] at node: tool_result; tool calls: [get_file, get_file]
[Setup and Initialization (21 properties) (violet-bloom-verifying-offchain)] at node: tools
[Transaction Execution (17 properties) (convergent-ring-proving-lazily)] at node: tool_result; tool calls: [get_file, get_file]
[Transaction Execution (17 properties) (convergent-ring-proving-lazily)] at node: tools
[Owner Management (20 properties) (pegged-ideal-sealing-deeply)] at node: tool_result; tool calls: [get_file, get_file]
[Owner Management (20 properties) (pegged-ideal-sealing-deeply)] at node: tools
[Setup and Initialization (21 properties) (violet-bloom-verifying-offchain)] at node: tool_result; tool calls: [get_file, get_file]
[Setup and Initialization (21 properties) (violet-bloom-verifying-offchain)] at node: tools
[Signature Verification and Hash Management (12 properties) (tight-merkle-binding-justly)] at node: tool_result; tool calls: [get_file, get_file]
[Signature Verification and Hash Management (12 properties) (tight-merkle-binding-justly)] at node: tools
[Transaction Execution (17 properties) (convergent-ring-proving-lazily)] at node: tool_result; tool calls: [get_file, get_file]
[Transaction Execution (17 properties) (convergent-ring-proving-lazily)] at node: tools
[Setup and Initialization (21 properties) (violet-bloom-verifying-offchain)] at node: tool_result; tool calls: [get_file, get_file]
[Setup and Initialization (21 properties) (violet-bloom-verifying-offchain)] at node: tools
[Owner Management (20 properties) (pegged-ideal-sealing-deeply)] at node: tool_result; tool calls: [get_file, get_file]
[Owner Management (20 properties) (pegged-ideal-sealing-deeply)] at node: tools
[Signature Verification and Hash Management (12 properties) (tight-merkle-binding-justly)] at node: tool_result; tool calls: [get_file, get_file]
[Signature Verification and Hash Management (12 properties) (tight-merkle-binding-justly)] at node: tools
[Owner Management (20 properties) (pegged-ideal-sealing-deeply)] at node: tool_result; tool calls: [get_file]
[Owner Management (20 properties) (pegged-ideal-sealing-deeply)] at node: tools
[Transaction Execution (17 properties) (convergent-ring-proving-lazily)] at node: tool_result; tool calls: [get_file, get_file]
[Transaction Execution (17 properties) (convergent-ring-proving-lazily)] at node: tools
[Signature Verification and Hash Management (12 properties) (tight-merkle-binding-justly)] at node: tool_result; tool calls: [get_file, get_file]
[Signature Verification and Hash Management (12 properties) (tight-merkle-binding-justly)] at node: tools
[Setup and Initialization (21 properties) (violet-bloom-verifying-offchain)] at node: tool_result; tool calls: [get_file, get_file]
[Setup and Initialization (21 properties) (violet-bloom-verifying-offchain)] at node: tools
[Owner Management (20 properties) (pegged-ideal-sealing-deeply)] at node: tool_result; tool calls: [get_file]
[Owner Management (20 properties) (pegged-ideal-sealing-deeply)] at node: tools
[Transaction Execution (17 properties) (convergent-ring-proving-lazily)] at node: tool_result; tool calls: [get_file, get_file]
[Transaction Execution (17 properties) (convergent-ring-proving-lazily)] at node: tools
[Signature Verification and Hash Management (12 properties) (tight-merkle-binding-justly)] at node: tool_result; tool calls: [get_file]
[Signature Verification and Hash Management (12 properties) (tight-merkle-binding-justly)] at node: tools
[Owner Management (20 properties) (pegged-ideal-sealing-deeply)] at node: tool_result; tool calls: [get_file, get_file]
[Owner Management (20 properties) (pegged-ideal-sealing-deeply)] at node: tools
[Transaction Execution (17 properties) (convergent-ring-proving-lazily)] at node: tool_result; tool calls: [get_file, get_file]
[Transaction Execution (17 properties) (convergent-ring-proving-lazily)] at node: tools
[Signature Verification and Hash Management (12 properties) (tight-merkle-binding-justly)] at node: tool_result; tool calls: [get_file, get_file]
[Signature Verification and Hash Management (12 properties) (tight-merkle-binding-justly)] at node: tools
[Owner Management (20 properties) (pegged-ideal-sealing-deeply)] at node: tool_result; tool calls: [get_file, get_file]
[Owner Management (20 properties) (pegged-ideal-sealing-deeply)] at node: tools
[Transaction Execution (17 properties) (convergent-ring-proving-lazily)] at node: tool_result; tool calls: [get_file, get_file]
[Transaction Execution (17 properties) (convergent-ring-proving-lazily)] at node: tools
[Signature Verification and Hash Management (12 properties) (tight-merkle-binding-justly)] at node: tool_result; tool calls: [get_file]
[Signature Verification and Hash Management (12 properties) (tight-merkle-binding-justly)] at node: tools
[Owner Management (20 properties) (pegged-ideal-sealing-deeply)] at node: tool_result; tool calls: [get_file]
[Owner Management (20 properties) (pegged-ideal-sealing-deeply)] at node: tools
[Transaction Execution (17 properties) (convergent-ring-proving-lazily)] at node: tool_result; tool calls: [get_file, get_file]
[Transaction Execution (17 properties) (convergent-ring-proving-lazily)] at node: tools
[Transaction Execution (17 properties) (convergent-ring-proving-lazily)] at node: tool_result; tool calls: [get_file, get_file]
[Transaction Execution (17 properties) (convergent-ring-proving-lazily)] at node: tools
[Owner Management (20 properties) (pegged-ideal-sealing-deeply)] at node: tool_result; tool calls: [get_file, get_file]
[Owner Management (20 properties) (pegged-ideal-sealing-deeply)] at node: tools
[Setup and Initialization (21 properties) (violet-bloom-verifying-offchain)] at node: tool_result; tool calls: [get_file, get_file]
[Setup and Initialization (21 properties) (violet-bloom-verifying-offchain)] at node: tools
[Setup and Initialization (21 properties) (violet-bloom-verifying-offchain)] at node: tool_result; tool calls: [get_file, get_file]
[Setup and Initialization (21 properties) (violet-bloom-verifying-offchain)] at node: tools
[Setup and Initialization (21 properties) (violet-bloom-verifying-offchain)] at node: tool_result; tool calls: [get_file, get_file]
[Setup and Initialization (21 properties) (violet-bloom-verifying-offchain)] at node: tools
[Signature Verification and Hash Management (12 properties) (tight-merkle-binding-justly)] at node: tool_result; tool calls: [get_file, get_file]
[Signature Verification and Hash Management (12 properties) (tight-merkle-binding-justly)] at node: tools
[Signature Verification and Hash Management (12 properties) (tight-merkle-binding-justly)] at node: tool_result; tool calls: [get_file]
[Signature Verification and Hash Management (12 properties) (tight-merkle-binding-justly)] at node: tools
[Signature Verification and Hash Management (12 properties) (tight-merkle-binding-justly)] at node: tool_result; tool calls: [code_explorer]
[Signature Verification and Hash Management (12 properties) (tight-merkle-binding-justly) / Code Explorer: What is the relationship between the `owners` mapping and `isOwner` function? How does isOwner work exactly, and what are the conditions for an address to be considered an owner?] start  (via tool: toolu_01YQfYyjDDfuBdbDUDpzUo3z)
[Signature Verification and Hash Management (12 properties) (tight-merkle-binding-justly) / Code Explorer: What is the relationship between the `owners` mapping and `isOwner` function? How does isOwner work exactly, and what are the conditions for an address to be considered an owner?] at node: initial; tool calls: [grep_files]
[Signature Verification and Hash Management (12 properties) (tight-merkle-binding-justly) / Code Explorer: What is the relationship between the `owners` mapping and `isOwner` function? How does isOwner work exactly, and what are the conditions for an address to be considered an owner?] at node: tools
[Signature Verification and Hash Management (12 properties) (tight-merkle-binding-justly) / Code Explorer: What is the relationship between the `owners` mapping and `isOwner` function? How does isOwner work exactly, and what are the conditions for an address to be considered an owner?] at node: tool_result; tool calls: [get_file]
[Signature Verification and Hash Management (12 properties) (tight-merkle-binding-justly) / Code Explorer: What is the relationship between the `owners` mapping and `isOwner` function? How does isOwner work exactly, and what are the conditions for an address to be considered an owner?] at node: tools
[Signature Verification and Hash Management (12 properties) (tight-merkle-binding-justly) / Code Explorer: What is the relationship between the `owners` mapping and `isOwner` function? How does isOwner work exactly, and what are the conditions for an address to be considered an owner?] at node: tool_result; tool calls: [result]
[Signature Verification and Hash Management (12 properties) (tight-merkle-binding-justly) / Code Explorer: What is the relationship between the `owners` mapping and `isOwner` function? How does isOwner work exactly, and what are the conditions for an address to be considered an owner?] at node: tools
[Signature Verification and Hash Management (12 properties) (tight-merkle-binding-justly) / Code Explorer: What is the relationship between the `owners` mapping and `isOwner` function? How does isOwner work exactly, and what are the conditions for an address to be considered an owner?] end
[Signature Verification and Hash Management (12 properties) (tight-merkle-binding-justly)] at node: tools
[Setup and Initialization (21 properties) (violet-bloom-verifying-offchain)] at node: tool_result; tool calls: [get_file, get_file]
[Setup and Initialization (21 properties) (violet-bloom-verifying-offchain)] at node: tools
[Setup and Initialization (21 properties) (violet-bloom-verifying-offchain)] at node: tool_result; tool calls: [get_file]
[Setup and Initialization (21 properties) (violet-bloom-verifying-offchain)] at node: tools
[Setup and Initialization (21 properties) (violet-bloom-verifying-offchain)] at node: tool_result; tool calls: [grep_files]
[Setup and Initialization (21 properties) (violet-bloom-verifying-offchain)] at node: tools
[Signature Verification and Hash Management (12 properties) (tight-merkle-binding-justly)] at node: tool_result; tool calls: [get_file]
[Signature Verification and Hash Management (12 properties) (tight-merkle-binding-justly)] at node: tools
[Owner Management (20 properties) (pegged-ideal-sealing-deeply)] at node: tool_result; tool calls: [get_file, get_file]
[Owner Management (20 properties) (pegged-ideal-sealing-deeply)] at node: tools
[Setup and Initialization (21 properties) (violet-bloom-verifying-offchain)] at node: tool_result; tool calls: [cvl_research, cvl_research]
[Setup and Initialization (21 properties) (violet-bloom-verifying-offchain) / CVL Researcher] start  (via tool: toolu_01Pz5gpd5Lim74EDP9CzHyNt)
[Setup and Initialization (21 properties) (violet-bloom-verifying-offchain) / CVL Researcher] start  (via tool: toolu_01L46xC16SnPaNRwsnVtFpUc)
[Setup and Initialization (21 properties) (violet-bloom-verifying-offchain) / CVL Researcher] at node: initial; tool calls: [cvl_manual_search, cvl_keyword_search]
[Setup and Initialization (21 properties) (violet-bloom-verifying-offchain) / CVL Researcher] at node: tools
[Setup and Initialization (21 properties) (violet-bloom-verifying-offchain) / CVL Researcher] at node: initial; tool calls: [cvl_manual_search, cvl_manual_search]
[Setup and Initialization (21 properties) (violet-bloom-verifying-offchain) / CVL Researcher] at node: tools
[Setup and Initialization (21 properties) (violet-bloom-verifying-offchain) / CVL Researcher] at node: tool_result; tool calls: [get_cvl_manual_section, get_cvl_manual_section]
[Setup and Initialization (21 properties) (violet-bloom-verifying-offchain) / CVL Researcher] at node: tools
[Setup and Initialization (21 properties) (violet-bloom-verifying-offchain) / CVL Researcher] at node: tool_result; tool calls: [get_cvl_manual_section, get_cvl_manual_section]
[Setup and Initialization (21 properties) (violet-bloom-verifying-offchain) / CVL Researcher] at node: tools
[Setup and Initialization (21 properties) (violet-bloom-verifying-offchain) / CVL Researcher] at node: tool_result; tool calls: [cvl_keyword_search, scan_knowledge_base]
[Setup and Initialization (21 properties) (violet-bloom-verifying-offchain) / CVL Researcher] at node: tools
[Setup and Initialization (21 properties) (violet-bloom-verifying-offchain) / CVL Researcher] at node: tool_result; tool calls: [get_cvl_manual_section]
[Setup and Initialization (21 properties) (violet-bloom-verifying-offchain) / CVL Researcher] at node: tools
[Setup and Initialization (21 properties) (violet-bloom-verifying-offchain) / CVL Researcher] at node: tool_result; tool calls: [write_rough_draft]
[Setup and Initialization (21 properties) (violet-bloom-verifying-offchain) / CVL Researcher] at node: tools
[Setup and Initialization (21 properties) (violet-bloom-verifying-offchain) / CVL Researcher] at node: tool_result; tool calls: [read_rough_draft]
[Setup and Initialization (21 properties) (violet-bloom-verifying-offchain) / CVL Researcher] at node: tools
[Setup and Initialization (21 properties) (violet-bloom-verifying-offchain) / CVL Researcher] at node: tool_result; tool calls: [write_rough_draft]
[Setup and Initialization (21 properties) (violet-bloom-verifying-offchain) / CVL Researcher] at node: tools
[Setup and Initialization (21 properties) (violet-bloom-verifying-offchain) / CVL Researcher] at node: tool_result; tool calls: [read_rough_draft]
[Setup and Initialization (21 properties) (violet-bloom-verifying-offchain) / CVL Researcher] at node: tools
[Setup and Initialization (21 properties) (violet-bloom-verifying-offchain) / CVL Researcher] at node: tool_result; tool calls: [result]
[Setup and Initialization (21 properties) (violet-bloom-verifying-offchain) / CVL Researcher] at node: tools
[Setup and Initialization (21 properties) (violet-bloom-verifying-offchain) / CVL Researcher] end
[Setup and Initialization (21 properties) (violet-bloom-verifying-offchain) / CVL Researcher] at node: tool_result; tool calls: [result]
[Setup and Initialization (21 properties) (violet-bloom-verifying-offchain) / CVL Researcher] at node: tools
[Setup and Initialization (21 properties) (violet-bloom-verifying-offchain) / CVL Researcher] end
[Setup and Initialization (21 properties) (violet-bloom-verifying-offchain)] at node: tools
[Setup and Initialization (21 properties) (violet-bloom-verifying-offchain)] at node: tool_result; tool calls: [get_file]
[Setup and Initialization (21 properties) (violet-bloom-verifying-offchain)] at node: tools
[Transaction Execution (17 properties) (convergent-ring-proving-lazily)] at node: tool_result; tool calls: [get_file, get_file]
[Transaction Execution (17 properties) (convergent-ring-proving-lazily)] at node: tools
[Owner Management (20 properties) (pegged-ideal-sealing-deeply)] at node: tool_result; tool calls: [get_file]
[Owner Management (20 properties) (pegged-ideal-sealing-deeply)] at node: tools
[Owner Management (20 properties) (pegged-ideal-sealing-deeply)] at node: tool_result; tool calls: [memory]
[Owner Management (20 properties) (pegged-ideal-sealing-deeply)] at node: tools
[Setup and Initialization (21 properties) (violet-bloom-verifying-offchain)] at node: tool_result; tool calls: [get_file]
[Setup and Initialization (21 properties) (violet-bloom-verifying-offchain)] at node: tools
[Owner Management (20 properties) (pegged-ideal-sealing-deeply)] at node: tool_result; tool calls: [put_cvl_raw]
[Owner Management (20 properties) (pegged-ideal-sealing-deeply)] at node: tools
[Owner Management (20 properties) (pegged-ideal-sealing-deeply)] at node: tool_result; tool calls: [feedback_tool]
[Owner Management (20 properties) (pegged-ideal-sealing-deeply) / Property feedback judge] start  (via tool: toolu_01RhPt8f7BvRp2dV8zzcUca3)
[Owner Management (20 properties) (pegged-ideal-sealing-deeply) / Property feedback judge] at node: initial; tool calls: [memory]
[Owner Management (20 properties) (pegged-ideal-sealing-deeply) / Property feedback judge] at node: tools
[Signature Verification and Hash Management (12 properties) (tight-merkle-binding-justly)] at node: tool_result; tool calls: [memory]
[Signature Verification and Hash Management (12 properties) (tight-merkle-binding-justly)] at node: tools
[Signature Verification and Hash Management (12 properties) (tight-merkle-binding-justly)] at node: tool_result; tool calls: [cvl_research]
[Signature Verification and Hash Management (12 properties) (tight-merkle-binding-justly) / CVL Researcher] start  (via tool: toolu_011gNHKW9aWv86E2VpLhde3N)
[Signature Verification and Hash Management (12 properties) (tight-merkle-binding-justly) / CVL Researcher] at node: initial; tool calls: [cvl_keyword_search, cvl_manual_search]
[Signature Verification and Hash Management (12 properties) (tight-merkle-binding-justly) / CVL Researcher] at node: tools
[Signature Verification and Hash Management (12 properties) (tight-merkle-binding-justly) / CVL Researcher] at node: tool_result; tool calls: [write_rough_draft]
[Signature Verification and Hash Management (12 properties) (tight-merkle-binding-justly) / CVL Researcher] at node: tools
[Signature Verification and Hash Management (12 properties) (tight-merkle-binding-justly) / CVL Researcher] at node: tool_result; tool calls: [read_rough_draft]
[Signature Verification and Hash Management (12 properties) (tight-merkle-binding-justly) / CVL Researcher] at node: tools
[Transaction Execution (17 properties) (convergent-ring-proving-lazily)] at node: tool_result; tool calls: [cvl_research, cvl_research]
[Transaction Execution (17 properties) (convergent-ring-proving-lazily) / CVL Researcher] start  (via tool: toolu_01JRtybwiQfQYWYGmDFhDcFt)
[Transaction Execution (17 properties) (convergent-ring-proving-lazily) / CVL Researcher] start  (via tool: toolu_01KpsicGsf5esAmSUrDV4H6G)
[Signature Verification and Hash Management (12 properties) (tight-merkle-binding-justly) / CVL Researcher] at node: tool_result; tool calls: [result]
[Signature Verification and Hash Management (12 properties) (tight-merkle-binding-justly) / CVL Researcher] at node: tools
[Signature Verification and Hash Management (12 properties) (tight-merkle-binding-justly) / CVL Researcher] end
[Signature Verification and Hash Management (12 properties) (tight-merkle-binding-justly)] at node: tools
[Transaction Execution (17 properties) (convergent-ring-proving-lazily) / CVL Researcher] at node: initial; tool calls: [cvl_manual_search, cvl_keyword_search]
[Transaction Execution (17 properties) (convergent-ring-proving-lazily) / CVL Researcher] at node: tools
[Transaction Execution (17 properties) (convergent-ring-proving-lazily) / CVL Researcher] at node: tool_result; tool calls: [get_cvl_manual_section, get_cvl_manual_section]
[Transaction Execution (17 properties) (convergent-ring-proving-lazily) / CVL Researcher] at node: tools
[Transaction Execution (17 properties) (convergent-ring-proving-lazily) / CVL Researcher] at node: initial; tool calls: [cvl_manual_search, cvl_keyword_search]
[Transaction Execution (17 properties) (convergent-ring-proving-lazily) / CVL Researcher] at node: tools
[Transaction Execution (17 properties) (convergent-ring-proving-lazily) / CVL Researcher] at node: tool_result; tool calls: [get_cvl_manual_section, get_cvl_manual_section]
[Transaction Execution (17 properties) (convergent-ring-proving-lazily) / CVL Researcher] at node: tools
[Transaction Execution (17 properties) (convergent-ring-proving-lazily) / CVL Researcher] at node: tool_result; tool calls: [get_cvl_manual_section, get_cvl_manual_section]
[Transaction Execution (17 properties) (convergent-ring-proving-lazily) / CVL Researcher] at node: tools
[Transaction Execution (17 properties) (convergent-ring-proving-lazily) / CVL Researcher] at node: tool_result; tool calls: [write_rough_draft]
[Transaction Execution (17 properties) (convergent-ring-proving-lazily) / CVL Researcher] at node: tools
[Transaction Execution (17 properties) (convergent-ring-proving-lazily) / CVL Researcher] at node: tool_result; tool calls: [read_rough_draft]
[Transaction Execution (17 properties) (convergent-ring-proving-lazily) / CVL Researcher] at node: tools
[Transaction Execution (17 properties) (convergent-ring-proving-lazily) / CVL Researcher] at node: tool_result; tool calls: [result]
[Transaction Execution (17 properties) (convergent-ring-proving-lazily) / CVL Researcher] at node: tools
[Transaction Execution (17 properties) (convergent-ring-proving-lazily) / CVL Researcher] end
[Transaction Execution (17 properties) (convergent-ring-proving-lazily) / CVL Researcher] at node: tool_result; tool calls: [write_rough_draft]
[Transaction Execution (17 properties) (convergent-ring-proving-lazily) / CVL Researcher] at node: tools
[Transaction Execution (17 properties) (convergent-ring-proving-lazily) / CVL Researcher] at node: tool_result; tool calls: [read_rough_draft]
[Transaction Execution (17 properties) (convergent-ring-proving-lazily) / CVL Researcher] at node: tools
[Setup and Initialization (21 properties) (violet-bloom-verifying-offchain)] at node: tool_result; tool calls: [memory]
[Setup and Initialization (21 properties) (violet-bloom-verifying-offchain)] at node: tools
[Signature Verification and Hash Management (12 properties) (tight-merkle-binding-justly)] at node: tool_result; tool calls: [cvl_research]
[Signature Verification and Hash Management (12 properties) (tight-merkle-binding-justly) / CVL Researcher] start  (via tool: toolu_01FRDygo2VGUaHuztxsBW6K6)
[Transaction Execution (17 properties) (convergent-ring-proving-lazily) / CVL Researcher] at node: tool_result; tool calls: [result]
[Transaction Execution (17 properties) (convergent-ring-proving-lazily) / CVL Researcher] at node: tools
[Transaction Execution (17 properties) (convergent-ring-proving-lazily) / CVL Researcher] end
[Transaction Execution (17 properties) (convergent-ring-proving-lazily)] at node: tools
[Signature Verification and Hash Management (12 properties) (tight-merkle-binding-justly) / CVL Researcher] at node: initial; tool calls: [cvl_manual_search, cvl_keyword_search]
[Signature Verification and Hash Management (12 properties) (tight-merkle-binding-justly) / CVL Researcher] at node: tools
[Signature Verification and Hash Management (12 properties) (tight-merkle-binding-justly) / CVL Researcher] at node: tool_result; tool calls: [get_cvl_manual_section, get_cvl_manual_section]
[Signature Verification and Hash Management (12 properties) (tight-merkle-binding-justly) / CVL Researcher] at node: tools
[Signature Verification and Hash Management (12 properties) (tight-merkle-binding-justly) / CVL Researcher] at node: tool_result; tool calls: [cvl_manual_search, cvl_keyword_search]
[Signature Verification and Hash Management (12 properties) (tight-merkle-binding-justly) / CVL Researcher] at node: tools
[Signature Verification and Hash Management (12 properties) (tight-merkle-binding-justly) / CVL Researcher] at node: tool_result; tool calls: [write_rough_draft]
[Signature Verification and Hash Management (12 properties) (tight-merkle-binding-justly) / CVL Researcher] at node: tools
[Signature Verification and Hash Management (12 properties) (tight-merkle-binding-justly) / CVL Researcher] at node: tool_result; tool calls: [read_rough_draft]
[Signature Verification and Hash Management (12 properties) (tight-merkle-binding-justly) / CVL Researcher] at node: tools
[Signature Verification and Hash Management (12 properties) (tight-merkle-binding-justly) / CVL Researcher] at node: tool_result; tool calls: [result]
[Signature Verification and Hash Management (12 properties) (tight-merkle-binding-justly) / CVL Researcher] at node: tools
[Signature Verification and Hash Management (12 properties) (tight-merkle-binding-justly) / CVL Researcher] end
[Signature Verification and Hash Management (12 properties) (tight-merkle-binding-justly)] at node: tools
[Setup and Initialization (21 properties) (violet-bloom-verifying-offchain)] at node: tool_result; tool calls: [put_cvl_raw]
[Setup and Initialization (21 properties) (violet-bloom-verifying-offchain)] at node: tools
[Owner Management (20 properties) (pegged-ideal-sealing-deeply) / Property feedback judge] at node: tool_result; tool calls: [memory]
[Owner Management (20 properties) (pegged-ideal-sealing-deeply) / Property feedback judge] at node: tools
[Setup and Initialization (21 properties) (violet-bloom-verifying-offchain)] at node: tool_result; tool calls: [cvl_research]
[Setup and Initialization (21 properties) (violet-bloom-verifying-offchain) / CVL Researcher] start  (via tool: toolu_01EeMJt7AtT7Nr5opeyS3Ejv)
[Owner Management (20 properties) (pegged-ideal-sealing-deeply) / Property feedback judge] at node: tool_result; tool calls: [write_rough_draft]
[Owner Management (20 properties) (pegged-ideal-sealing-deeply) / Property feedback judge] at node: tools
[Owner Management (20 properties) (pegged-ideal-sealing-deeply) / Property feedback judge] at node: tool_result; tool calls: [read_rough_draft]
[Owner Management (20 properties) (pegged-ideal-sealing-deeply) / Property feedback judge] at node: tools
[Setup and Initialization (21 properties) (violet-bloom-verifying-offchain) / CVL Researcher] at node: initial; tool calls: [cvl_manual_search, cvl_manual_search]
[Setup and Initialization (21 properties) (violet-bloom-verifying-offchain) / CVL Researcher] at node: tools
[Setup and Initialization (21 properties) (violet-bloom-verifying-offchain) / CVL Researcher] at node: tool_result; tool calls: [cvl_manual_search, cvl_keyword_search]
[Setup and Initialization (21 properties) (violet-bloom-verifying-offchain) / CVL Researcher] at node: tools
[Setup and Initialization (21 properties) (violet-bloom-verifying-offchain) / CVL Researcher] at node: tool_result; tool calls: [get_cvl_manual_section, cvl_manual_search]
[Setup and Initialization (21 properties) (violet-bloom-verifying-offchain) / CVL Researcher] at node: tools
[Owner Management (20 properties) (pegged-ideal-sealing-deeply) / Property feedback judge] at node: tool_result; tool calls: [memory]
[Owner Management (20 properties) (pegged-ideal-sealing-deeply) / Property feedback judge] at node: tools
[Owner Management (20 properties) (pegged-ideal-sealing-deeply) / Property feedback judge] at node: tool_result; tool calls: [result]
[Owner Management (20 properties) (pegged-ideal-sealing-deeply) / Property feedback judge] at node: tools
[Owner Management (20 properties) (pegged-ideal-sealing-deeply) / Property feedback judge] end
[Owner Management (20 properties) (pegged-ideal-sealing-deeply)] at node: tools
[Setup and Initialization (21 properties) (violet-bloom-verifying-offchain) / CVL Researcher] at node: tool_result; tool calls: [write_rough_draft]
[Setup and Initialization (21 properties) (violet-bloom-verifying-offchain) / CVL Researcher] at node: tools
[Setup and Initialization (21 properties) (violet-bloom-verifying-offchain) / CVL Researcher] at node: tool_result; tool calls: [read_rough_draft]
[Setup and Initialization (21 properties) (violet-bloom-verifying-offchain) / CVL Researcher] at node: tools
[Setup and Initialization (21 properties) (violet-bloom-verifying-offchain) / CVL Researcher] at node: tool_result; tool calls: [result]
[Setup and Initialization (21 properties) (violet-bloom-verifying-offchain) / CVL Researcher] at node: tools
[Setup and Initialization (21 properties) (violet-bloom-verifying-offchain) / CVL Researcher] end
[Setup and Initialization (21 properties) (violet-bloom-verifying-offchain)] at node: tools
[Signature Verification and Hash Management (12 properties) (tight-merkle-binding-justly)] at node: tool_result; tool calls: [put_cvl_raw]
[Signature Verification and Hash Management (12 properties) (tight-merkle-binding-justly)] at node: tools
[Signature Verification and Hash Management (12 properties) (tight-merkle-binding-justly)] at node: tool_result; tool calls: [expect_rule_failure]
[Signature Verification and Hash Management (12 properties) (tight-merkle-binding-justly)] at node: tools
[Signature Verification and Hash Management (12 properties) (tight-merkle-binding-justly)] at node: tool_result; tool calls: [expect_rule_failure]
[Signature Verification and Hash Management (12 properties) (tight-merkle-binding-justly)] at node: tools
[Signature Verification and Hash Management (12 properties) (tight-merkle-binding-justly)] at node: tool_result; tool calls: [expect_rule_failure]
[Signature Verification and Hash Management (12 properties) (tight-merkle-binding-justly)] at node: tools
[Signature Verification and Hash Management (12 properties) (tight-merkle-binding-justly)] at node: tool_result; tool calls: [expect_rule_failure]
[Signature Verification and Hash Management (12 properties) (tight-merkle-binding-justly)] at node: tools
[Signature Verification and Hash Management (12 properties) (tight-merkle-binding-justly)] at node: tool_result; tool calls: [feedback_tool]
[Signature Verification and Hash Management (12 properties) (tight-merkle-binding-justly) / Property feedback judge] start  (via tool: toolu_01Lai2ssrT5dNfcpMV4YiouB)
[Signature Verification and Hash Management (12 properties) (tight-merkle-binding-justly) / Property feedback judge] at node: initial; tool calls: [memory]
[Signature Verification and Hash Management (12 properties) (tight-merkle-binding-justly) / Property feedback judge] at node: tools
[Signature Verification and Hash Management (12 properties) (tight-merkle-binding-justly) / Property feedback judge] at node: tool_result; tool calls: [list_files]
[Signature Verification and Hash Management (12 properties) (tight-merkle-binding-justly) / Property feedback judge] at node: tools
[Signature Verification and Hash Management (12 properties) (tight-merkle-binding-justly) / Property feedback judge] at node: tool_result; tool calls: [get_cvl, get_file]
[Signature Verification and Hash Management (12 properties) (tight-merkle-binding-justly) / Property feedback judge] at node: tools
[Signature Verification and Hash Management (12 properties) (tight-merkle-binding-justly) / Property feedback judge] at node: tool_result; tool calls: [get_file, get_file]
[Signature Verification and Hash Management (12 properties) (tight-merkle-binding-justly) / Property feedback judge] at node: tools
[Signature Verification and Hash Management (12 properties) (tight-merkle-binding-justly) / Property feedback judge] at node: tool_result; tool calls: [get_file, get_file]
[Signature Verification and Hash Management (12 properties) (tight-merkle-binding-justly) / Property feedback judge] at node: tools
[Signature Verification and Hash Management (12 properties) (tight-merkle-binding-justly) / Property feedback judge] at node: tool_result; tool calls: [get_file]
[Signature Verification and Hash Management (12 properties) (tight-merkle-binding-justly) / Property feedback judge] at node: tools
[Signature Verification and Hash Management (12 properties) (tight-merkle-binding-justly) / Property feedback judge] at node: tool_result; tool calls: [get_file]
[Signature Verification and Hash Management (12 properties) (tight-merkle-binding-justly) / Property feedback judge] at node: tools
[Signature Verification and Hash Management (12 properties) (tight-merkle-binding-justly) / Property feedback judge] at node: tool_result; tool calls: [get_file]
[Signature Verification and Hash Management (12 properties) (tight-merkle-binding-justly) / Property feedback judge] at node: tools
[Signature Verification and Hash Management (12 properties) (tight-merkle-binding-justly) / Property feedback judge] at node: tool_result; tool calls: [code_document_ref, code_document_ref]
[Signature Verification and Hash Management (12 properties) (tight-merkle-binding-justly) / Property feedback judge] at node: tools
[Signature Verification and Hash Management (12 properties) (tight-merkle-binding-justly) / Property feedback judge] at node: tool_result; tool calls: [cvl_document_ref]
[Signature Verification and Hash Management (12 properties) (tight-merkle-binding-justly) / Property feedback judge] at node: tools
[Setup and Initialization (21 properties) (violet-bloom-verifying-offchain)] at node: tool_result; tool calls: [put_cvl_raw]
[Setup and Initialization (21 properties) (violet-bloom-verifying-offchain)] at node: tools
[Setup and Initialization (21 properties) (violet-bloom-verifying-offchain)] at node: tool_result; tool calls: [expect_rule_failure, expect_rule_failure]
[Setup and Initialization (21 properties) (violet-bloom-verifying-offchain)] at node: tool_result; tool calls: [get_cvl]
[Setup and Initialization (21 properties) (violet-bloom-verifying-offchain)] at node: tools
[Transaction Execution (17 properties) (convergent-ring-proving-lazily)] at node: tool_result; tool calls: [memory]
[Transaction Execution (17 properties) (convergent-ring-proving-lazily)] at node: tools
[Owner Management (20 properties) (pegged-ideal-sealing-deeply)] at node: tool_result; tool calls: [put_cvl_raw]
[Owner Management (20 properties) (pegged-ideal-sealing-deeply)] at node: tools
[Owner Management (20 properties) (pegged-ideal-sealing-deeply)] at node: tool_result; tool calls: [feedback_tool]
[Owner Management (20 properties) (pegged-ideal-sealing-deeply) / Property feedback judge] start  (via tool: toolu_011m3KZRXvYD7Yka54jYnjXr)
[Owner Management (20 properties) (pegged-ideal-sealing-deeply) / Property feedback judge] at node: initial; tool calls: [memory]
[Owner Management (20 properties) (pegged-ideal-sealing-deeply) / Property feedback judge] at node: tools
[Owner Management (20 properties) (pegged-ideal-sealing-deeply) / Property feedback judge] at node: tool_result; tool calls: [memory]
[Owner Management (20 properties) (pegged-ideal-sealing-deeply) / Property feedback judge] at node: tools
[Setup and Initialization (21 properties) (violet-bloom-verifying-offchain)] at node: tool_result; tool calls: [put_cvl_raw]
[Signature Verification and Hash Management (12 properties) (tight-merkle-binding-justly) / Property feedback judge] at node: tool_result; tool calls: [write_rough_draft]
[Signature Verification and Hash Management (12 properties) (tight-merkle-binding-justly) / Property feedback judge] at node: tools
[Setup and Initialization (21 properties) (violet-bloom-verifying-offchain)] at node: tools
[Signature Verification and Hash Management (12 properties) (tight-merkle-binding-justly) / Property feedback judge] at node: tool_result; tool calls: [read_rough_draft]
[Signature Verification and Hash Management (12 properties) (tight-merkle-binding-justly) / Property feedback judge] at node: tools
[Signature Verification and Hash Management (12 properties) (tight-merkle-binding-justly) / Property feedback judge] at node: tool_result; tool calls: [memory]
[Signature Verification and Hash Management (12 properties) (tight-merkle-binding-justly) / Property feedback judge] at node: tools
[Setup and Initialization (21 properties) (violet-bloom-verifying-offchain)] at node: tool_result; tool calls: [feedback_tool]
[Setup and Initialization (21 properties) (violet-bloom-verifying-offchain) / Property feedback judge] start  (via tool: toolu_01Kd6UktMnw7EesvPGUZNSWS)
[Setup and Initialization (21 properties) (violet-bloom-verifying-offchain) / Property feedback judge] at node: initial; tool calls: [memory]
[Setup and Initialization (21 properties) (violet-bloom-verifying-offchain) / Property feedback judge] at node: tools
[Transaction Execution (17 properties) (convergent-ring-proving-lazily)] at node: tool_result; tool calls: [put_cvl_raw]
[Transaction Execution (17 properties) (convergent-ring-proving-lazily)] at node: tools
[Signature Verification and Hash Management (12 properties) (tight-merkle-binding-justly) / Property feedback judge] at node: tool_result; tool calls: [result]
[Signature Verification and Hash Management (12 properties) (tight-merkle-binding-justly) / Property feedback judge] at node: tools
[Signature Verification and Hash Management (12 properties) (tight-merkle-binding-justly) / Property feedback judge] end
[Signature Verification and Hash Management (12 properties) (tight-merkle-binding-justly)] at node: tools
[Transaction Execution (17 properties) (convergent-ring-proving-lazily)] at node: tool_result; tool calls: [put_cvl_raw]
[Transaction Execution (17 properties) (convergent-ring-proving-lazily)] at node: tools
[Transaction Execution (17 properties) (convergent-ring-proving-lazily)] at node: tool_result; tool calls: [expect_rule_failure, expect_rule_failure, expect_rule_failure, expect_rule_failure]
[Transaction Execution (17 properties) (convergent-ring-proving-lazily)] at node: tool_result; tool calls: [record_skip]
[Transaction Execution (17 properties) (convergent-ring-proving-lazily)] at node: tools
[Transaction Execution (17 properties) (convergent-ring-proving-lazily)] at node: tool_result; tool calls: [feedback_tool]
[Transaction Execution (17 properties) (convergent-ring-proving-lazily) / Property feedback judge] start  (via tool: toolu_01Vj6DNcmLiVmnwjEruVRr5h)
[Transaction Execution (17 properties) (convergent-ring-proving-lazily) / Property feedback judge] at node: initial; tool calls: [memory]
[Transaction Execution (17 properties) (convergent-ring-proving-lazily) / Property feedback judge] at node: tools
[Transaction Execution (17 properties) (convergent-ring-proving-lazily) / Property feedback judge] at node: tool_result; tool calls: [list_files]
[Transaction Execution (17 properties) (convergent-ring-proving-lazily) / Property feedback judge] at node: tools
[Transaction Execution (17 properties) (convergent-ring-proving-lazily) / Property feedback judge] at node: tool_result; tool calls: [get_file, get_file]
[Transaction Execution (17 properties) (convergent-ring-proving-lazily) / Property feedback judge] at node: tools
[Transaction Execution (17 properties) (convergent-ring-proving-lazily) / Property feedback judge] at node: tool_result; tool calls: [get_file, get_file]
[Transaction Execution (17 properties) (convergent-ring-proving-lazily) / Property feedback judge] at node: tools
[Transaction Execution (17 properties) (convergent-ring-proving-lazily) / Property feedback judge] at node: tool_result; tool calls: [get_file, get_file]
[Transaction Execution (17 properties) (convergent-ring-proving-lazily) / Property feedback judge] at node: tools
[Transaction Execution (17 properties) (convergent-ring-proving-lazily) / Property feedback judge] at node: tool_result; tool calls: [get_file, get_file]
[Transaction Execution (17 properties) (convergent-ring-proving-lazily) / Property feedback judge] at node: tools
[Setup and Initialization (21 properties) (violet-bloom-verifying-offchain) / Property feedback judge] at node: tool_result; tool calls: [memory]
[Setup and Initialization (21 properties) (violet-bloom-verifying-offchain) / Property feedback judge] at node: tools
[Setup and Initialization (21 properties) (violet-bloom-verifying-offchain) / Property feedback judge] at node: tool_result; tool calls: [get_cvl, cvl_research]
[Setup and Initialization (21 properties) (violet-bloom-verifying-offchain) / Property feedback judge / CVL Researcher] start  (via tool: toolu_01RrVLCSdLfiyQWN4EuV3AeS)
[Setup and Initialization (21 properties) (violet-bloom-verifying-offchain) / Property feedback judge / CVL Researcher] at node: initial; tool calls: [write_rough_draft]
[Setup and Initialization (21 properties) (violet-bloom-verifying-offchain) / Property feedback judge / CVL Researcher] at node: tools
[Setup and Initialization (21 properties) (violet-bloom-verifying-offchain) / Property feedback judge / CVL Researcher] at node: tool_result; tool calls: [result]
[Setup and Initialization (21 properties) (violet-bloom-verifying-offchain) / Property feedback judge / CVL Researcher] at node: tools
[Setup and Initialization (21 properties) (violet-bloom-verifying-offchain) / Property feedback judge / CVL Researcher] end
[Setup and Initialization (21 properties) (violet-bloom-verifying-offchain) / Property feedback judge] at node: tools
[Owner Management (20 properties) (pegged-ideal-sealing-deeply) / Property feedback judge] at node: tool_result; tool calls: [get_cvl]
[Owner Management (20 properties) (pegged-ideal-sealing-deeply) / Property feedback judge] at node: tools
[Transaction Execution (17 properties) (convergent-ring-proving-lazily) / Property feedback judge] at node: tool_result; tool calls: [cvl_manual_search, code_explorer]
[Transaction Execution (17 properties) (convergent-ring-proving-lazily) / Property feedback judge / Code Explorer: What does execTransaction emit on success vs failure? Does it emit ExecutionSuccess and ExecutionFailure events?] start  (via tool: toolu_01PFWqV2knmaLzuUcaKNURMw)
[Signature Verification and Hash Management (12 properties) (tight-merkle-binding-justly)] at node: tool_result; tool calls: [put_cvl_raw]
[Transaction Execution (17 properties) (convergent-ring-proving-lazily) / Property feedback judge / Code Explorer: What does execTransaction emit on success vs failure? Does it emit ExecutionSuccess and ExecutionFailure events?] at node: initial; tool calls: [grep_files]
[Signature Verification and Hash Management (12 properties) (tight-merkle-binding-justly)] at node: tools
[Transaction Execution (17 properties) (convergent-ring-proving-lazily) / Property feedback judge / Code Explorer: What does execTransaction emit on success vs failure? Does it emit ExecutionSuccess and ExecutionFailure events?] at node: tools
[Signature Verification and Hash Management (12 properties) (tight-merkle-binding-justly)] at node: tool_result; tool calls: [feedback_tool]
[Signature Verification and Hash Management (12 properties) (tight-merkle-binding-justly) / Property feedback judge] start  (via tool: toolu_01SpWmBvTatUmkkNk9fhFNCz)
[Signature Verification and Hash Management (12 properties) (tight-merkle-binding-justly) / Property feedback judge] at node: initial; tool calls: [memory]
[Signature Verification and Hash Management (12 properties) (tight-merkle-binding-justly) / Property feedback judge] at node: tools
[Setup and Initialization (21 properties) (violet-bloom-verifying-offchain) / Property feedback judge] at node: tool_result; tool calls: [write_rough_draft]
[Setup and Initialization (21 properties) (violet-bloom-verifying-offchain) / Property feedback judge] at node: tools
[Transaction Execution (17 properties) (convergent-ring-proving-lazily) / Property feedback judge / Code Explorer: What does execTransaction emit on success vs failure? Does it emit ExecutionSuccess and ExecutionFailure events?] at node: tool_result; tool calls: [grep_files, grep_files]
[Signature Verification and Hash Management (12 properties) (tight-merkle-binding-justly) / Property feedback judge] at node: tool_result; tool calls: [memory]
[Signature Verification and Hash Management (12 properties) (tight-merkle-binding-justly) / Property feedback judge] at node: tools
[Owner Management (20 properties) (pegged-ideal-sealing-deeply) / Property feedback judge] at node: tool_result; tool calls: [write_rough_draft]
[Owner Management (20 properties) (pegged-ideal-sealing-deeply) / Property feedback judge] at node: tools
[Transaction Execution (17 properties) (convergent-ring-proving-lazily) / Property feedback judge / Code Explorer: What does execTransaction emit on success vs failure? Does it emit ExecutionSuccess and ExecutionFailure events?] at node: tools
[Owner Management (20 properties) (pegged-ideal-sealing-deeply) / Property feedback judge] at node: tool_result; tool calls: [read_rough_draft]
[Owner Management (20 properties) (pegged-ideal-sealing-deeply) / Property feedback judge] at node: tools
[Transaction Execution (17 properties) (convergent-ring-proving-lazily) / Property feedback judge / Code Explorer: What does execTransaction emit on success vs failure? Does it emit ExecutionSuccess and ExecutionFailure events?] at node: tool_result; tool calls: [get_file, get_file]
[Transaction Execution (17 properties) (convergent-ring-proving-lazily) / Property feedback judge / Code Explorer: What does execTransaction emit on success vs failure? Does it emit ExecutionSuccess and ExecutionFailure events?] at node: tools
[Transaction Execution (17 properties) (convergent-ring-proving-lazily) / Property feedback judge / Code Explorer: What does execTransaction emit on success vs failure? Does it emit ExecutionSuccess and ExecutionFailure events?] at node: tool_result; tool calls: [grep_files]
[Transaction Execution (17 properties) (convergent-ring-proving-lazily) / Property feedback judge / Code Explorer: What does execTransaction emit on success vs failure? Does it emit ExecutionSuccess and ExecutionFailure events?] at node: tools
[Owner Management (20 properties) (pegged-ideal-sealing-deeply) / Property feedback judge] at node: tool_result; tool calls: [memory]
[Owner Management (20 properties) (pegged-ideal-sealing-deeply) / Property feedback judge] at node: tools
[Transaction Execution (17 properties) (convergent-ring-proving-lazily) / Property feedback judge / Code Explorer: What does execTransaction emit on success vs failure? Does it emit ExecutionSuccess and ExecutionFailure events?] at node: tool_result; tool calls: [list_files]
[Transaction Execution (17 properties) (convergent-ring-proving-lazily) / Property feedback judge / Code Explorer: What does execTransaction emit on success vs failure? Does it emit ExecutionSuccess and ExecutionFailure events?] at node: tools
[Transaction Execution (17 properties) (convergent-ring-proving-lazily) / Property feedback judge / Code Explorer: What does execTransaction emit on success vs failure? Does it emit ExecutionSuccess and ExecutionFailure events?] at node: tool_result; tool calls: [get_file]
[Transaction Execution (17 properties) (convergent-ring-proving-lazily) / Property feedback judge / Code Explorer: What does execTransaction emit on success vs failure? Does it emit ExecutionSuccess and ExecutionFailure events?] at node: tools
[Setup and Initialization (21 properties) (violet-bloom-verifying-offchain) / Property feedback judge] at node: tool_result; tool calls: [read_rough_draft]
[Setup and Initialization (21 properties) (violet-bloom-verifying-offchain) / Property feedback judge] at node: tools
[Transaction Execution (17 properties) (convergent-ring-proving-lazily) / Property feedback judge / Code Explorer: What does execTransaction emit on success vs failure? Does it emit ExecutionSuccess and ExecutionFailure events?] at node: tool_result; tool calls: [get_file]
[Transaction Execution (17 properties) (convergent-ring-proving-lazily) / Property feedback judge / Code Explorer: What does execTransaction emit on success vs failure? Does it emit ExecutionSuccess and ExecutionFailure events?] at node: tools
[Transaction Execution (17 properties) (convergent-ring-proving-lazily) / Property feedback judge / Code Explorer: What does execTransaction emit on success vs failure? Does it emit ExecutionSuccess and ExecutionFailure events?] at node: tool_result; tool calls: [get_file]
[Transaction Execution (17 properties) (convergent-ring-proving-lazily) / Property feedback judge / Code Explorer: What does execTransaction emit on success vs failure? Does it emit ExecutionSuccess and ExecutionFailure events?] at node: tools
[Owner Management (20 properties) (pegged-ideal-sealing-deeply) / Property feedback judge] at node: tool_result; tool calls: [memory]
[Owner Management (20 properties) (pegged-ideal-sealing-deeply) / Property feedback judge] at node: tools
[Owner Management (20 properties) (pegged-ideal-sealing-deeply) / Property feedback judge] at node: tool_result; tool calls: [result]
[Owner Management (20 properties) (pegged-ideal-sealing-deeply) / Property feedback judge] at node: tools
[Owner Management (20 properties) (pegged-ideal-sealing-deeply) / Property feedback judge] end
[Owner Management (20 properties) (pegged-ideal-sealing-deeply)] at node: tools
[Owner Management (20 properties) (pegged-ideal-sealing-deeply)] at node: tool_result; tool calls: [get_cvl]
[Owner Management (20 properties) (pegged-ideal-sealing-deeply)] at node: tools
[Transaction Execution (17 properties) (convergent-ring-proving-lazily) / Property feedback judge / Code Explorer: What does execTransaction emit on success vs failure? Does it emit ExecutionSuccess and ExecutionFailure events?] at node: tool_result; tool calls: [result]
[Transaction Execution (17 properties) (convergent-ring-proving-lazily) / Property feedback judge / Code Explorer: What does execTransaction emit on success vs failure? Does it emit ExecutionSuccess and ExecutionFailure events?] at node: tools
[Transaction Execution (17 properties) (convergent-ring-proving-lazily) / Property feedback judge / Code Explorer: What does execTransaction emit on success vs failure? Does it emit ExecutionSuccess and ExecutionFailure events?] end
[Transaction Execution (17 properties) (convergent-ring-proving-lazily) / Property feedback judge] at node: tools
[Transaction Execution (17 properties) (convergent-ring-proving-lazily) / Property feedback judge] at node: tool_result; tool calls: [cvl_manual_search, get_file]
[Transaction Execution (17 properties) (convergent-ring-proving-lazily) / Property feedback judge] at node: tools
[Setup and Initialization (21 properties) (violet-bloom-verifying-offchain) / Property feedback judge] at node: tool_result; tool calls: [cvl_research]
[Setup and Initialization (21 properties) (violet-bloom-verifying-offchain) / Property feedback judge / CVL Researcher] start  (via tool: toolu_011XLDk2W64YD5adMTiSNSN5)
[Setup and Initialization (21 properties) (violet-bloom-verifying-offchain) / Property feedback judge / CVL Researcher] at node: initial; tool calls: [cvl_manual_search, cvl_keyword_search]
[Setup and Initialization (21 properties) (violet-bloom-verifying-offchain) / Property feedback judge / CVL Researcher] at node: tools
[Setup and Initialization (21 properties) (violet-bloom-verifying-offchain) / Property feedback judge / CVL Researcher] at node: tool_result; tool calls: [get_cvl_manual_section, cvl_keyword_search]
[Setup and Initialization (21 properties) (violet-bloom-verifying-offchain) / Property feedback judge / CVL Researcher] at node: tools
[Setup and Initialization (21 properties) (violet-bloom-verifying-offchain) / Property feedback judge / CVL Researcher] at node: tool_result; tool calls: [cvl_keyword_search, cvl_manual_search]
[Setup and Initialization (21 properties) (violet-bloom-verifying-offchain) / Property feedback judge / CVL Researcher] at node: tools
[Setup and Initialization (21 properties) (violet-bloom-verifying-offchain) / Property feedback judge / CVL Researcher] at node: tool_result; tool calls: [cvl_keyword_search, scan_knowledge_base]
[Setup and Initialization (21 properties) (violet-bloom-verifying-offchain) / Property feedback judge / CVL Researcher] at node: tools
[Setup and Initialization (21 properties) (violet-bloom-verifying-offchain) / Property feedback judge / CVL Researcher] at node: tool_result; tool calls: [write_rough_draft]
[Setup and Initialization (21 properties) (violet-bloom-verifying-offchain) / Property feedback judge / CVL Researcher] at node: tools
[Setup and Initialization (21 properties) (violet-bloom-verifying-offchain) / Property feedback judge / CVL Researcher] at node: tool_result; tool calls: [read_rough_draft]
[Setup and Initialization (21 properties) (violet-bloom-verifying-offchain) / Property feedback judge / CVL Researcher] at node: tools
[Owner Management (20 properties) (pegged-ideal-sealing-deeply)] at node: tool_result; tool calls: [put_cvl_raw]
[Owner Management (20 properties) (pegged-ideal-sealing-deeply)] at node: tools
[Owner Management (20 properties) (pegged-ideal-sealing-deeply)] at node: tool_result; tool calls: [feedback_tool]
[Owner Management (20 properties) (pegged-ideal-sealing-deeply) / Property feedback judge] start  (via tool: toolu_014oHeKkWTHfupFVSbEu6uD4)
[Setup and Initialization (21 properties) (violet-bloom-verifying-offchain) / Property feedback judge / CVL Researcher] at node: tool_result; tool calls: [result]
[Setup and Initialization (21 properties) (violet-bloom-verifying-offchain) / Property feedback judge / CVL Researcher] at node: tools
[Setup and Initialization (21 properties) (violet-bloom-verifying-offchain) / Property feedback judge / CVL Researcher] end
[Owner Management (20 properties) (pegged-ideal-sealing-deeply) / Property feedback judge] at node: initial; tool calls: [memory]
[Owner Management (20 properties) (pegged-ideal-sealing-deeply) / Property feedback judge] at node: tools
[Owner Management (20 properties) (pegged-ideal-sealing-deeply) / Property feedback judge] at node: tool_result; tool calls: [memory]
[Owner Management (20 properties) (pegged-ideal-sealing-deeply) / Property feedback judge] at node: tools
[Setup and Initialization (21 properties) (violet-bloom-verifying-offchain) / Property feedback judge] at node: tools
[Setup and Initialization (21 properties) (violet-bloom-verifying-offchain) / Property feedback judge] at node: tool_result; tool calls: [memory]
[Setup and Initialization (21 properties) (violet-bloom-verifying-offchain) / Property feedback judge] at node: tools
[Setup and Initialization (21 properties) (violet-bloom-verifying-offchain) / Property feedback judge] at node: tool_result; tool calls: [result]
[Setup and Initialization (21 properties) (violet-bloom-verifying-offchain) / Property feedback judge] at node: tools
[Setup and Initialization (21 properties) (violet-bloom-verifying-offchain) / Property feedback judge] end
[Setup and Initialization (21 properties) (violet-bloom-verifying-offchain)] at node: tools
[Setup and Initialization (21 properties) (violet-bloom-verifying-offchain)] at node: tool_result; tool calls: [expect_rule_passage, expect_rule_passage]
[Signature Verification and Hash Management (12 properties) (tight-merkle-binding-justly) / Property feedback judge] at node: tool_result; tool calls: [list_files, get_cvl]
[Signature Verification and Hash Management (12 properties) (tight-merkle-binding-justly) / Property feedback judge] at node: tools
[Setup and Initialization (21 properties) (violet-bloom-verifying-offchain)] at node: tool_result; tool calls: [put_cvl_raw]
[Setup and Initialization (21 properties) (violet-bloom-verifying-offchain)] at node: tools
[Setup and Initialization (21 properties) (violet-bloom-verifying-offchain)] at node: tool_result; tool calls: [feedback_tool]
[Setup and Initialization (21 properties) (violet-bloom-verifying-offchain) / Property feedback judge] start  (via tool: toolu_018RJUuHhZGUMgHFjCwE3Y7L)
[Setup and Initialization (21 properties) (violet-bloom-verifying-offchain) / Property feedback judge] at node: initial; tool calls: [memory]
[Setup and Initialization (21 properties) (violet-bloom-verifying-offchain) / Property feedback judge] at node: tools
[Setup and Initialization (21 properties) (violet-bloom-verifying-offchain) / Property feedback judge] at node: tool_result; tool calls: [memory]
[Setup and Initialization (21 properties) (violet-bloom-verifying-offchain) / Property feedback judge] at node: tools
[Signature Verification and Hash Management (12 properties) (tight-merkle-binding-justly) / Property feedback judge] at node: tool_result; tool calls: [get_file, get_file]
[Signature Verification and Hash Management (12 properties) (tight-merkle-binding-justly) / Property feedback judge] at node: tools
[Transaction Execution (17 properties) (convergent-ring-proving-lazily) / Property feedback judge] at node: tool_result; tool calls: [memory]
[Transaction Execution (17 properties) (convergent-ring-proving-lazily) / Property feedback judge] at node: tools
[Transaction Execution (17 properties) (convergent-ring-proving-lazily) / Property feedback judge] at node: tool_result; tool calls: [write_rough_draft]
[Transaction Execution (17 properties) (convergent-ring-proving-lazily) / Property feedback judge] at node: tools
[Transaction Execution (17 properties) (convergent-ring-proving-lazily) / Property feedback judge] at node: tool_result; tool calls: [read_rough_draft]
[Transaction Execution (17 properties) (convergent-ring-proving-lazily) / Property feedback judge] at node: tools
[Transaction Execution (17 properties) (convergent-ring-proving-lazily) / Property feedback judge] at node: tool_result; tool calls: [memory]
[Transaction Execution (17 properties) (convergent-ring-proving-lazily) / Property feedback judge] at node: tools
[Transaction Execution (17 properties) (convergent-ring-proving-lazily) / Property feedback judge] at node: tool_result; tool calls: [result]
[Transaction Execution (17 properties) (convergent-ring-proving-lazily) / Property feedback judge] at node: tools
[Transaction Execution (17 properties) (convergent-ring-proving-lazily) / Property feedback judge] end
[Transaction Execution (17 properties) (convergent-ring-proving-lazily)] at node: tools
[Signature Verification and Hash Management (12 properties) (tight-merkle-binding-justly) / Property feedback judge] at node: tool_result; tool calls: [write_rough_draft]
[Signature Verification and Hash Management (12 properties) (tight-merkle-binding-justly) / Property feedback judge] at node: tools
[Signature Verification and Hash Management (12 properties) (tight-merkle-binding-justly) / Property feedback judge] at node: tool_result; tool calls: [read_rough_draft]
[Signature Verification and Hash Management (12 properties) (tight-merkle-binding-justly) / Property feedback judge] at node: tools
[Signature Verification and Hash Management (12 properties) (tight-merkle-binding-justly) / Property feedback judge] at node: tool_result; tool calls: [memory]
[Signature Verification and Hash Management (12 properties) (tight-merkle-binding-justly) / Property feedback judge] at node: tools
[Signature Verification and Hash Management (12 properties) (tight-merkle-binding-justly) / Property feedback judge] at node: tool_result; tool calls: [result]
[Signature Verification and Hash Management (12 properties) (tight-merkle-binding-justly) / Property feedback judge] at node: tools
[Signature Verification and Hash Management (12 properties) (tight-merkle-binding-justly) / Property feedback judge] end
[Signature Verification and Hash Management (12 properties) (tight-merkle-binding-justly)] at node: tools
[Signature Verification and Hash Management (12 properties) (tight-merkle-binding-justly)] at node: tool_result; tool calls: [get_cvl]
[Signature Verification and Hash Management (12 properties) (tight-merkle-binding-justly)] at node: tools
[Transaction Execution (17 properties) (convergent-ring-proving-lazily)] at node: tool_result; tool calls: [expect_rule_passage, expect_rule_passage, expect_rule_passage, expect_rule_passage]
[Signature Verification and Hash Management (12 properties) (tight-merkle-binding-justly)] at node: tool_result; tool calls: [put_cvl_raw]
[Signature Verification and Hash Management (12 properties) (tight-merkle-binding-justly)] at node: tools
[Signature Verification and Hash Management (12 properties) (tight-merkle-binding-justly)] at node: tool_result; tool calls: [feedback_tool]
[Signature Verification and Hash Management (12 properties) (tight-merkle-binding-justly) / Property feedback judge] start  (via tool: toolu_01GVkk8EFiKGRDcJZKn8KAKv)
[Signature Verification and Hash Management (12 properties) (tight-merkle-binding-justly) / Property feedback judge] at node: initial; tool calls: [memory]
[Signature Verification and Hash Management (12 properties) (tight-merkle-binding-justly) / Property feedback judge] at node: tools
[Signature Verification and Hash Management (12 properties) (tight-merkle-binding-justly) / Property feedback judge] at node: tool_result; tool calls: [memory]
[Signature Verification and Hash Management (12 properties) (tight-merkle-binding-justly) / Property feedback judge] at node: tools
[Setup and Initialization (21 properties) (violet-bloom-verifying-offchain) / Property feedback judge] at node: tool_result; tool calls: [get_cvl]
[Setup and Initialization (21 properties) (violet-bloom-verifying-offchain) / Property feedback judge] at node: tools
[Setup and Initialization (21 properties) (violet-bloom-verifying-offchain) / Property feedback judge] at node: tool_result; tool calls: [write_rough_draft]
[Setup and Initialization (21 properties) (violet-bloom-verifying-offchain) / Property feedback judge] at node: tools
[Setup and Initialization (21 properties) (violet-bloom-verifying-offchain) / Property feedback judge] at node: tool_result; tool calls: [read_rough_draft]
[Setup and Initialization (21 properties) (violet-bloom-verifying-offchain) / Property feedback judge] at node: tools
[Owner Management (20 properties) (pegged-ideal-sealing-deeply) / Property feedback judge] at node: tool_result; tool calls: [memory]
[Owner Management (20 properties) (pegged-ideal-sealing-deeply) / Property feedback judge] at node: tools
[Owner Management (20 properties) (pegged-ideal-sealing-deeply) / Property feedback judge] at node: tool_result; tool calls: [get_cvl]
[Owner Management (20 properties) (pegged-ideal-sealing-deeply) / Property feedback judge] at node: tools
[Setup and Initialization (21 properties) (violet-bloom-verifying-offchain) / Property feedback judge] at node: tool_result; tool calls: [memory]
[Setup and Initialization (21 properties) (violet-bloom-verifying-offchain) / Property feedback judge] at node: tools
[Setup and Initialization (21 properties) (violet-bloom-verifying-offchain) / Property feedback judge] at node: tool_result; tool calls: [memory]
[Setup and Initialization (21 properties) (violet-bloom-verifying-offchain) / Property feedback judge] at node: tools
[Setup and Initialization (21 properties) (violet-bloom-verifying-offchain) / Property feedback judge] at node: tool_result; tool calls: [result]
[Setup and Initialization (21 properties) (violet-bloom-verifying-offchain) / Property feedback judge] at node: tools
[Setup and Initialization (21 properties) (violet-bloom-verifying-offchain) / Property feedback judge] end
[Setup and Initialization (21 properties) (violet-bloom-verifying-offchain)] at node: tools
[Transaction Execution (17 properties) (convergent-ring-proving-lazily)] at node: tool_result; tool calls: [put_cvl_raw]
[Transaction Execution (17 properties) (convergent-ring-proving-lazily)] at node: tools
[Owner Management (20 properties) (pegged-ideal-sealing-deeply) / Property feedback judge] at node: tool_result; tool calls: [write_rough_draft]
[Owner Management (20 properties) (pegged-ideal-sealing-deeply) / Property feedback judge] at node: tools
[Owner Management (20 properties) (pegged-ideal-sealing-deeply) / Property feedback judge] at node: tool_result; tool calls: [read_rough_draft]
[Owner Management (20 properties) (pegged-ideal-sealing-deeply) / Property feedback judge] at node: tools
[Transaction Execution (17 properties) (convergent-ring-proving-lazily)] at node: tool_result; tool calls: [feedback_tool]
[Transaction Execution (17 properties) (convergent-ring-proving-lazily) / Property feedback judge] start  (via tool: toolu_01QHSpJWRNJJXgoSdM4tauUX)
[Transaction Execution (17 properties) (convergent-ring-proving-lazily) / Property feedback judge] at node: initial; tool calls: [memory]
[Transaction Execution (17 properties) (convergent-ring-proving-lazily) / Property feedback judge] at node: tools
[Transaction Execution (17 properties) (convergent-ring-proving-lazily) / Property feedback judge] at node: tool_result; tool calls: [memory]
[Transaction Execution (17 properties) (convergent-ring-proving-lazily) / Property feedback judge] at node: tools
[Owner Management (20 properties) (pegged-ideal-sealing-deeply) / Property feedback judge] at node: tool_result; tool calls: [memory]
[Owner Management (20 properties) (pegged-ideal-sealing-deeply) / Property feedback judge] at node: tools
[Owner Management (20 properties) (pegged-ideal-sealing-deeply) / Property feedback judge] at node: tool_result; tool calls: [result]
[Owner Management (20 properties) (pegged-ideal-sealing-deeply) / Property feedback judge] at node: tools
[Owner Management (20 properties) (pegged-ideal-sealing-deeply) / Property feedback judge] end
[Owner Management (20 properties) (pegged-ideal-sealing-deeply)] at node: tools
[Signature Verification and Hash Management (12 properties) (tight-merkle-binding-justly) / Property feedback judge] at node: tool_result; tool calls: [get_cvl]
[Signature Verification and Hash Management (12 properties) (tight-merkle-binding-justly) / Property feedback judge] at node: tools
[Owner Management (20 properties) (pegged-ideal-sealing-deeply)] at node: tool_result; tool calls: [put_cvl_raw]
[Owner Management (20 properties) (pegged-ideal-sealing-deeply)] at node: tools
[Owner Management (20 properties) (pegged-ideal-sealing-deeply)] at node: tool_result; tool calls: [feedback_tool]
[Owner Management (20 properties) (pegged-ideal-sealing-deeply) / Property feedback judge] start  (via tool: toolu_011Du2bgEo4Ydax8UZuL1rM7)
[Owner Management (20 properties) (pegged-ideal-sealing-deeply) / Property feedback judge] at node: initial; tool calls: [memory]
[Owner Management (20 properties) (pegged-ideal-sealing-deeply) / Property feedback judge] at node: tools
[Owner Management (20 properties) (pegged-ideal-sealing-deeply) / Property feedback judge] at node: tool_result; tool calls: [memory]
[Owner Management (20 properties) (pegged-ideal-sealing-deeply) / Property feedback judge] at node: tools
[Signature Verification and Hash Management (12 properties) (tight-merkle-binding-justly) / Property feedback judge] at node: tool_result; tool calls: [write_rough_draft]
[Signature Verification and Hash Management (12 properties) (tight-merkle-binding-justly) / Property feedback judge] at node: tools
[Signature Verification and Hash Management (12 properties) (tight-merkle-binding-justly) / Property feedback judge] at node: tool_result; tool calls: [read_rough_draft]
[Signature Verification and Hash Management (12 properties) (tight-merkle-binding-justly) / Property feedback judge] at node: tools
[Signature Verification and Hash Management (12 properties) (tight-merkle-binding-justly) / Property feedback judge] at node: tool_result; tool calls: [memory]
[Signature Verification and Hash Management (12 properties) (tight-merkle-binding-justly) / Property feedback judge] at node: tools
[Signature Verification and Hash Management (12 properties) (tight-merkle-binding-justly) / Property feedback judge] at node: tool_result; tool calls: [memory]
[Signature Verification and Hash Management (12 properties) (tight-merkle-binding-justly) / Property feedback judge] at node: tools
[Signature Verification and Hash Management (12 properties) (tight-merkle-binding-justly) / Property feedback judge] at node: tool_result; tool calls: [result]
[Signature Verification and Hash Management (12 properties) (tight-merkle-binding-justly) / Property feedback judge] at node: tools
[Signature Verification and Hash Management (12 properties) (tight-merkle-binding-justly) / Property feedback judge] end
[Signature Verification and Hash Management (12 properties) (tight-merkle-binding-justly)] at node: tools
[Signature Verification and Hash Management (12 properties) (tight-merkle-binding-justly)] at node: tool_result; tool calls: [memory]
[Signature Verification and Hash Management (12 properties) (tight-merkle-binding-justly)] at node: tools
[Signature Verification and Hash Management (12 properties) (tight-merkle-binding-justly)] at node: tool_result; tool calls: [verify_spec]
[Signature Verification and Hash Management (12 properties) (tight-merkle-binding-justly)]: prover start
[Signature Verification and Hash Management (12 properties) (tight-merkle-binding-justly)] at node: tools
[Transaction Execution (17 properties) (convergent-ring-proving-lazily) / Property feedback judge] at node: tool_result; tool calls: [get_cvl]
[Transaction Execution (17 properties) (convergent-ring-proving-lazily) / Property feedback judge] at node: tools
[Signature Verification and Hash Management (12 properties) (tight-merkle-binding-justly)] at node: tool_result; tool calls: [get_file]
[Signature Verification and Hash Management (12 properties) (tight-merkle-binding-justly)] at node: tools
[Signature Verification and Hash Management (12 properties) (tight-merkle-binding-justly)] at node: tool_result; tool calls: [get_file]
[Signature Verification and Hash Management (12 properties) (tight-merkle-binding-justly)] at node: tools
[Transaction Execution (17 properties) (convergent-ring-proving-lazily) / Property feedback judge] at node: tool_result; tool calls: [write_rough_draft]
[Transaction Execution (17 properties) (convergent-ring-proving-lazily) / Property feedback judge] at node: tools
[Transaction Execution (17 properties) (convergent-ring-proving-lazily) / Property feedback judge] at node: tool_result; tool calls: [memory]
[Transaction Execution (17 properties) (convergent-ring-proving-lazily) / Property feedback judge] at node: tools
[Transaction Execution (17 properties) (convergent-ring-proving-lazily) / Property feedback judge] at node: tool_result; tool calls: [memory]
[Transaction Execution (17 properties) (convergent-ring-proving-lazily) / Property feedback judge] at node: tools
[Transaction Execution (17 properties) (convergent-ring-proving-lazily) / Property feedback judge] at node: tool_result; tool calls: [result]
[Transaction Execution (17 properties) (convergent-ring-proving-lazily) / Property feedback judge] at node: tools
[Transaction Execution (17 properties) (convergent-ring-proving-lazily) / Property feedback judge] at node: tool_result; tool calls: [read_rough_draft]
[Transaction Execution (17 properties) (convergent-ring-proving-lazily) / Property feedback judge] at node: tools
[Setup and Initialization (21 properties) (violet-bloom-verifying-offchain)] at node: tool_result; tool calls: [put_cvl_raw]
[Setup and Initialization (21 properties) (violet-bloom-verifying-offchain)] at node: tools
[Transaction Execution (17 properties) (convergent-ring-proving-lazily) / Property feedback judge] at node: tool_result; tool calls: [result]
[Transaction Execution (17 properties) (convergent-ring-proving-lazily) / Property feedback judge] at node: tools
[Transaction Execution (17 properties) (convergent-ring-proving-lazily) / Property feedback judge] end
[Transaction Execution (17 properties) (convergent-ring-proving-lazily)] at node: tools
[Setup and Initialization (21 properties) (violet-bloom-verifying-offchain)] at node: tool_result; tool calls: [feedback_tool]
[Setup and Initialization (21 properties) (violet-bloom-verifying-offchain) / Property feedback judge] start  (via tool: toolu_01UXoqw3jE1WuTVjWy2cWyKh)
[Owner Management (20 properties) (pegged-ideal-sealing-deeply) / Property feedback judge] at node: tool_result; tool calls: [get_cvl]
[Owner Management (20 properties) (pegged-ideal-sealing-deeply) / Property feedback judge] at node: tools
[Setup and Initialization (21 properties) (violet-bloom-verifying-offchain) / Property feedback judge] at node: initial; tool calls: [memory]
[Setup and Initialization (21 properties) (violet-bloom-verifying-offchain) / Property feedback judge] at node: tools
[Setup and Initialization (21 properties) (violet-bloom-verifying-offchain) / Property feedback judge] at node: tool_result; tool calls: [memory]
[Setup and Initialization (21 properties) (violet-bloom-verifying-offchain) / Property feedback judge] at node: tools
[Owner Management (20 properties) (pegged-ideal-sealing-deeply) / Property feedback judge] at node: tool_result; tool calls: [write_rough_draft]
[Owner Management (20 properties) (pegged-ideal-sealing-deeply) / Property feedback judge] at node: tools
[Owner Management (20 properties) (pegged-ideal-sealing-deeply) / Property feedback judge] at node: tool_result; tool calls: [read_rough_draft]
[Owner Management (20 properties) (pegged-ideal-sealing-deeply) / Property feedback judge] at node: tools
[Owner Management (20 properties) (pegged-ideal-sealing-deeply) / Property feedback judge] at node: tool_result; tool calls: [memory]
[Owner Management (20 properties) (pegged-ideal-sealing-deeply) / Property feedback judge] at node: tools
[Owner Management (20 properties) (pegged-ideal-sealing-deeply) / Property feedback judge] at node: tool_result; tool calls: [result]
[Owner Management (20 properties) (pegged-ideal-sealing-deeply) / Property feedback judge] at node: tools
[Owner Management (20 properties) (pegged-ideal-sealing-deeply) / Property feedback judge] end
[Owner Management (20 properties) (pegged-ideal-sealing-deeply)] at node: tools
[Owner Management (20 properties) (pegged-ideal-sealing-deeply)] at node: tool_result; tool calls: [memory]
[Owner Management (20 properties) (pegged-ideal-sealing-deeply)] at node: tools
[Owner Management (20 properties) (pegged-ideal-sealing-deeply)] at node: tool_result; tool calls: [verify_spec]
[Owner Management (20 properties) (pegged-ideal-sealing-deeply)]: prover start
[Owner Management (20 properties) (pegged-ideal-sealing-deeply)] at node: tools
[Setup and Initialization (21 properties) (violet-bloom-verifying-offchain) / Property feedback judge] at node: tool_result; tool calls: [get_cvl]
[Setup and Initialization (21 properties) (violet-bloom-verifying-offchain) / Property feedback judge] at node: tools
[Setup and Initialization (21 properties) (violet-bloom-verifying-offchain) / Property feedback judge] at node: tool_result; tool calls: [write_rough_draft]
[Setup and Initialization (21 properties) (violet-bloom-verifying-offchain) / Property feedback judge] at node: tools
[Setup and Initialization (21 properties) (violet-bloom-verifying-offchain) / Property feedback judge] at node: tool_result; tool calls: [read_rough_draft]
[Setup and Initialization (21 properties) (violet-bloom-verifying-offchain) / Property feedback judge] at node: tools
[Setup and Initialization (21 properties) (violet-bloom-verifying-offchain) / Property feedback judge] at node: tool_result; tool calls: [memory]
[Setup and Initialization (21 properties) (violet-bloom-verifying-offchain) / Property feedback judge] at node: tools
[Setup and Initialization (21 properties) (violet-bloom-verifying-offchain) / Property feedback judge] at node: tool_result; tool calls: [result]
[Setup and Initialization (21 properties) (violet-bloom-verifying-offchain) / Property feedback judge] at node: tools
[Setup and Initialization (21 properties) (violet-bloom-verifying-offchain) / Property feedback judge] end
[Setup and Initialization (21 properties) (violet-bloom-verifying-offchain)] at node: tools
[Setup and Initialization (21 properties) (violet-bloom-verifying-offchain)] at node: tool_result; tool calls: [memory]
[Setup and Initialization (21 properties) (violet-bloom-verifying-offchain)] at node: tools
[Setup and Initialization (21 properties) (violet-bloom-verifying-offchain)] at node: summarize
[Setup and Initialization (21 properties) (violet-bloom-verifying-offchain)] at node: tool_result; tool calls: [memory]
[Setup and Initialization (21 properties) (violet-bloom-verifying-offchain)] at node: tools
[Setup and Initialization (21 properties) (violet-bloom-verifying-offchain)] at node: tool_result; tool calls: [memory]
[Setup and Initialization (21 properties) (violet-bloom-verifying-offchain)] at node: tools
[Setup and Initialization (21 properties) (violet-bloom-verifying-offchain)] at node: tool_result; tool calls: [get_cvl]
[Setup and Initialization (21 properties) (violet-bloom-verifying-offchain)] at node: tools
[Owner Management (20 properties) (pegged-ideal-sealing-deeply)] at node: tool_result; tool calls: [put_cvl_raw]
[Owner Management (20 properties) (pegged-ideal-sealing-deeply)] at node: tools
[Owner Management (20 properties) (pegged-ideal-sealing-deeply)] at node: tool_result; tool calls: [verify_spec]
[Owner Management (20 properties) (pegged-ideal-sealing-deeply)]: prover start
[Setup and Initialization (21 properties) (violet-bloom-verifying-offchain)] at node: tool_result; tool calls: [memory]
[Setup and Initialization (21 properties) (violet-bloom-verifying-offchain)] at node: tools
[Setup and Initialization (21 properties) (violet-bloom-verifying-offchain)] at node: tool_result; tool calls: [verify_spec]
[Setup and Initialization (21 properties) (violet-bloom-verifying-offchain)]: prover start
[Signature Verification and Hash Management (12 properties) (tight-merkle-binding-justly)] at node: tool_result; tool calls: [put_cvl_raw]
[Owner Management (20 properties) (pegged-ideal-sealing-deeply)] at node: tools
[Signature Verification and Hash Management (12 properties) (tight-merkle-binding-justly)] at node: tools
[Transaction Execution (17 properties) (convergent-ring-proving-lazily)] at node: tool_result; tool calls: [put_cvl_raw]
[Setup and Initialization (21 properties) (violet-bloom-verifying-offchain)] at node: tools
[Transaction Execution (17 properties) (convergent-ring-proving-lazily)] at node: tools
[Signature Verification and Hash Management (12 properties) (tight-merkle-binding-justly)] at node: tool_result; tool calls: [feedback_tool]
[Signature Verification and Hash Management (12 properties) (tight-merkle-binding-justly) / Property feedback judge] start  (via tool: toolu_019wz83xapPeNDrtP6dSpH4X)
[Setup and Initialization (21 properties) (violet-bloom-verifying-offchain)] at node: tool_result; tool calls: [grep_files]
[Setup and Initialization (21 properties) (violet-bloom-verifying-offchain)] at node: tools
[Signature Verification and Hash Management (12 properties) (tight-merkle-binding-justly) / Property feedback judge] at node: initial; tool calls: [memory]
[Signature Verification and Hash Management (12 properties) (tight-merkle-binding-justly) / Property feedback judge] at node: tools
[Transaction Execution (17 properties) (convergent-ring-proving-lazily)] at node: tool_result; tool calls: [feedback_tool]
[Transaction Execution (17 properties) (convergent-ring-proving-lazily) / Property feedback judge] start  (via tool: toolu_013GCPhAmawbfKnNfkH7sKGJ)
[Setup and Initialization (21 properties) (violet-bloom-verifying-offchain)] at node: tool_result; tool calls: [list_files]
[Signature Verification and Hash Management (12 properties) (tight-merkle-binding-justly) / Property feedback judge] at node: tool_result; tool calls: [memory]
[Signature Verification and Hash Management (12 properties) (tight-merkle-binding-justly) / Property feedback judge] at node: tools
[Setup and Initialization (21 properties) (violet-bloom-verifying-offchain)] at node: tools
[Transaction Execution (17 properties) (convergent-ring-proving-lazily) / Property feedback judge] at node: initial; tool calls: [memory]
[Transaction Execution (17 properties) (convergent-ring-proving-lazily) / Property feedback judge] at node: tools
[Setup and Initialization (21 properties) (violet-bloom-verifying-offchain)] at node: tool_result; tool calls: [get_file]
[Setup and Initialization (21 properties) (violet-bloom-verifying-offchain)] at node: tools
[Transaction Execution (17 properties) (convergent-ring-proving-lazily) / Property feedback judge] at node: tool_result; tool calls: [memory]
[Transaction Execution (17 properties) (convergent-ring-proving-lazily) / Property feedback judge] at node: tools
[Setup and Initialization (21 properties) (violet-bloom-verifying-offchain)] at node: tool_result; tool calls: [get_file]
[Setup and Initialization (21 properties) (violet-bloom-verifying-offchain)] at node: tools
[Setup and Initialization (21 properties) (violet-bloom-verifying-offchain)] at node: tool_result; tool calls: [get_file]
[Setup and Initialization (21 properties) (violet-bloom-verifying-offchain)] at node: tools
[Setup and Initialization (21 properties) (violet-bloom-verifying-offchain)] at node: tool_result; tool calls: [get_file]
[Setup and Initialization (21 properties) (violet-bloom-verifying-offchain)] at node: tools
[Setup and Initialization (21 properties) (violet-bloom-verifying-offchain)] at node: tool_result; tool calls: [grep_files]
[Setup and Initialization (21 properties) (violet-bloom-verifying-offchain)] at node: tools
[Setup and Initialization (21 properties) (violet-bloom-verifying-offchain)] at node: tool_result; tool calls: [grep_files]
[Setup and Initialization (21 properties) (violet-bloom-verifying-offchain)] at node: tools
[Setup and Initialization (21 properties) (violet-bloom-verifying-offchain)] at node: tool_result; tool calls: [grep_files]
[Setup and Initialization (21 properties) (violet-bloom-verifying-offchain)] at node: tools
[Setup and Initialization (21 properties) (violet-bloom-verifying-offchain)] at node: tool_result; tool calls: [grep_files]
[Setup and Initialization (21 properties) (violet-bloom-verifying-offchain)] at node: tools
[Setup and Initialization (21 properties) (violet-bloom-verifying-offchain)] at node: tool_result; tool calls: [get_file]
[Setup and Initialization (21 properties) (violet-bloom-verifying-offchain)] at node: tools
[Setup and Initialization (21 properties) (violet-bloom-verifying-offchain)] at node: tool_result; tool calls: [get_file]
[Setup and Initialization (21 properties) (violet-bloom-verifying-offchain)] at node: tools
[Setup and Initialization (21 properties) (violet-bloom-verifying-offchain)] at node: tool_result; tool calls: [get_file]
[Setup and Initialization (21 properties) (violet-bloom-verifying-offchain)] at node: tools
[Setup and Initialization (21 properties) (violet-bloom-verifying-offchain)] at node: tool_result; tool calls: [get_file]
[Setup and Initialization (21 properties) (violet-bloom-verifying-offchain)] at node: tools
[Setup and Initialization (21 properties) (violet-bloom-verifying-offchain)] at node: tool_result; tool calls: [get_file]
[Setup and Initialization (21 properties) (violet-bloom-verifying-offchain)] at node: tools
[Setup and Initialization (21 properties) (violet-bloom-verifying-offchain)] at node: tool_result; tool calls: [get_file]
[Setup and Initialization (21 properties) (violet-bloom-verifying-offchain)] at node: tools
[Owner Management (20 properties) (pegged-ideal-sealing-deeply)] at node: tool_result; tool calls: [put_cvl_raw]
[Owner Management (20 properties) (pegged-ideal-sealing-deeply)] at node: tools
[Setup and Initialization (21 properties) (violet-bloom-verifying-offchain)] at node: tool_result; tool calls: [get_file]
[Setup and Initialization (21 properties) (violet-bloom-verifying-offchain)] at node: tools
[Owner Management (20 properties) (pegged-ideal-sealing-deeply)] at node: tool_result; tool calls: [verify_spec]
[Owner Management (20 properties) (pegged-ideal-sealing-deeply)]: prover start
[Signature Verification and Hash Management (12 properties) (tight-merkle-binding-justly) / Property feedback judge] at node: tool_result; tool calls: [get_cvl]
[Signature Verification and Hash Management (12 properties) (tight-merkle-binding-justly) / Property feedback judge] at node: tools
[Setup and Initialization (21 properties) (violet-bloom-verifying-offchain)] at node: tool_result; tool calls: [get_file]
[Setup and Initialization (21 properties) (violet-bloom-verifying-offchain)] at node: tools
[Setup and Initialization (21 properties) (violet-bloom-verifying-offchain)] at node: tool_result; tool calls: [get_file]
[Setup and Initialization (21 properties) (violet-bloom-verifying-offchain)] at node: tools
[Setup and Initialization (21 properties) (violet-bloom-verifying-offchain)] at node: tool_result; tool calls: [get_file]
[Setup and Initialization (21 properties) (violet-bloom-verifying-offchain)] at node: tools
[Signature Verification and Hash Management (12 properties) (tight-merkle-binding-justly) / Property feedback judge] at node: tool_result; tool calls: [write_rough_draft]
[Signature Verification and Hash Management (12 properties) (tight-merkle-binding-justly) / Property feedback judge] at node: tools
[Setup and Initialization (21 properties) (violet-bloom-verifying-offchain)] at node: tool_result; tool calls: [grep_files]
[Signature Verification and Hash Management (12 properties) (tight-merkle-binding-justly) / Property feedback judge] at node: tool_result; tool calls: [read_rough_draft]
[Signature Verification and Hash Management (12 properties) (tight-merkle-binding-justly) / Property feedback judge] at node: tools
[Setup and Initialization (21 properties) (violet-bloom-verifying-offchain)] at node: tools
[Setup and Initialization (21 properties) (violet-bloom-verifying-offchain)] at node: tool_result; tool calls: [get_file]
[Setup and Initialization (21 properties) (violet-bloom-verifying-offchain)] at node: tools
[Signature Verification and Hash Management (12 properties) (tight-merkle-binding-justly) / Property feedback judge] at node: tool_result; tool calls: [memory]
[Signature Verification and Hash Management (12 properties) (tight-merkle-binding-justly) / Property feedback judge] at node: tools
[Signature Verification and Hash Management (12 properties) (tight-merkle-binding-justly) / Property feedback judge] at node: tool_result; tool calls: [memory]
[Signature Verification and Hash Management (12 properties) (tight-merkle-binding-justly) / Property feedback judge] at node: tools
[Signature Verification and Hash Management (12 properties) (tight-merkle-binding-justly) / Property feedback judge] at node: tool_result; tool calls: [result]
[Signature Verification and Hash Management (12 properties) (tight-merkle-binding-justly) / Property feedback judge] at node: tools
[Signature Verification and Hash Management (12 properties) (tight-merkle-binding-justly) / Property feedback judge] end
[Signature Verification and Hash Management (12 properties) (tight-merkle-binding-justly)] at node: tools
[Setup and Initialization (21 properties) (violet-bloom-verifying-offchain)] at node: tool_result; tool calls: [get_file]
[Setup and Initialization (21 properties) (violet-bloom-verifying-offchain)] at node: tools
[Setup and Initialization (21 properties) (violet-bloom-verifying-offchain)] at node: tool_result; tool calls: [get_file]
[Setup and Initialization (21 properties) (violet-bloom-verifying-offchain)] at node: tools
[Signature Verification and Hash Management (12 properties) (tight-merkle-binding-justly)] at node: summarize
[Signature Verification and Hash Management (12 properties) (tight-merkle-binding-justly)] at node: tool_result; tool calls: [memory]
[Signature Verification and Hash Management (12 properties) (tight-merkle-binding-justly)] at node: tools
[Signature Verification and Hash Management (12 properties) (tight-merkle-binding-justly)] at node: tool_result; tool calls: [memory]
[Signature Verification and Hash Management (12 properties) (tight-merkle-binding-justly)] at node: tools
[Signature Verification and Hash Management (12 properties) (tight-merkle-binding-justly)] at node: tool_result; tool calls: [get_cvl]
[Signature Verification and Hash Management (12 properties) (tight-merkle-binding-justly)] at node: tools
[Signature Verification and Hash Management (12 properties) (tight-merkle-binding-justly)] at node: tool_result; tool calls: [expect_rule_failure, expect_rule_failure, expect_rule_failure, expect_rule_failure]
[Signature Verification and Hash Management (12 properties) (tight-merkle-binding-justly)] at node: tool_result; tool calls: [memory]
[Signature Verification and Hash Management (12 properties) (tight-merkle-binding-justly)] at node: tools
[Signature Verification and Hash Management (12 properties) (tight-merkle-binding-justly)] at node: tool_result; tool calls: [verify_spec]
[Signature Verification and Hash Management (12 properties) (tight-merkle-binding-justly)]: prover start
[Signature Verification and Hash Management (12 properties) (tight-merkle-binding-justly)] at node: tools
[Setup and Initialization (21 properties) (violet-bloom-verifying-offchain)] at node: tool_result; tool calls: [get_file]
[Setup and Initialization (21 properties) (violet-bloom-verifying-offchain)] at node: tools
[Setup and Initialization (21 properties) (violet-bloom-verifying-offchain)] at node: tool_result; tool calls: [get_file]
[Setup and Initialization (21 properties) (violet-bloom-verifying-offchain)] at node: tools
[Setup and Initialization (21 properties) (violet-bloom-verifying-offchain)] at node: tool_result; tool calls: [get_cvl]
[Setup and Initialization (21 properties) (violet-bloom-verifying-offchain)] at node: tools
[Setup and Initialization (21 properties) (violet-bloom-verifying-offchain)] at node: tool_result; tool calls: [grep_files]
[Setup and Initialization (21 properties) (violet-bloom-verifying-offchain)] at node: tools
[Transaction Execution (17 properties) (convergent-ring-proving-lazily) / Property feedback judge] at node: tool_result; tool calls: [get_cvl]
[Transaction Execution (17 properties) (convergent-ring-proving-lazily) / Property feedback judge] at node: tools
[Signature Verification and Hash Management (12 properties) (tight-merkle-binding-justly)] at node: tool_result; tool calls: [cvl_manual_search, cvl_keyword_search]
[Signature Verification and Hash Management (12 properties) (tight-merkle-binding-justly)] at node: tools
[Signature Verification and Hash Management (12 properties) (tight-merkle-binding-justly)] at node: tool_result; tool calls: [get_cvl_manual_section]
[Signature Verification and Hash Management (12 properties) (tight-merkle-binding-justly)] at node: tools
[Signature Verification and Hash Management (12 properties) (tight-merkle-binding-justly)] at node: tool_result; tool calls: [get_cvl_manual_section]
[Signature Verification and Hash Management (12 properties) (tight-merkle-binding-justly)] at node: tools
[Signature Verification and Hash Management (12 properties) (tight-merkle-binding-justly)] at node: tool_result; tool calls: [get_cvl_manual_section]
[Signature Verification and Hash Management (12 properties) (tight-merkle-binding-justly)] at node: tools
[Signature Verification and Hash Management (12 properties) (tight-merkle-binding-justly)] at node: tool_result; tool calls: [cvl_keyword_search]
[Signature Verification and Hash Management (12 properties) (tight-merkle-binding-justly)] at node: tools
[Signature Verification and Hash Management (12 properties) (tight-merkle-binding-justly)] at node: tool_result; tool calls: [get_cvl_manual_section]
[Signature Verification and Hash Management (12 properties) (tight-merkle-binding-justly)] at node: tools
[Signature Verification and Hash Management (12 properties) (tight-merkle-binding-justly)] at node: tool_result; tool calls: [get_cvl_manual_section]
[Signature Verification and Hash Management (12 properties) (tight-merkle-binding-justly)] at node: tools
[Signature Verification and Hash Management (12 properties) (tight-merkle-binding-justly)] at node: tool_result; tool calls: [cvl_keyword_search]
[Signature Verification and Hash Management (12 properties) (tight-merkle-binding-justly)] at node: tools
[Signature Verification and Hash Management (12 properties) (tight-merkle-binding-justly)] at node: tool_result; tool calls: [cvl_research]
[Signature Verification and Hash Management (12 properties) (tight-merkle-binding-justly) / CVL Researcher] start  (via tool: toolu_01LKJwSv5jRZXMfDsE4BouxZ)
[Transaction Execution (17 properties) (convergent-ring-proving-lazily) / Property feedback judge] at node: tool_result; tool calls: [write_rough_draft]
[Transaction Execution (17 properties) (convergent-ring-proving-lazily) / Property feedback judge] at node: tools
[Signature Verification and Hash Management (12 properties) (tight-merkle-binding-justly) / CVL Researcher] at node: initial; tool calls: [cvl_manual_search, cvl_keyword_search]
[Signature Verification and Hash Management (12 properties) (tight-merkle-binding-justly) / CVL Researcher] at node: tools
[Transaction Execution (17 properties) (convergent-ring-proving-lazily) / Property feedback judge] at node: tool_result; tool calls: [read_rough_draft]
[Transaction Execution (17 properties) (convergent-ring-proving-lazily) / Property feedback judge] at node: tools
[Signature Verification and Hash Management (12 properties) (tight-merkle-binding-justly) / CVL Researcher] at node: tool_result; tool calls: [cvl_manual_search, cvl_keyword_search]
[Signature Verification and Hash Management (12 properties) (tight-merkle-binding-justly) / CVL Researcher] at node: tools
[Signature Verification and Hash Management (12 properties) (tight-merkle-binding-justly) / CVL Researcher] at node: tool_result; tool calls: [get_cvl_manual_section, cvl_keyword_search]
[Signature Verification and Hash Management (12 properties) (tight-merkle-binding-justly) / CVL Researcher] at node: tools
[Setup and Initialization (21 properties) (violet-bloom-verifying-offchain)] at node: tool_result; tool calls: [put_cvl_raw]
[Signature Verification and Hash Management (12 properties) (tight-merkle-binding-justly) / CVL Researcher] at node: tool_result; tool calls: [cvl_keyword_search, cvl_keyword_search]
[Signature Verification and Hash Management (12 properties) (tight-merkle-binding-justly) / CVL Researcher] at node: tools
[Setup and Initialization (21 properties) (violet-bloom-verifying-offchain)] at node: tools
[Signature Verification and Hash Management (12 properties) (tight-merkle-binding-justly) / CVL Researcher] at node: tool_result; tool calls: [get_cvl_manual_section]
[Signature Verification and Hash Management (12 properties) (tight-merkle-binding-justly) / CVL Researcher] at node: tools
[Setup and Initialization (21 properties) (violet-bloom-verifying-offchain)] at node: tool_result; tool calls: [verify_spec]
[Setup and Initialization (21 properties) (violet-bloom-verifying-offchain)]: prover start
[Transaction Execution (17 properties) (convergent-ring-proving-lazily) / Property feedback judge] at node: tool_result; tool calls: [cvl_research]
[Transaction Execution (17 properties) (convergent-ring-proving-lazily) / Property feedback judge / CVL Researcher] start  (via tool: toolu_0197uNjgHeaazwPEu1G3e7g4)
[Setup and Initialization (21 properties) (violet-bloom-verifying-offchain)] at node: tools
[Transaction Execution (17 properties) (convergent-ring-proving-lazily) / Property feedback judge / CVL Researcher] at node: initial; tool calls: [cvl_manual_search, cvl_manual_search]
[Transaction Execution (17 properties) (convergent-ring-proving-lazily) / Property feedback judge / CVL Researcher] at node: tools
[Signature Verification and Hash Management (12 properties) (tight-merkle-binding-justly) / CVL Researcher] at node: tool_result; tool calls: [scan_knowledge_base, cvl_manual_search]
[Signature Verification and Hash Management (12 properties) (tight-merkle-binding-justly) / CVL Researcher] at node: tools
[Signature Verification and Hash Management (12 properties) (tight-merkle-binding-justly) / CVL Researcher] at node: tool_result; tool calls: [get_cvl_manual_section, cvl_manual_search]
[Signature Verification and Hash Management (12 properties) (tight-merkle-binding-justly) / CVL Researcher] at node: tools
[Signature Verification and Hash Management (12 properties) (tight-merkle-binding-justly) / CVL Researcher] at node: tool_result; tool calls: [cvl_keyword_search, cvl_manual_search]
[Signature Verification and Hash Management (12 properties) (tight-merkle-binding-justly) / CVL Researcher] at node: tools
[Setup and Initialization (21 properties) (violet-bloom-verifying-offchain)] at node: tool_result; tool calls: [get_file]
[Setup and Initialization (21 properties) (violet-bloom-verifying-offchain)] at node: tools
[Transaction Execution (17 properties) (convergent-ring-proving-lazily) / Property feedback judge / CVL Researcher] at node: tool_result; tool calls: [write_rough_draft]
[Transaction Execution (17 properties) (convergent-ring-proving-lazily) / Property feedback judge / CVL Researcher] at node: tools
[Transaction Execution (17 properties) (convergent-ring-proving-lazily) / Property feedback judge / CVL Researcher] at node: tool_result; tool calls: [read_rough_draft]
[Transaction Execution (17 properties) (convergent-ring-proving-lazily) / Property feedback judge / CVL Researcher] at node: tools
[Signature Verification and Hash Management (12 properties) (tight-merkle-binding-justly) / CVL Researcher] at node: tool_result; tool calls: [write_rough_draft]
[Signature Verification and Hash Management (12 properties) (tight-merkle-binding-justly) / CVL Researcher] at node: tools
[Signature Verification and Hash Management (12 properties) (tight-merkle-binding-justly) / CVL Researcher] at node: tool_result; tool calls: [read_rough_draft]
[Signature Verification and Hash Management (12 properties) (tight-merkle-binding-justly) / CVL Researcher] at node: tools
[Transaction Execution (17 properties) (convergent-ring-proving-lazily) / Property feedback judge / CVL Researcher] at node: tool_result; tool calls: [result]
[Transaction Execution (17 properties) (convergent-ring-proving-lazily) / Property feedback judge / CVL Researcher] at node: tools
[Transaction Execution (17 properties) (convergent-ring-proving-lazily) / Property feedback judge / CVL Researcher] end
[Transaction Execution (17 properties) (convergent-ring-proving-lazily) / Property feedback judge] at node: tools
[Signature Verification and Hash Management (12 properties) (tight-merkle-binding-justly) / CVL Researcher] at node: tool_result; tool calls: [result]
[Signature Verification and Hash Management (12 properties) (tight-merkle-binding-justly) / CVL Researcher] at node: tools
[Signature Verification and Hash Management (12 properties) (tight-merkle-binding-justly) / CVL Researcher] end
[Signature Verification and Hash Management (12 properties) (tight-merkle-binding-justly)] at node: tools
[Transaction Execution (17 properties) (convergent-ring-proving-lazily) / Property feedback judge] at node: tool_result; tool calls: [memory]
[Transaction Execution (17 properties) (convergent-ring-proving-lazily) / Property feedback judge] at node: tools
[Transaction Execution (17 properties) (convergent-ring-proving-lazily) / Property feedback judge] at node: tool_result; tool calls: [result]
[Transaction Execution (17 properties) (convergent-ring-proving-lazily) / Property feedback judge] at node: tools
[Transaction Execution (17 properties) (convergent-ring-proving-lazily) / Property feedback judge] end
[Transaction Execution (17 properties) (convergent-ring-proving-lazily)] at node: tools
[Transaction Execution (17 properties) (convergent-ring-proving-lazily)] at node: tool_result; tool calls: [memory]
[Transaction Execution (17 properties) (convergent-ring-proving-lazily)] at node: tools
[Transaction Execution (17 properties) (convergent-ring-proving-lazily)] at node: tool_result; tool calls: [verify_spec]
[Transaction Execution (17 properties) (convergent-ring-proving-lazily)]: prover start
[Transaction Execution (17 properties) (convergent-ring-proving-lazily)] at node: tools
[Setup and Initialization (21 properties) (violet-bloom-verifying-offchain)] at node: tool_result; tool calls: [get_file]
[Setup and Initialization (21 properties) (violet-bloom-verifying-offchain)] at node: tools
[Signature Verification and Hash Management (12 properties) (tight-merkle-binding-justly)] at node: tool_result; tool calls: [put_cvl_raw]
[Signature Verification and Hash Management (12 properties) (tight-merkle-binding-justly)] at node: tools
[Setup and Initialization (21 properties) (violet-bloom-verifying-offchain)] at node: summarize
[Setup and Initialization (21 properties) (violet-bloom-verifying-offchain)] at node: tool_result; tool calls: [memory]
[Setup and Initialization (21 properties) (violet-bloom-verifying-offchain)] at node: tools
[Setup and Initialization (21 properties) (violet-bloom-verifying-offchain)] at node: tool_result; tool calls: [memory]
[Setup and Initialization (21 properties) (violet-bloom-verifying-offchain)] at node: tools
[Setup and Initialization (21 properties) (violet-bloom-verifying-offchain)] at node: tool_result; tool calls: [get_cvl]
[Setup and Initialization (21 properties) (violet-bloom-verifying-offchain)] at node: tools
[Setup and Initialization (21 properties) (violet-bloom-verifying-offchain)] at node: tool_result; tool calls: [list_files]
[Setup and Initialization (21 properties) (violet-bloom-verifying-offchain)] at node: tools
[Setup and Initialization (21 properties) (violet-bloom-verifying-offchain)] at node: tool_result; tool calls: [get_file, get_file]
[Setup and Initialization (21 properties) (violet-bloom-verifying-offchain)] at node: tools
[Setup and Initialization (21 properties) (violet-bloom-verifying-offchain)] at node: tool_result; tool calls: [get_file, get_file]
[Setup and Initialization (21 properties) (violet-bloom-verifying-offchain)] at node: tools
[Setup and Initialization (21 properties) (violet-bloom-verifying-offchain)] at node: tool_result; tool calls: [get_file]
[Setup and Initialization (21 properties) (violet-bloom-verifying-offchain)] at node: tools
[Setup and Initialization (21 properties) (violet-bloom-verifying-offchain)] at node: tool_result; tool calls: [get_file]
[Setup and Initialization (21 properties) (violet-bloom-verifying-offchain)] at node: tools
[Signature Verification and Hash Management (12 properties) (tight-merkle-binding-justly)] at node: tool_result; tool calls: [put_cvl_raw]
[Signature Verification and Hash Management (12 properties) (tight-merkle-binding-justly)] at node: tools
[Setup and Initialization (21 properties) (violet-bloom-verifying-offchain)] at node: tool_result; tool calls: [grep_files, get_file]
[Setup and Initialization (21 properties) (violet-bloom-verifying-offchain)] at node: tools
[Setup and Initialization (21 properties) (violet-bloom-verifying-offchain)] at node: tool_result; tool calls: [get_file]
[Setup and Initialization (21 properties) (violet-bloom-verifying-offchain)] at node: tools
[Signature Verification and Hash Management (12 properties) (tight-merkle-binding-justly)] at node: tool_result; tool calls: [verify_spec]
[Signature Verification and Hash Management (12 properties) (tight-merkle-binding-justly)]: prover start
[Signature Verification and Hash Management (12 properties) (tight-merkle-binding-justly)] at node: tools
[Transaction Execution (17 properties) (convergent-ring-proving-lazily)] at node: tool_result; tool calls: [put_cvl_raw]
[Transaction Execution (17 properties) (convergent-ring-proving-lazily)] at node: tools
[Transaction Execution (17 properties) (convergent-ring-proving-lazily)] at node: summarize
[Transaction Execution (17 properties) (convergent-ring-proving-lazily)] at node: tool_result; tool calls: [memory]
[Transaction Execution (17 properties) (convergent-ring-proving-lazily)] at node: tools
[Transaction Execution (17 properties) (convergent-ring-proving-lazily)] at node: tool_result; tool calls: [memory]
[Transaction Execution (17 properties) (convergent-ring-proving-lazily)] at node: tools
[Transaction Execution (17 properties) (convergent-ring-proving-lazily)] at node: tool_result; tool calls: [get_cvl]
[Transaction Execution (17 properties) (convergent-ring-proving-lazily)] at node: tools
[Transaction Execution (17 properties) (convergent-ring-proving-lazily)] at node: tool_result; tool calls: [record_skip]
[Transaction Execution (17 properties) (convergent-ring-proving-lazily)] at node: tools
[Transaction Execution (17 properties) (convergent-ring-proving-lazily)] at node: tool_result; tool calls: [verify_spec]
[Transaction Execution (17 properties) (convergent-ring-proving-lazily)]: prover start
[Transaction Execution (17 properties) (convergent-ring-proving-lazily)] at node: tools
[Transaction Execution (17 properties) (convergent-ring-proving-lazily)] at node: tool_result; tool calls: [grep_files, grep_files]
[Transaction Execution (17 properties) (convergent-ring-proving-lazily)] at node: tools
[Transaction Execution (17 properties) (convergent-ring-proving-lazily)] at node: tool_result; tool calls: [list_files]
[Transaction Execution (17 properties) (convergent-ring-proving-lazily)] at node: tools
[Transaction Execution (17 properties) (convergent-ring-proving-lazily)] at node: tool_result; tool calls: [get_file, get_file]
[Transaction Execution (17 properties) (convergent-ring-proving-lazily)] at node: tools
[Transaction Execution (17 properties) (convergent-ring-proving-lazily)] at node: tool_result; tool calls: [get_file, get_file]
[Transaction Execution (17 properties) (convergent-ring-proving-lazily)] at node: tools
[Transaction Execution (17 properties) (convergent-ring-proving-lazily)] at node: tool_result; tool calls: [get_file]
[Transaction Execution (17 properties) (convergent-ring-proving-lazily)] at node: tools
[Transaction Execution (17 properties) (convergent-ring-proving-lazily)] at node: tool_result; tool calls: [get_file, get_file]
[Transaction Execution (17 properties) (convergent-ring-proving-lazily)] at node: tools
[Transaction Execution (17 properties) (convergent-ring-proving-lazily)] at node: tool_result; tool calls: [get_file]
[Transaction Execution (17 properties) (convergent-ring-proving-lazily)] at node: tools
[Signature Verification and Hash Management (12 properties) (tight-merkle-binding-justly)] at node: tool_result; tool calls: [put_cvl_raw]
[Signature Verification and Hash Management (12 properties) (tight-merkle-binding-justly)] at node: tools
[Signature Verification and Hash Management (12 properties) (tight-merkle-binding-justly)] at node: tool_result; tool calls: [verify_spec]
[Signature Verification and Hash Management (12 properties) (tight-merkle-binding-justly)]: prover start
[Transaction Execution (17 properties) (convergent-ring-proving-lazily)] at node: tool_result; tool calls: [get_file]
[Transaction Execution (17 properties) (convergent-ring-proving-lazily)] at node: tools
[Transaction Execution (17 properties) (convergent-ring-proving-lazily)] at node: tool_result; tool calls: [get_file, get_file]
[Transaction Execution (17 properties) (convergent-ring-proving-lazily)] at node: tools
[Transaction Execution (17 properties) (convergent-ring-proving-lazily)] at node: tool_result; tool calls: [get_file]
[Transaction Execution (17 properties) (convergent-ring-proving-lazily)] at node: tools
[Transaction Execution (17 properties) (convergent-ring-proving-lazily)] at node: tool_result; tool calls: [get_file]
[Transaction Execution (17 properties) (convergent-ring-proving-lazily)] at node: tools
[Transaction Execution (17 properties) (convergent-ring-proving-lazily)] at node: tool_result; tool calls: [get_file]
[Transaction Execution (17 properties) (convergent-ring-proving-lazily)] at node: tools
[Setup and Initialization (21 properties) (violet-bloom-verifying-offchain)] at node: tool_result; tool calls: [put_cvl_raw]
[Setup and Initialization (21 properties) (violet-bloom-verifying-offchain)] at node: tools
[Setup and Initialization (21 properties) (violet-bloom-verifying-offchain)] at node: tool_result; tool calls: [feedback_tool]
[Setup and Initialization (21 properties) (violet-bloom-verifying-offchain) / Property feedback judge] start  (via tool: toolu_019KWGGZzw3qcjHyfVP4atKb)
[Setup and Initialization (21 properties) (violet-bloom-verifying-offchain) / Property feedback judge] at node: initial; tool calls: [memory]
[Setup and Initialization (21 properties) (violet-bloom-verifying-offchain) / Property feedback judge] at node: tools
[Setup and Initialization (21 properties) (violet-bloom-verifying-offchain) / Property feedback judge] at node: tool_result; tool calls: [memory]
[Setup and Initialization (21 properties) (violet-bloom-verifying-offchain) / Property feedback judge] at node: tools
[Transaction Execution (17 properties) (convergent-ring-proving-lazily)] at node: tool_result; tool calls: [get_file]
[Transaction Execution (17 properties) (convergent-ring-proving-lazily)] at node: tools
[Signature Verification and Hash Management (12 properties) (tight-merkle-binding-justly)]; prover complete
[Signature Verification and Hash Management (12 properties) (tight-merkle-binding-justly)]: rule analysis start -> checkNSignatures_owner_validity_n1
[Transaction Execution (17 properties) (convergent-ring-proving-lazily)] at node: tool_result; tool calls: [get_file]
[Transaction Execution (17 properties) (convergent-ring-proving-lazily)] at node: tools
[Transaction Execution (17 properties) (convergent-ring-proving-lazily)] at node: tool_result; tool calls: [get_file, get_file]
[Transaction Execution (17 properties) (convergent-ring-proving-lazily)] at node: tools
[Transaction Execution (17 properties) (convergent-ring-proving-lazily)] at node: tool_result; tool calls: [get_file]
[Transaction Execution (17 properties) (convergent-ring-proving-lazily)] at node: tools
[Setup and Initialization (21 properties) (violet-bloom-verifying-offchain) / Property feedback judge] at node: tool_result; tool calls: [get_cvl]
[Setup and Initialization (21 properties) (violet-bloom-verifying-offchain) / Property feedback judge] at node: tools
[Signature Verification and Hash Management (12 properties) (tight-merkle-binding-justly)]: rule analysis complete -> checkNSignatures_owner_validity_n1
[Signature Verification and Hash Management (12 properties) (tight-merkle-binding-justly)] at node: tools
[Transaction Execution (17 properties) (convergent-ring-proving-lazily)] at node: tool_result; tool calls: [get_file]
[Transaction Execution (17 properties) (convergent-ring-proving-lazily)] at node: tools
[Setup and Initialization (21 properties) (violet-bloom-verifying-offchain) / Property feedback judge] at node: tool_result; tool calls: [write_rough_draft]
[Setup and Initialization (21 properties) (violet-bloom-verifying-offchain) / Property feedback judge] at node: tools
[Setup and Initialization (21 properties) (violet-bloom-verifying-offchain) / Property feedback judge] at node: tool_result; tool calls: [read_rough_draft]
[Setup and Initialization (21 properties) (violet-bloom-verifying-offchain) / Property feedback judge] at node: tools
[Setup and Initialization (21 properties) (violet-bloom-verifying-offchain) / Property feedback judge] at node: tool_result; tool calls: [memory]
[Setup and Initialization (21 properties) (violet-bloom-verifying-offchain) / Property feedback judge] at node: tools
[Setup and Initialization (21 properties) (violet-bloom-verifying-offchain) / Property feedback judge] at node: tool_result; tool calls: [result]
[Setup and Initialization (21 properties) (violet-bloom-verifying-offchain) / Property feedback judge] at node: tools
[Setup and Initialization (21 properties) (violet-bloom-verifying-offchain) / Property feedback judge] end
[Setup and Initialization (21 properties) (violet-bloom-verifying-offchain)] at node: tools
[Setup and Initialization (21 properties) (violet-bloom-verifying-offchain)] at node: tool_result; tool calls: [memory]
[Setup and Initialization (21 properties) (violet-bloom-verifying-offchain)] at node: tools
[Setup and Initialization (21 properties) (violet-bloom-verifying-offchain)] at node: tool_result; tool calls: [verify_spec]
[Setup and Initialization (21 properties) (violet-bloom-verifying-offchain)]: prover start
[Setup and Initialization (21 properties) (violet-bloom-verifying-offchain)] at node: tools
[Setup and Initialization (21 properties) (violet-bloom-verifying-offchain)] at node: tool_result; tool calls: [cvl_research]
[Setup and Initialization (21 properties) (violet-bloom-verifying-offchain) / CVL Researcher] start  (via tool: toolu_01FXdT6XP7MvWAEACe8V5PMC)
[Setup and Initialization (21 properties) (violet-bloom-verifying-offchain) / CVL Researcher] at node: initial; tool calls: [cvl_manual_search, cvl_keyword_search]
[Setup and Initialization (21 properties) (violet-bloom-verifying-offchain) / CVL Researcher] at node: tools
[Setup and Initialization (21 properties) (violet-bloom-verifying-offchain) / CVL Researcher] at node: tool_result; tool calls: [cvl_manual_search, cvl_keyword_search]
[Setup and Initialization (21 properties) (violet-bloom-verifying-offchain) / CVL Researcher] at node: tools
[Setup and Initialization (21 properties) (violet-bloom-verifying-offchain) / CVL Researcher] at node: tool_result; tool calls: [write_rough_draft]
[Setup and Initialization (21 properties) (violet-bloom-verifying-offchain) / CVL Researcher] at node: tools
[Setup and Initialization (21 properties) (violet-bloom-verifying-offchain) / CVL Researcher] at node: tool_result; tool calls: [result]
[Setup and Initialization (21 properties) (violet-bloom-verifying-offchain) / CVL Researcher] at node: tools
[Setup and Initialization (21 properties) (violet-bloom-verifying-offchain) / CVL Researcher] end
[Setup and Initialization (21 properties) (violet-bloom-verifying-offchain)] at node: tools
[Transaction Execution (17 properties) (convergent-ring-proving-lazily)] at node: tool_result; tool calls: [cvl_research, cvl_research]
[Transaction Execution (17 properties) (convergent-ring-proving-lazily) / CVL Researcher] start  (via tool: toolu_01JbHuukSmnNoHcWR46dQjXg)
[Transaction Execution (17 properties) (convergent-ring-proving-lazily) / CVL Researcher] start  (via tool: toolu_01FyMYTZMRyYzPbzsvSevhQ9)
[Transaction Execution (17 properties) (convergent-ring-proving-lazily) / CVL Researcher] at node: initial; tool calls: [cvl_manual_search, cvl_manual_search]
[Transaction Execution (17 properties) (convergent-ring-proving-lazily) / CVL Researcher] at node: tools
[Transaction Execution (17 properties) (convergent-ring-proving-lazily) / CVL Researcher] at node: tool_result; tool calls: [cvl_manual_search, cvl_manual_search]
[Transaction Execution (17 properties) (convergent-ring-proving-lazily) / CVL Researcher] at node: tools
[Transaction Execution (17 properties) (convergent-ring-proving-lazily) / CVL Researcher] at node: tool_result; tool calls: [get_cvl_manual_section, get_cvl_manual_section]
[Transaction Execution (17 properties) (convergent-ring-proving-lazily) / CVL Researcher] at node: tools
[Signature Verification and Hash Management (12 properties) (tight-merkle-binding-justly)] at node: tool_result; tool calls: [put_cvl_raw]
[Signature Verification and Hash Management (12 properties) (tight-merkle-binding-justly)] at node: tools
[Signature Verification and Hash Management (12 properties) (tight-merkle-binding-justly)] at node: tool_result; tool calls: [verify_spec]
[Signature Verification and Hash Management (12 properties) (tight-merkle-binding-justly)]: prover start
[Transaction Execution (17 properties) (convergent-ring-proving-lazily) / CVL Researcher] at node: initial; tool calls: [write_rough_draft]
[Transaction Execution (17 properties) (convergent-ring-proving-lazily) / CVL Researcher] at node: tools
[Transaction Execution (17 properties) (convergent-ring-proving-lazily) / CVL Researcher] at node: tool_result; tool calls: [read_rough_draft]
[Transaction Execution (17 properties) (convergent-ring-proving-lazily) / CVL Researcher] at node: tools
[Transaction Execution (17 properties) (convergent-ring-proving-lazily) / CVL Researcher] at node: tool_result; tool calls: [scan_knowledge_base, cvl_keyword_search]
[Transaction Execution (17 properties) (convergent-ring-proving-lazily) / CVL Researcher] at node: tools
[Transaction Execution (17 properties) (convergent-ring-proving-lazily) / CVL Researcher] at node: tool_result; tool calls: [get_knowledge_base_article, cvl_manual_search]
[Transaction Execution (17 properties) (convergent-ring-proving-lazily) / CVL Researcher] at node: tools
[Transaction Execution (17 properties) (convergent-ring-proving-lazily) / CVL Researcher] at node: tool_result; tool calls: [result]
[Transaction Execution (17 properties) (convergent-ring-proving-lazily) / CVL Researcher] at node: tools
[Transaction Execution (17 properties) (convergent-ring-proving-lazily) / CVL Researcher] end
[Transaction Execution (17 properties) (convergent-ring-proving-lazily) / CVL Researcher] at node: tool_result; tool calls: [write_rough_draft]
[Transaction Execution (17 properties) (convergent-ring-proving-lazily) / CVL Researcher] at node: tools
[Transaction Execution (17 properties) (convergent-ring-proving-lazily) / CVL Researcher] at node: tool_result; tool calls: [read_rough_draft]
[Transaction Execution (17 properties) (convergent-ring-proving-lazily) / CVL Researcher] at node: tools
[Setup and Initialization (21 properties) (violet-bloom-verifying-offchain)] at node: tool_result; tool calls: [put_cvl_raw]
[Setup and Initialization (21 properties) (violet-bloom-verifying-offchain)] at node: tools
[Setup and Initialization (21 properties) (violet-bloom-verifying-offchain)] at node: tool_result; tool calls: [verify_spec]
[Setup and Initialization (21 properties) (violet-bloom-verifying-offchain)]: prover start
[Transaction Execution (17 properties) (convergent-ring-proving-lazily) / CVL Researcher] at node: tool_result; tool calls: [result]
[Transaction Execution (17 properties) (convergent-ring-proving-lazily) / CVL Researcher] at node: tools
[Transaction Execution (17 properties) (convergent-ring-proving-lazily) / CVL Researcher] end
[Transaction Execution (17 properties) (convergent-ring-proving-lazily)] at node: tools
[Signature Verification and Hash Management (12 properties) (tight-merkle-binding-justly)]; prover complete
[Signature Verification and Hash Management (12 properties) (tight-merkle-binding-justly)] at node: tools
[Signature Verification and Hash Management (12 properties) (tight-merkle-binding-justly)] at node: tool_result; tool calls: [verify_spec]
[Signature Verification and Hash Management (12 properties) (tight-merkle-binding-justly)]: prover start
[Setup and Initialization (21 properties) (violet-bloom-verifying-offchain)]; prover complete
[Setup and Initialization (21 properties) (violet-bloom-verifying-offchain)]: rule analysis start -> property15_zero_fallback_leaves_slot_zero
[Signature Verification and Hash Management (12 properties) (tight-merkle-binding-justly)]; prover complete
[Signature Verification and Hash Management (12 properties) (tight-merkle-binding-justly)] at node: tools
[Signature Verification and Hash Management (12 properties) (tight-merkle-binding-justly)] at node: tool_result; tool calls: [verify_spec]
[Signature Verification and Hash Management (12 properties) (tight-merkle-binding-justly)]: prover start
[ERROR] Owner Management (20 properties): TimeoutError: 
Traceback (most recent call last):
  File "/usr/lib/python3.12/asyncio/tasks.py", line 520, in wait_for
    return await fut
           ^^^^^^^^^
  File "/home/johannes/AIComposer/composer/prover/cloud.py", line 93, in _poll_job_inner
    await asyncio.sleep(interval)
  File "/usr/lib/python3.12/asyncio/tasks.py", line 665, in sleep
    return await future
           ^^^^^^^^^^^^
asyncio.exceptions.CancelledError

The above exception was the direct cause of the following exception:

Traceback (most recent call last):
  File "/home/johannes/AIComposer/composer/io/multi_job.py", line 78, in run_task
    result = await inv()
             ^^^^^^^^^^^
  File "/home/johannes/AIComposer/composer/spec/source/author.py", line 331, in batch_cvl_generation
    res_state = await run_cvl_generator(
                ^^^^^^^^^^^^^^^^^^^^^^^^
  File "/home/johannes/AIComposer/composer/spec/cvl_generation.py", line 338, in run_cvl_generator
    r = await run_to_completion(
        ^^^^^^^^^^^^^^^^^^^^^^^^
  File "/home/johannes/AIComposer/composer/spec/graph_builder.py", line 108, in run_to_completion
    return await _context_run_graph(
           ^^^^^^^^^^^^^^^^^^^^^^^^^
  File "/home/johannes/AIComposer/composer/io/context.py", line 179, in run_graph
    return await _run_graph(
           ^^^^^^^^^^^^^^^^^
  File "/home/johannes/AIComposer/composer/io/graph_runner.py", line 73, in run_graph
    async for (ty, payload) in graph.astream(
  File "/home/johannes/.local/share/uv/tools/ai-autoprover/lib/python3.12/site-packages/langgraph/pregel/main.py", line 2971, in astream
    async for _ in runner.atick(
  File "/home/johannes/.local/share/uv/tools/ai-autoprover/lib/python3.12/site-packages/langgraph/pregel/_runner.py", line 410, in atick
    _panic_or_proceed(
  File "/home/johannes/.local/share/uv/tools/ai-autoprover/lib/python3.12/site-packages/langgraph/pregel/_runner.py", line 520, in _panic_or_proceed
    raise exc
  File "/home/johannes/.local/share/uv/tools/ai-autoprover/lib/python3.12/site-packages/langgraph/pregel/_retry.py", line 137, in arun_with_retry
    return await task.proc.ainvoke(task.input, config)
           ^^^^^^^^^^^^^^^^^^^^^^^^^^^^^^^^^^^^^^^^^^^
  File "/home/johannes/.local/share/uv/tools/ai-autoprover/lib/python3.12/site-packages/langgraph/_internal/_runnable.py", line 705, in ainvoke
    input = await asyncio.create_task(
            ^^^^^^^^^^^^^^^^^^^^^^^^^^
  File "/home/johannes/.local/share/uv/tools/ai-autoprover/lib/python3.12/site-packages/langgraph/_internal/_runnable.py", line 473, in ainvoke
    ret = await self.afunc(*args, **kwargs)
          ^^^^^^^^^^^^^^^^^^^^^^^^^^^^^^^^^
  File "/home/johannes/.local/share/uv/tools/ai-autoprover/lib/python3.12/site-packages/langgraph/prebuilt/tool_node.py", line 846, in _afunc
    outputs = await asyncio.gather(*coros)
              ^^^^^^^^^^^^^^^^^^^^^^^^^^^^
  File "/home/johannes/.local/share/uv/tools/ai-autoprover/lib/python3.12/site-packages/langgraph/prebuilt/tool_node.py", line 1177, in _arun_one
    return await self._execute_tool_async(tool_request, input_type, config)
           ^^^^^^^^^^^^^^^^^^^^^^^^^^^^^^^^^^^^^^^^^^^^^^^^^^^^^^^^^^^^^^^^
  File "/home/johannes/.local/share/uv/tools/ai-autoprover/lib/python3.12/site-packages/langgraph/prebuilt/tool_node.py", line 1083, in _execute_tool_async
    response = await tool.ainvoke(call_args, config)
               ^^^^^^^^^^^^^^^^^^^^^^^^^^^^^^^^^^^^^
  File "/home/johannes/.local/share/uv/tools/ai-autoprover/lib/python3.12/site-packages/langchain_core/tools/structured.py", line 70, in ainvoke
    return await super().ainvoke(input, config, **kwargs)
           ^^^^^^^^^^^^^^^^^^^^^^^^^^^^^^^^^^^^^^^^^^^^^^
  File "/home/johannes/.local/share/uv/tools/ai-autoprover/lib/python3.12/site-packages/langchain_core/tools/base.py", line 652, in ainvoke
    return await self.arun(tool_input, **kwargs)
           ^^^^^^^^^^^^^^^^^^^^^^^^^^^^^^^^^^^^^
  File "/home/johannes/.local/share/uv/tools/ai-autoprover/lib/python3.12/site-packages/langchain_core/tools/base.py", line 1131, in arun
    raise error_to_raise
  File "/home/johannes/.local/share/uv/tools/ai-autoprover/lib/python3.12/site-packages/langchain_core/tools/base.py", line 1097, in arun
    response = await coro_with_context(coro, context)
               ^^^^^^^^^^^^^^^^^^^^^^^^^^^^^^^^^^^^^^
  File "/home/johannes/.local/share/uv/tools/ai-autoprover/lib/python3.12/site-packages/langchain_core/tools/structured.py", line 124, in _arun
    return await self.coroutine(*args, **kwargs)
           ^^^^^^^^^^^^^^^^^^^^^^^^^^^^^^^^^^^^^
  File "/home/johannes/AIComposer/composer/spec/source/prover.py", line 207, in verify_spec
    result = await run_prover(
             ^^^^^^^^^^^^^^^^^
  File "/home/johannes/AIComposer/composer/prover/core.py", line 215, in run_prover
    async with results_cm as emv_path:
  File "/usr/lib/python3.12/contextlib.py", line 210, in __aenter__
    return await anext(self.gen)
           ^^^^^^^^^^^^^^^^^^^^^
  File "/home/johannes/AIComposer/composer/prover/cloud.py", line 144, in cloud_results
    job_data = await poll_job(cloud_job, on_status=on_status)
               ^^^^^^^^^^^^^^^^^^^^^^^^^^^^^^^^^^^^^^^^^^^^^^
  File "/home/johannes/AIComposer/composer/prover/cloud.py", line 107, in poll_job
    return await asyncio.wait_for(_poll_job_inner(job, interval=interval, on_status=on_status), timeout=timeout)
           ^^^^^^^^^^^^^^^^^^^^^^^^^^^^^^^^^^^^^^^^^^^^^^^^^^^^^^^^^^^^^^^^^^^^^^^^^^^^^^^^^^^^^^^^^^^^^^^^^^^^^
  File "/usr/lib/python3.12/asyncio/tasks.py", line 519, in wait_for
    async with timeouts.timeout(timeout):
  File "/usr/lib/python3.12/asyncio/timeouts.py", line 115, in __aexit__
    raise TimeoutError from exc_val
TimeoutError
During task with name 'tools' and id '95a52526-315b-6af1-c6f9-02a794203126'


[Setup and Initialization (21 properties) (violet-bloom-verifying-offchain)]: rule analysis complete -> property15_zero_fallback_leaves_slot_zero
[Setup and Initialization (21 properties) (violet-bloom-verifying-offchain)] at node: tools
[Setup and Initialization (21 properties) (violet-bloom-verifying-offchain)] at node: tool_result; tool calls: [get_file]
[Setup and Initialization (21 properties) (violet-bloom-verifying-offchain)] at node: tools
[Owner Management (20 properties) (pegged-ideal-sealing-deeply)] end

────────────────────────────────────────────────────────────
Phase: Module Management (24 properties)
────────────────────────────────────────────────────────────
[Module Management (24 properties) (optimal-verifier-wrapping-sharply)] start
[Module Management (24 properties) (optimal-verifier-wrapping-sharply)] at node: initial; tool calls: [memory]
[Module Management (24 properties) (optimal-verifier-wrapping-sharply)] at node: tools
[Module Management (24 properties) (optimal-verifier-wrapping-sharply)] at node: tool_result; tool calls: [list_files]
[Module Management (24 properties) (optimal-verifier-wrapping-sharply)] at node: tools
[Module Management (24 properties) (optimal-verifier-wrapping-sharply)] at node: tool_result; tool calls: [get_file, get_file, get_file]
[Module Management (24 properties) (optimal-verifier-wrapping-sharply)] at node: tools
[Module Management (24 properties) (optimal-verifier-wrapping-sharply)] at node: tool_result; tool calls: [get_file, get_file]
[Module Management (24 properties) (optimal-verifier-wrapping-sharply)] at node: tools
[Module Management (24 properties) (optimal-verifier-wrapping-sharply)] at node: tool_result; tool calls: [get_file, get_file]
[Module Management (24 properties) (optimal-verifier-wrapping-sharply)] at node: tools
[Module Management (24 properties) (optimal-verifier-wrapping-sharply)] at node: tool_result; tool calls: [get_file, get_file]
[Module Management (24 properties) (optimal-verifier-wrapping-sharply)] at node: tools
[Module Management (24 properties) (optimal-verifier-wrapping-sharply)] at node: tool_result; tool calls: [get_file, get_file]
[Module Management (24 properties) (optimal-verifier-wrapping-sharply)] at node: tools
[Module Management (24 properties) (optimal-verifier-wrapping-sharply)] at node: tool_result; tool calls: [get_file, get_file]
[Module Management (24 properties) (optimal-verifier-wrapping-sharply)] at node: tools
[Module Management (24 properties) (optimal-verifier-wrapping-sharply)] at node: tool_result; tool calls: [get_file, get_file]
[Module Management (24 properties) (optimal-verifier-wrapping-sharply)] at node: tools
[Setup and Initialization (21 properties) (violet-bloom-verifying-offchain)] at node: tool_result; tool calls: [get_file]
[Setup and Initialization (21 properties) (violet-bloom-verifying-offchain)] at node: tools
[Setup and Initialization (21 properties) (violet-bloom-verifying-offchain)] at node: tool_result; tool calls: [grep_files]
[Setup and Initialization (21 properties) (violet-bloom-verifying-offchain)] at node: tools
[Module Management (24 properties) (optimal-verifier-wrapping-sharply)] at node: tool_result; tool calls: [get_file, get_file]
[Module Management (24 properties) (optimal-verifier-wrapping-sharply)] at node: tools
[Setup and Initialization (21 properties) (violet-bloom-verifying-offchain)] at node: tool_result; tool calls: [grep_files]
[Setup and Initialization (21 properties) (violet-bloom-verifying-offchain)] at node: tools
[Module Management (24 properties) (optimal-verifier-wrapping-sharply)] at node: tool_result; tool calls: [get_file]
[Module Management (24 properties) (optimal-verifier-wrapping-sharply)] at node: tools
[Signature Verification and Hash Management (12 properties) (tight-merkle-binding-justly)]; prover complete
[Signature Verification and Hash Management (12 properties) (tight-merkle-binding-justly)]: rule analysis start -> approvedHashes_modified_only_by_owner_approveHash for execTransaction(address,uint256,bytes,uint8,uint256,uint256,uint256,address,address,bytes)
[Signature Verification and Hash Management (12 properties) (tight-merkle-binding-justly)]: rule analysis start -> approvedHashes_modified_only_by_owner_approveHash for getTransactionHash(address,uint256,bytes,uint8,uint256,uint256,uint256,address,address,uint256)
[Transaction Execution (17 properties) (convergent-ring-proving-lazily)] at node: tool_result; tool calls: [memory]
[Transaction Execution (17 properties) (convergent-ring-proving-lazily)] at node: tools
[Signature Verification and Hash Management (12 properties) (tight-merkle-binding-justly)]: rule analysis complete -> approvedHashes_modified_only_by_owner_approveHash for getTransactionHash(address,uint256,bytes,uint8,uint256,uint256,uint256,address,address,uint256)
[Setup and Initialization (21 properties) (violet-bloom-verifying-offchain)] at node: tool_result; tool calls: [get_file]
[Setup and Initialization (21 properties) (violet-bloom-verifying-offchain)] at node: tools
[Setup and Initialization (21 properties) (violet-bloom-verifying-offchain)] at node: tool_result; tool calls: [get_file]
[Setup and Initialization (21 properties) (violet-bloom-verifying-offchain)] at node: tools
[Signature Verification and Hash Management (12 properties) (tight-merkle-binding-justly)]: rule analysis complete -> approvedHashes_modified_only_by_owner_approveHash for execTransaction(address,uint256,bytes,uint8,uint256,uint256,uint256,address,address,bytes)
[Signature Verification and Hash Management (12 properties) (tight-merkle-binding-justly)] at node: tools
[Module Management (24 properties) (optimal-verifier-wrapping-sharply)] at node: tool_result; tool calls: [get_file, get_file]
[Module Management (24 properties) (optimal-verifier-wrapping-sharply)] at node: tools
[Module Management (24 properties) (optimal-verifier-wrapping-sharply)] at node: tool_result; tool calls: [get_file]
[Module Management (24 properties) (optimal-verifier-wrapping-sharply)] at node: tools
[Transaction Execution (17 properties) (convergent-ring-proving-lazily)] at node: tool_result; tool calls: [put_cvl_raw]
[Transaction Execution (17 properties) (convergent-ring-proving-lazily)] at node: tools
[Signature Verification and Hash Management (12 properties) (tight-merkle-binding-justly)] at node: tool_result; tool calls: [put_cvl_raw]
[Signature Verification and Hash Management (12 properties) (tight-merkle-binding-justly)] at node: tools
[Signature Verification and Hash Management (12 properties) (tight-merkle-binding-justly)] at node: tool_result; tool calls: [verify_spec]
[Signature Verification and Hash Management (12 properties) (tight-merkle-binding-justly)]: prover start
[Signature Verification and Hash Management (12 properties) (tight-merkle-binding-justly)] at node: tools
[Signature Verification and Hash Management (12 properties) (tight-merkle-binding-justly)] at node: tool_result; tool calls: [grep_files, grep_files]
[Signature Verification and Hash Management (12 properties) (tight-merkle-binding-justly)] at node: tools
[Signature Verification and Hash Management (12 properties) (tight-merkle-binding-justly)] at node: tool_result; tool calls: [get_file, get_file]
[Signature Verification and Hash Management (12 properties) (tight-merkle-binding-justly)] at node: tools
[Setup and Initialization (21 properties) (violet-bloom-verifying-offchain)] at node: tool_result; tool calls: [put_cvl_raw]
[Setup and Initialization (21 properties) (violet-bloom-verifying-offchain)] at node: tools
[Setup and Initialization (21 properties) (violet-bloom-verifying-offchain)] at node: tool_result; tool calls: [feedback_tool]
[Setup and Initialization (21 properties) (violet-bloom-verifying-offchain) / Property feedback judge] start  (via tool: toolu_01LDfpQ1KWom5h8UTs8kW7rb)
[Setup and Initialization (21 properties) (violet-bloom-verifying-offchain) / Property feedback judge] at node: initial; tool calls: [memory]
[Setup and Initialization (21 properties) (violet-bloom-verifying-offchain) / Property feedback judge] at node: tools
[Setup and Initialization (21 properties) (violet-bloom-verifying-offchain) / Property feedback judge] at node: tool_result; tool calls: [memory]
[Setup and Initialization (21 properties) (violet-bloom-verifying-offchain) / Property feedback judge] at node: tools
[Transaction Execution (17 properties) (convergent-ring-proving-lazily)] at node: tool_result; tool calls: [cvl_research]
[Transaction Execution (17 properties) (convergent-ring-proving-lazily) / CVL Researcher] start  (via tool: toolu_01MLAhU75jsHVpTNBSExhdcT)
[Transaction Execution (17 properties) (convergent-ring-proving-lazily) / CVL Researcher] at node: initial; tool calls: [cvl_keyword_search, cvl_manual_search]
[Transaction Execution (17 properties) (convergent-ring-proving-lazily) / CVL Researcher] at node: tools
[Transaction Execution (17 properties) (convergent-ring-proving-lazily) / CVL Researcher] at node: tool_result; tool calls: [get_cvl_manual_section]
[Transaction Execution (17 properties) (convergent-ring-proving-lazily) / CVL Researcher] at node: tools
[Setup and Initialization (21 properties) (violet-bloom-verifying-offchain) / Property feedback judge] at node: tool_result; tool calls: [get_cvl]
[Setup and Initialization (21 properties) (violet-bloom-verifying-offchain) / Property feedback judge] at node: tools
[Transaction Execution (17 properties) (convergent-ring-proving-lazily) / CVL Researcher] at node: tool_result; tool calls: [write_rough_draft]
[Transaction Execution (17 properties) (convergent-ring-proving-lazily) / CVL Researcher] at node: tools
[Transaction Execution (17 properties) (convergent-ring-proving-lazily) / CVL Researcher] at node: tool_result; tool calls: [read_rough_draft]
[Transaction Execution (17 properties) (convergent-ring-proving-lazily) / CVL Researcher] at node: tools
[Signature Verification and Hash Management (12 properties) (tight-merkle-binding-justly)] at node: tool_result; tool calls: [put_cvl_raw]
[Signature Verification and Hash Management (12 properties) (tight-merkle-binding-justly)] at node: tools
[Signature Verification and Hash Management (12 properties) (tight-merkle-binding-justly)] at node: tool_result; tool calls: [verify_spec]
[Signature Verification and Hash Management (12 properties) (tight-merkle-binding-justly)]: prover start
[Transaction Execution (17 properties) (convergent-ring-proving-lazily) / CVL Researcher] at node: tool_result; tool calls: [result]
[Transaction Execution (17 properties) (convergent-ring-proving-lazily) / CVL Researcher] at node: tools
[Transaction Execution (17 properties) (convergent-ring-proving-lazily) / CVL Researcher] end
[Transaction Execution (17 properties) (convergent-ring-proving-lazily)] at node: tools
[Setup and Initialization (21 properties) (violet-bloom-verifying-offchain) / Property feedback judge] at node: tool_result; tool calls: [write_rough_draft]
[Setup and Initialization (21 properties) (violet-bloom-verifying-offchain) / Property feedback judge] at node: tools
[Setup and Initialization (21 properties) (violet-bloom-verifying-offchain) / Property feedback judge] at node: tool_result; tool calls: [read_rough_draft]
[Setup and Initialization (21 properties) (violet-bloom-verifying-offchain) / Property feedback judge] at node: tools
[Setup and Initialization (21 properties) (violet-bloom-verifying-offchain) / Property feedback judge] at node: tool_result; tool calls: [memory]
[Setup and Initialization (21 properties) (violet-bloom-verifying-offchain) / Property feedback judge] at node: tools
[Setup and Initialization (21 properties) (violet-bloom-verifying-offchain) / Property feedback judge] at node: tool_result; tool calls: [result]
[Setup and Initialization (21 properties) (violet-bloom-verifying-offchain) / Property feedback judge] at node: tools
[Setup and Initialization (21 properties) (violet-bloom-verifying-offchain) / Property feedback judge] end
[Setup and Initialization (21 properties) (violet-bloom-verifying-offchain)] at node: tools
[Setup and Initialization (21 properties) (violet-bloom-verifying-offchain)] at node: tool_result; tool calls: [verify_spec]
[Setup and Initialization (21 properties) (violet-bloom-verifying-offchain)]: prover start
[Transaction Execution (17 properties) (convergent-ring-proving-lazily)] at node: tool_result; tool calls: [put_cvl_raw]
[Transaction Execution (17 properties) (convergent-ring-proving-lazily)] at node: tools
[Transaction Execution (17 properties) (convergent-ring-proving-lazily)] at node: tool_result; tool calls: [verify_spec]
[Transaction Execution (17 properties) (convergent-ring-proving-lazily)]: prover start
[Transaction Execution (17 properties) (convergent-ring-proving-lazily)] at node: tools
[Transaction Execution (17 properties) (convergent-ring-proving-lazily)] at node: tool_result; tool calls: [grep_files, grep_files]
[Transaction Execution (17 properties) (convergent-ring-proving-lazily)] at node: tools
[Transaction Execution (17 properties) (convergent-ring-proving-lazily)] at node: tool_result; tool calls: [cvl_research, cvl_research]
[Transaction Execution (17 properties) (convergent-ring-proving-lazily) / CVL Researcher] start  (via tool: toolu_01PMF4TFdXMYyam4kCP9mmzi)
[Transaction Execution (17 properties) (convergent-ring-proving-lazily) / CVL Researcher] start  (via tool: toolu_01YKHF85xFipVahsgpqLaP2p)
[Signature Verification and Hash Management (12 properties) (tight-merkle-binding-justly)]; prover complete
[Signature Verification and Hash Management (12 properties) (tight-merkle-binding-justly)] at node: tools
[Transaction Execution (17 properties) (convergent-ring-proving-lazily) / CVL Researcher] at node: initial; tool calls: [cvl_manual_search, cvl_keyword_search]
[Transaction Execution (17 properties) (convergent-ring-proving-lazily) / CVL Researcher] at node: tools
[Transaction Execution (17 properties) (convergent-ring-proving-lazily) / CVL Researcher] at node: tool_result; tool calls: [cvl_manual_search, get_cvl_manual_section]
[Transaction Execution (17 properties) (convergent-ring-proving-lazily) / CVL Researcher] at node: tools
[Signature Verification and Hash Management (12 properties) (tight-merkle-binding-justly)] at node: tool_result; tool calls: [verify_spec]
[Signature Verification and Hash Management (12 properties) (tight-merkle-binding-justly)]: prover start
[Transaction Execution (17 properties) (convergent-ring-proving-lazily) / CVL Researcher] at node: initial; tool calls: [write_rough_draft]
[Transaction Execution (17 properties) (convergent-ring-proving-lazily) / CVL Researcher] at node: tools
[Transaction Execution (17 properties) (convergent-ring-proving-lazily) / CVL Researcher] at node: tool_result; tool calls: [read_rough_draft]
[Transaction Execution (17 properties) (convergent-ring-proving-lazily) / CVL Researcher] at node: tools
[Transaction Execution (17 properties) (convergent-ring-proving-lazily) / CVL Researcher] at node: tool_result; tool calls: [get_cvl_manual_section]
[Transaction Execution (17 properties) (convergent-ring-proving-lazily) / CVL Researcher] at node: tools
[Transaction Execution (17 properties) (convergent-ring-proving-lazily) / CVL Researcher] at node: tool_result; tool calls: [cvl_keyword_search]
[Transaction Execution (17 properties) (convergent-ring-proving-lazily) / CVL Researcher] at node: tools
[Transaction Execution (17 properties) (convergent-ring-proving-lazily) / CVL Researcher] at node: tool_result; tool calls: [result]
[Transaction Execution (17 properties) (convergent-ring-proving-lazily) / CVL Researcher] at node: tools
[Transaction Execution (17 properties) (convergent-ring-proving-lazily) / CVL Researcher] end
[Setup and Initialization (21 properties) (violet-bloom-verifying-offchain)]; prover complete
[Setup and Initialization (21 properties) (violet-bloom-verifying-offchain)]: rule analysis start -> property1_threshold_within_bounds for constructor
[Transaction Execution (17 properties) (convergent-ring-proving-lazily) / CVL Researcher] at node: tool_result; tool calls: [write_rough_draft]
[Transaction Execution (17 properties) (convergent-ring-proving-lazily) / CVL Researcher] at node: tools
[Transaction Execution (17 properties) (convergent-ring-proving-lazily) / CVL Researcher] at node: tool_result; tool calls: [read_rough_draft]
[Transaction Execution (17 properties) (convergent-ring-proving-lazily) / CVL Researcher] at node: tools
[Transaction Execution (17 properties) (convergent-ring-proving-lazily) / CVL Researcher] at node: tool_result; tool calls: [result]
[Transaction Execution (17 properties) (convergent-ring-proving-lazily) / CVL Researcher] at node: tools
[Transaction Execution (17 properties) (convergent-ring-proving-lazily) / CVL Researcher] end
[Transaction Execution (17 properties) (convergent-ring-proving-lazily)] at node: tools
[Setup and Initialization (21 properties) (violet-bloom-verifying-offchain)]: rule analysis complete -> property1_threshold_within_bounds for constructor
[Setup and Initialization (21 properties) (violet-bloom-verifying-offchain)] at node: tools
[Setup and Initialization (21 properties) (violet-bloom-verifying-offchain)] at node: tool_result; tool calls: [put_cvl_raw]
[Setup and Initialization (21 properties) (violet-bloom-verifying-offchain)] at node: tools
[Setup and Initialization (21 properties) (violet-bloom-verifying-offchain)] at node: tool_result; tool calls: [feedback_tool]
[Setup and Initialization (21 properties) (violet-bloom-verifying-offchain) / Property feedback judge] start  (via tool: toolu_017f1PFR7DVdKcv73gSQAMf6)
[Setup and Initialization (21 properties) (violet-bloom-verifying-offchain) / Property feedback judge] at node: initial; tool calls: [memory]
[Setup and Initialization (21 properties) (violet-bloom-verifying-offchain) / Property feedback judge] at node: tools
[Setup and Initialization (21 properties) (violet-bloom-verifying-offchain) / Property feedback judge] at node: tool_result; tool calls: [memory]
[Setup and Initialization (21 properties) (violet-bloom-verifying-offchain) / Property feedback judge] at node: tools
[Signature Verification and Hash Management (12 properties) (tight-merkle-binding-justly)]; prover complete
[Signature Verification and Hash Management (12 properties) (tight-merkle-binding-justly)] at node: tools
[Signature Verification and Hash Management (12 properties) (tight-merkle-binding-justly)] at node: tool_result; tool calls: [verify_spec]
[Signature Verification and Hash Management (12 properties) (tight-merkle-binding-justly)]: prover start
[Setup and Initialization (21 properties) (violet-bloom-verifying-offchain) / Property feedback judge] at node: tool_result; tool calls: [get_cvl]
[Setup and Initialization (21 properties) (violet-bloom-verifying-offchain) / Property feedback judge] at node: tools
[Transaction Execution (17 properties) (convergent-ring-proving-lazily)] at node: tool_result; tool calls: [put_cvl_raw]
[Transaction Execution (17 properties) (convergent-ring-proving-lazily)] at node: tools
[Transaction Execution (17 properties) (convergent-ring-proving-lazily)] at node: tool_result; tool calls: [verify_spec]
[Transaction Execution (17 properties) (convergent-ring-proving-lazily)]: prover start
[Setup and Initialization (21 properties) (violet-bloom-verifying-offchain) / Property feedback judge] at node: tool_result; tool calls: [write_rough_draft]
[Setup and Initialization (21 properties) (violet-bloom-verifying-offchain) / Property feedback judge] at node: tools
[Setup and Initialization (21 properties) (violet-bloom-verifying-offchain) / Property feedback judge] at node: tool_result; tool calls: [memory]
[Setup and Initialization (21 properties) (violet-bloom-verifying-offchain) / Property feedback judge] at node: tools
[Setup and Initialization (21 properties) (violet-bloom-verifying-offchain) / Property feedback judge] at node: tool_result; tool calls: [result]
[Setup and Initialization (21 properties) (violet-bloom-verifying-offchain) / Property feedback judge] at node: tools
[Transaction Execution (17 properties) (convergent-ring-proving-lazily)] at node: tools
[Setup and Initialization (21 properties) (violet-bloom-verifying-offchain) / Property feedback judge] at node: tool_result; tool calls: [read_rough_draft]
[Setup and Initialization (21 properties) (violet-bloom-verifying-offchain) / Property feedback judge] at node: tools
[Setup and Initialization (21 properties) (violet-bloom-verifying-offchain) / Property feedback judge] at node: tool_result; tool calls: [result]
[Setup and Initialization (21 properties) (violet-bloom-verifying-offchain) / Property feedback judge] at node: tools
[Setup and Initialization (21 properties) (violet-bloom-verifying-offchain) / Property feedback judge] end
[Setup and Initialization (21 properties) (violet-bloom-verifying-offchain)] at node: tools
[Setup and Initialization (21 properties) (violet-bloom-verifying-offchain)] at node: tool_result; tool calls: [verify_spec]
[Setup and Initialization (21 properties) (violet-bloom-verifying-offchain)]: prover start
[Transaction Execution (17 properties) (convergent-ring-proving-lazily)] at node: summarize
[Transaction Execution (17 properties) (convergent-ring-proving-lazily)] at node: tool_result; tool calls: [memory]
[Transaction Execution (17 properties) (convergent-ring-proving-lazily)] at node: tools
[Transaction Execution (17 properties) (convergent-ring-proving-lazily)] at node: tool_result; tool calls: [memory]
[Transaction Execution (17 properties) (convergent-ring-proving-lazily)] at node: tools
[Transaction Execution (17 properties) (convergent-ring-proving-lazily)] at node: tool_result; tool calls: [get_cvl]
[Transaction Execution (17 properties) (convergent-ring-proving-lazily)] at node: tools
[Signature Verification and Hash Management (12 properties) (tight-merkle-binding-justly)]; prover complete
[Signature Verification and Hash Management (12 properties) (tight-merkle-binding-justly)]: rule analysis start -> checkNSignatures_zero_must_revert
[Signature Verification and Hash Management (12 properties) (tight-merkle-binding-justly)]: rule analysis start -> legacy_overload_executor_bypass
[Signature Verification and Hash Management (12 properties) (tight-merkle-binding-justly)]: rule analysis start -> p256_owner_can_always_sign
[Signature Verification and Hash Management (12 properties) (tight-merkle-binding-justly)]: rule analysis complete -> checkNSignatures_zero_must_revert
[Signature Verification and Hash Management (12 properties) (tight-merkle-binding-justly)]: rule analysis complete -> legacy_overload_executor_bypass
[Signature Verification and Hash Management (12 properties) (tight-merkle-binding-justly)]: rule analysis complete -> p256_owner_can_always_sign
[Signature Verification and Hash Management (12 properties) (tight-merkle-binding-justly)] at node: tools
[Transaction Execution (17 properties) (convergent-ring-proving-lazily)] at node: tool_result; tool calls: [list_files]
[Transaction Execution (17 properties) (convergent-ring-proving-lazily)] at node: tools
[Transaction Execution (17 properties) (convergent-ring-proving-lazily)] at node: tool_result; tool calls: [get_file, get_file]
[Transaction Execution (17 properties) (convergent-ring-proving-lazily)] at node: tools
[Setup and Initialization (21 properties) (violet-bloom-verifying-offchain)]; prover complete
[Setup and Initialization (21 properties) (violet-bloom-verifying-offchain)]: rule analysis start -> property1_threshold_within_bounds for addOwnerWithThreshold(address,uint256)
[Transaction Execution (17 properties) (convergent-ring-proving-lazily)] at node: tool_result; tool calls: [get_file, get_file]
[Transaction Execution (17 properties) (convergent-ring-proving-lazily)] at node: tools
[Transaction Execution (17 properties) (convergent-ring-proving-lazily)] at node: tool_result; tool calls: [get_file]
[Transaction Execution (17 properties) (convergent-ring-proving-lazily)] at node: tools
[Transaction Execution (17 properties) (convergent-ring-proving-lazily)] at node: tool_result; tool calls: [get_file]
[Transaction Execution (17 properties) (convergent-ring-proving-lazily)] at node: tools
[Transaction Execution (17 properties) (convergent-ring-proving-lazily)] at node: tool_result; tool calls: [get_file]
[Transaction Execution (17 properties) (convergent-ring-proving-lazily)] at node: tools
[Signature Verification and Hash Management (12 properties) (tight-merkle-binding-justly)] at node: tool_result; tool calls: [get_file]
[Signature Verification and Hash Management (12 properties) (tight-merkle-binding-justly)] at node: tools
[Transaction Execution (17 properties) (convergent-ring-proving-lazily)] at node: tool_result; tool calls: [get_file]
[Transaction Execution (17 properties) (convergent-ring-proving-lazily)] at node: tools
[Signature Verification and Hash Management (12 properties) (tight-merkle-binding-justly)] at node: tool_result; tool calls: [grep_files]
[Transaction Execution (17 properties) (convergent-ring-proving-lazily)] at node: tool_result; tool calls: [get_file]
[Transaction Execution (17 properties) (convergent-ring-proving-lazily)] at node: tools
[Signature Verification and Hash Management (12 properties) (tight-merkle-binding-justly)] at node: tools
[Transaction Execution (17 properties) (convergent-ring-proving-lazily)] at node: tool_result; tool calls: [get_file]
[Transaction Execution (17 properties) (convergent-ring-proving-lazily)] at node: tools
[Signature Verification and Hash Management (12 properties) (tight-merkle-binding-justly)] at node: summarize
[Signature Verification and Hash Management (12 properties) (tight-merkle-binding-justly)] at node: tool_result; tool calls: [memory]
[Signature Verification and Hash Management (12 properties) (tight-merkle-binding-justly)] at node: tools
[Signature Verification and Hash Management (12 properties) (tight-merkle-binding-justly)] at node: tool_result; tool calls: [memory]
[Signature Verification and Hash Management (12 properties) (tight-merkle-binding-justly)] at node: tools
[Signature Verification and Hash Management (12 properties) (tight-merkle-binding-justly)] at node: tool_result; tool calls: [get_cvl]
[Signature Verification and Hash Management (12 properties) (tight-merkle-binding-justly)] at node: tools
[Transaction Execution (17 properties) (convergent-ring-proving-lazily)] at node: tool_result; tool calls: [get_file]
[Transaction Execution (17 properties) (convergent-ring-proving-lazily)] at node: tools
[Transaction Execution (17 properties) (convergent-ring-proving-lazily)] at node: tool_result; tool calls: [grep_files]
[Transaction Execution (17 properties) (convergent-ring-proving-lazily)] at node: tools
[Transaction Execution (17 properties) (convergent-ring-proving-lazily)] at node: tool_result; tool calls: [get_file]
[Transaction Execution (17 properties) (convergent-ring-proving-lazily)] at node: tools
[Signature Verification and Hash Management (12 properties) (tight-merkle-binding-justly)] at node: tool_result; tool calls: [expect_rule_passage]
[Signature Verification and Hash Management (12 properties) (tight-merkle-binding-justly)] at node: tools
[Signature Verification and Hash Management (12 properties) (tight-merkle-binding-justly)] at node: tool_result; tool calls: [memory]
[Signature Verification and Hash Management (12 properties) (tight-merkle-binding-justly)] at node: tools
[Signature Verification and Hash Management (12 properties) (tight-merkle-binding-justly)] at node: tool_result; tool calls: [verify_spec]
[Signature Verification and Hash Management (12 properties) (tight-merkle-binding-justly)]: prover start
[Setup and Initialization (21 properties) (violet-bloom-verifying-offchain)]: rule analysis complete -> property1_threshold_within_bounds for addOwnerWithThreshold(address,uint256)
[Setup and Initialization (21 properties) (violet-bloom-verifying-offchain)] at node: tools
[Transaction Execution (17 properties) (convergent-ring-proving-lazily)] at node: tool_result; tool calls: [put_cvl_raw]
[Transaction Execution (17 properties) (convergent-ring-proving-lazily)] at node: tools
[Transaction Execution (17 properties) (convergent-ring-proving-lazily)] at node: tool_result; tool calls: [record_skip]
[Transaction Execution (17 properties) (convergent-ring-proving-lazily)] at node: tools
[Transaction Execution (17 properties) (convergent-ring-proving-lazily)] at node: tool_result; tool calls: [memory]
[Transaction Execution (17 properties) (convergent-ring-proving-lazily)] at node: tools
[Transaction Execution (17 properties) (convergent-ring-proving-lazily)] at node: tool_result; tool calls: [verify_spec]
[Transaction Execution (17 properties) (convergent-ring-proving-lazily)]: prover start
[Setup and Initialization (21 properties) (violet-bloom-verifying-offchain)] at node: tool_result; tool calls: [put_cvl_raw]
[Setup and Initialization (21 properties) (violet-bloom-verifying-offchain)] at node: tools
[Transaction Execution (17 properties) (convergent-ring-proving-lazily)] at node: tools
[Setup and Initialization (21 properties) (violet-bloom-verifying-offchain)] at node: tool_result; tool calls: [feedback_tool]
[Setup and Initialization (21 properties) (violet-bloom-verifying-offchain) / Property feedback judge] start  (via tool: toolu_01Tp4oBuhngDt6SaiDMCwkx5)
[Setup and Initialization (21 properties) (violet-bloom-verifying-offchain) / Property feedback judge] at node: initial; tool calls: [memory]
[Setup and Initialization (21 properties) (violet-bloom-verifying-offchain) / Property feedback judge] at node: tools
[Setup and Initialization (21 properties) (violet-bloom-verifying-offchain) / Property feedback judge] at node: tool_result; tool calls: [memory]
[Setup and Initialization (21 properties) (violet-bloom-verifying-offchain) / Property feedback judge] at node: tools
[Module Management (24 properties) (optimal-verifier-wrapping-sharply)] at node: tool_result; tool calls: [memory]
[Module Management (24 properties) (optimal-verifier-wrapping-sharply)] at node: tools
[Setup and Initialization (21 properties) (violet-bloom-verifying-offchain) / Property feedback judge] at node: tool_result; tool calls: [get_cvl]
[Setup and Initialization (21 properties) (violet-bloom-verifying-offchain) / Property feedback judge] at node: tools
[Setup and Initialization (21 properties) (violet-bloom-verifying-offchain) / Property feedback judge] at node: tool_result; tool calls: [write_rough_draft]
[Setup and Initialization (21 properties) (violet-bloom-verifying-offchain) / Property feedback judge] at node: tools
[Setup and Initialization (21 properties) (violet-bloom-verifying-offchain) / Property feedback judge] at node: tool_result; tool calls: [memory]
[Setup and Initialization (21 properties) (violet-bloom-verifying-offchain) / Property feedback judge] at node: tools
[Setup and Initialization (21 properties) (violet-bloom-verifying-offchain) / Property feedback judge] at node: tool_result; tool calls: [result]
[Setup and Initialization (21 properties) (violet-bloom-verifying-offchain) / Property feedback judge] at node: tools
[Setup and Initialization (21 properties) (violet-bloom-verifying-offchain) / Property feedback judge] at node: tool_result; tool calls: [read_rough_draft]
[Setup and Initialization (21 properties) (violet-bloom-verifying-offchain) / Property feedback judge] at node: tools
[Setup and Initialization (21 properties) (violet-bloom-verifying-offchain) / Property feedback judge] at node: tool_result; tool calls: [result]
[Setup and Initialization (21 properties) (violet-bloom-verifying-offchain) / Property feedback judge] at node: tools
[Setup and Initialization (21 properties) (violet-bloom-verifying-offchain) / Property feedback judge] end
[Setup and Initialization (21 properties) (violet-bloom-verifying-offchain)] at node: tools
[Setup and Initialization (21 properties) (violet-bloom-verifying-offchain)] at node: tool_result; tool calls: [verify_spec]
[Setup and Initialization (21 properties) (violet-bloom-verifying-offchain)]: prover start
[Signature Verification and Hash Management (12 properties) (tight-merkle-binding-justly)]; prover complete
[Signature Verification and Hash Management (12 properties) (tight-merkle-binding-justly)]: rule analysis start -> checkNSignatures_zero_must_revert
[Signature Verification and Hash Management (12 properties) (tight-merkle-binding-justly)]: rule analysis start -> legacy_overload_executor_bypass
[Signature Verification and Hash Management (12 properties) (tight-merkle-binding-justly)]: rule analysis start -> p256_owner_can_always_sign
[Module Management (24 properties) (optimal-verifier-wrapping-sharply)] at node: tool_result; tool calls: [put_cvl_raw]
[Module Management (24 properties) (optimal-verifier-wrapping-sharply)] at node: tools
[Signature Verification and Hash Management (12 properties) (tight-merkle-binding-justly)]: rule analysis complete -> checkNSignatures_zero_must_revert
[Module Management (24 properties) (optimal-verifier-wrapping-sharply)] at node: tool_result; tool calls: [feedback_tool]
[Module Management (24 properties) (optimal-verifier-wrapping-sharply) / Property feedback judge] start  (via tool: toolu_01BHDVzrhYg59FPgMFHcuez6)
[Transaction Execution (17 properties) (convergent-ring-proving-lazily)] at node: tool_result; tool calls: [get_file]
[Transaction Execution (17 properties) (convergent-ring-proving-lazily)] at node: tools
[Module Management (24 properties) (optimal-verifier-wrapping-sharply) / Property feedback judge] at node: initial; tool calls: [memory]
[Module Management (24 properties) (optimal-verifier-wrapping-sharply) / Property feedback judge] at node: tools
[Signature Verification and Hash Management (12 properties) (tight-merkle-binding-justly)]: rule analysis complete -> p256_owner_can_always_sign
[Signature Verification and Hash Management (12 properties) (tight-merkle-binding-justly)]: rule analysis complete -> legacy_overload_executor_bypass
[Signature Verification and Hash Management (12 properties) (tight-merkle-binding-justly)] at node: tools
[Signature Verification and Hash Management (12 properties) (tight-merkle-binding-justly)] at node: tool_result; tool calls: [feedback_tool]
[Signature Verification and Hash Management (12 properties) (tight-merkle-binding-justly) / Property feedback judge] start  (via tool: toolu_01HiPd5VasSVvCuJiB6YANg1)
[Signature Verification and Hash Management (12 properties) (tight-merkle-binding-justly) / Property feedback judge] at node: initial; tool calls: [memory]
[Signature Verification and Hash Management (12 properties) (tight-merkle-binding-justly) / Property feedback judge] at node: tools
[Signature Verification and Hash Management (12 properties) (tight-merkle-binding-justly) / Property feedback judge] at node: tool_result; tool calls: [memory]
[Signature Verification and Hash Management (12 properties) (tight-merkle-binding-justly) / Property feedback judge] at node: tools
[Transaction Execution (17 properties) (convergent-ring-proving-lazily)] at node: tool_result; tool calls: [get_file]
[Transaction Execution (17 properties) (convergent-ring-proving-lazily)] at node: tools
[Transaction Execution (17 properties) (convergent-ring-proving-lazily)] at node: tool_result; tool calls: [grep_files]
[Transaction Execution (17 properties) (convergent-ring-proving-lazily)] at node: tools
[Transaction Execution (17 properties) (convergent-ring-proving-lazily)] at node: tool_result; tool calls: [grep_files]
[Transaction Execution (17 properties) (convergent-ring-proving-lazily)] at node: tools
[Transaction Execution (17 properties) (convergent-ring-proving-lazily)] at node: tool_result; tool calls: [cvl_research]
[Transaction Execution (17 properties) (convergent-ring-proving-lazily) / CVL Researcher] start  (via tool: toolu_01K3CPxGodV4cQcm6BzrP7H6)
[Signature Verification and Hash Management (12 properties) (tight-merkle-binding-justly) / Property feedback judge] at node: tool_result; tool calls: [get_cvl]
[Signature Verification and Hash Management (12 properties) (tight-merkle-binding-justly) / Property feedback judge] at node: tools
[Transaction Execution (17 properties) (convergent-ring-proving-lazily) / CVL Researcher] at node: initial; tool calls: [write_rough_draft]
[Transaction Execution (17 properties) (convergent-ring-proving-lazily) / CVL Researcher] at node: tools
[Transaction Execution (17 properties) (convergent-ring-proving-lazily) / CVL Researcher] at node: tool_result; tool calls: [result]
[Transaction Execution (17 properties) (convergent-ring-proving-lazily) / CVL Researcher] at node: tools
[Transaction Execution (17 properties) (convergent-ring-proving-lazily) / CVL Researcher] end
[Transaction Execution (17 properties) (convergent-ring-proving-lazily)] at node: tools
[Setup and Initialization (21 properties) (violet-bloom-verifying-offchain)]; prover complete
[Setup and Initialization (21 properties) (violet-bloom-verifying-offchain)]: rule analysis start -> property1_threshold_within_bounds for constructor
[Setup and Initialization (21 properties) (violet-bloom-verifying-offchain)]: rule analysis start -> property1_threshold_within_bounds for addOwnerWithThreshold(address,uint256)
[Signature Verification and Hash Management (12 properties) (tight-merkle-binding-justly) / Property feedback judge] at node: tool_result; tool calls: [write_rough_draft]
[Signature Verification and Hash Management (12 properties) (tight-merkle-binding-justly) / Property feedback judge] at node: tools
[Signature Verification and Hash Management (12 properties) (tight-merkle-binding-justly) / Property feedback judge] at node: tool_result; tool calls: [read_rough_draft]
[Signature Verification and Hash Management (12 properties) (tight-merkle-binding-justly) / Property feedback judge] at node: tools
[Signature Verification and Hash Management (12 properties) (tight-merkle-binding-justly) / Property feedback judge] at node: tool_result; tool calls: [memory]
[Signature Verification and Hash Management (12 properties) (tight-merkle-binding-justly) / Property feedback judge] at node: tools
[Signature Verification and Hash Management (12 properties) (tight-merkle-binding-justly) / Property feedback judge] at node: tool_result; tool calls: [result]
[Signature Verification and Hash Management (12 properties) (tight-merkle-binding-justly) / Property feedback judge] at node: tools
[Signature Verification and Hash Management (12 properties) (tight-merkle-binding-justly) / Property feedback judge] end
[Signature Verification and Hash Management (12 properties) (tight-merkle-binding-justly)] at node: tools
[Signature Verification and Hash Management (12 properties) (tight-merkle-binding-justly)] at node: tool_result; tool calls: [memory]
[Signature Verification and Hash Management (12 properties) (tight-merkle-binding-justly)] at node: tools
[Signature Verification and Hash Management (12 properties) (tight-merkle-binding-justly)] at node: tool_result; tool calls: [result]
[Signature Verification and Hash Management (12 properties) (tight-merkle-binding-justly)] at node: tools
[Signature Verification and Hash Management (12 properties) (tight-merkle-binding-justly)] end
[Signature Verification and Hash Management (12 properties)] ✓ done

────────────────────────────────────────────────────────────
Phase: Fallback Handling (12 properties)
────────────────────────────────────────────────────────────
[Fallback Handling (12 properties) (convergent-proposer-syncing-densely)] start
[Fallback Handling (12 properties) (convergent-proposer-syncing-densely)] at node: initial; tool calls: [memory]
[Fallback Handling (12 properties) (convergent-proposer-syncing-densely)] at node: tools
[Fallback Handling (12 properties) (convergent-proposer-syncing-densely)] at node: tool_result; tool calls: [list_files]
[Fallback Handling (12 properties) (convergent-proposer-syncing-densely)] at node: tools
[Fallback Handling (12 properties) (convergent-proposer-syncing-densely)] at node: tool_result; tool calls: [get_file, get_file]
[Fallback Handling (12 properties) (convergent-proposer-syncing-densely)] at node: tools
[Fallback Handling (12 properties) (convergent-proposer-syncing-densely)] at node: tool_result; tool calls: [get_file, get_file]
[Fallback Handling (12 properties) (convergent-proposer-syncing-densely)] at node: tools
[Fallback Handling (12 properties) (convergent-proposer-syncing-densely)] at node: tool_result; tool calls: [get_file, get_file]
[Fallback Handling (12 properties) (convergent-proposer-syncing-densely)] at node: tools
[Fallback Handling (12 properties) (convergent-proposer-syncing-densely)] at node: tool_result; tool calls: [get_file, get_file]
[Fallback Handling (12 properties) (convergent-proposer-syncing-densely)] at node: tools
[Fallback Handling (12 properties) (convergent-proposer-syncing-densely)] at node: tool_result; tool calls: [get_file, get_file]
[Fallback Handling (12 properties) (convergent-proposer-syncing-densely)] at node: tools
[Fallback Handling (12 properties) (convergent-proposer-syncing-densely)] at node: tool_result; tool calls: [get_file]
[Fallback Handling (12 properties) (convergent-proposer-syncing-densely)] at node: tools
[Fallback Handling (12 properties) (convergent-proposer-syncing-densely)] at node: tool_result; tool calls: [get_file, get_file]
[Fallback Handling (12 properties) (convergent-proposer-syncing-densely)] at node: tools
[Setup and Initialization (21 properties) (violet-bloom-verifying-offchain)]: rule analysis complete -> property1_threshold_within_bounds for constructor
[Fallback Handling (12 properties) (convergent-proposer-syncing-densely)] at node: tool_result; tool calls: [get_file, get_file]
[Fallback Handling (12 properties) (convergent-proposer-syncing-densely)] at node: tools
[Fallback Handling (12 properties) (convergent-proposer-syncing-densely)] at node: tool_result; tool calls: [get_file]
[Fallback Handling (12 properties) (convergent-proposer-syncing-densely)] at node: tools
[Setup and Initialization (21 properties) (violet-bloom-verifying-offchain)]: rule analysis complete -> property1_threshold_within_bounds for addOwnerWithThreshold(address,uint256)
[Setup and Initialization (21 properties) (violet-bloom-verifying-offchain)] at node: tools
[Transaction Execution (17 properties) (convergent-ring-proving-lazily)] at node: tool_result; tool calls: [put_cvl_raw]
[Transaction Execution (17 properties) (convergent-ring-proving-lazily)] at node: tools
[Transaction Execution (17 properties) (convergent-ring-proving-lazily)] at node: tool_result; tool calls: [verify_spec]
[Transaction Execution (17 properties) (convergent-ring-proving-lazily)]: prover start
[Transaction Execution (17 properties) (convergent-ring-proving-lazily)] at node: tools
[Setup and Initialization (21 properties) (violet-bloom-verifying-offchain)] at node: tool_result; tool calls: [put_cvl_raw]
[Setup and Initialization (21 properties) (violet-bloom-verifying-offchain)] at node: tools
[Setup and Initialization (21 properties) (violet-bloom-verifying-offchain)] at node: tool_result; tool calls: [feedback_tool]
[Setup and Initialization (21 properties) (violet-bloom-verifying-offchain) / Property feedback judge] start  (via tool: toolu_01Mcha4i4Fgwkh3J4kWEYgPm)
[Setup and Initialization (21 properties) (violet-bloom-verifying-offchain) / Property feedback judge] at node: initial; tool calls: [memory]
[Setup and Initialization (21 properties) (violet-bloom-verifying-offchain) / Property feedback judge] at node: tools
[Transaction Execution (17 properties) (convergent-ring-proving-lazily)] at node: tool_result; tool calls: [cvl_research]
[Transaction Execution (17 properties) (convergent-ring-proving-lazily) / CVL Researcher] start  (via tool: toolu_01Jm2kL91BTABx44TnQeWGQ1)
[Setup and Initialization (21 properties) (violet-bloom-verifying-offchain) / Property feedback judge] at node: tool_result; tool calls: [memory]
[Setup and Initialization (21 properties) (violet-bloom-verifying-offchain) / Property feedback judge] at node: tools
[Module Management (24 properties) (optimal-verifier-wrapping-sharply) / Property feedback judge] at node: tool_result; tool calls: [memory]
[Module Management (24 properties) (optimal-verifier-wrapping-sharply) / Property feedback judge] at node: tools
[Transaction Execution (17 properties) (convergent-ring-proving-lazily) / CVL Researcher] at node: initial; tool calls: [write_rough_draft]
[Transaction Execution (17 properties) (convergent-ring-proving-lazily) / CVL Researcher] at node: tools
[Transaction Execution (17 properties) (convergent-ring-proving-lazily) / CVL Researcher] at node: tool_result; tool calls: [read_rough_draft]
[Transaction Execution (17 properties) (convergent-ring-proving-lazily) / CVL Researcher] at node: tools
[Module Management (24 properties) (optimal-verifier-wrapping-sharply) / Property feedback judge] at node: tool_result; tool calls: [write_rough_draft]
[Module Management (24 properties) (optimal-verifier-wrapping-sharply) / Property feedback judge] at node: tools
[Module Management (24 properties) (optimal-verifier-wrapping-sharply) / Property feedback judge] at node: tool_result; tool calls: [read_rough_draft]
[Module Management (24 properties) (optimal-verifier-wrapping-sharply) / Property feedback judge] at node: tools
[Transaction Execution (17 properties) (convergent-ring-proving-lazily) / CVL Researcher] at node: tool_result; tool calls: [result]
[Transaction Execution (17 properties) (convergent-ring-proving-lazily) / CVL Researcher] at node: tools
[Transaction Execution (17 properties) (convergent-ring-proving-lazily) / CVL Researcher] end
[Transaction Execution (17 properties) (convergent-ring-proving-lazily)] at node: tools
[Module Management (24 properties) (optimal-verifier-wrapping-sharply) / Property feedback judge] at node: tool_result; tool calls: [memory]
[Module Management (24 properties) (optimal-verifier-wrapping-sharply) / Property feedback judge] at node: tools
[Module Management (24 properties) (optimal-verifier-wrapping-sharply) / Property feedback judge] at node: tool_result; tool calls: [result]
[Module Management (24 properties) (optimal-verifier-wrapping-sharply) / Property feedback judge] at node: tools
[Module Management (24 properties) (optimal-verifier-wrapping-sharply) / Property feedback judge] end
[Module Management (24 properties) (optimal-verifier-wrapping-sharply)] at node: tools
[Setup and Initialization (21 properties) (violet-bloom-verifying-offchain) / Property feedback judge] at node: tool_result; tool calls: [get_cvl]
[Setup and Initialization (21 properties) (violet-bloom-verifying-offchain) / Property feedback judge] at node: tools
[Transaction Execution (17 properties) (convergent-ring-proving-lazily)] at node: tool_result; tool calls: [put_cvl_raw]
[Transaction Execution (17 properties) (convergent-ring-proving-lazily)] at node: tools
[Setup and Initialization (21 properties) (violet-bloom-verifying-offchain) / Property feedback judge] at node: tool_result; tool calls: [write_rough_draft]
[Setup and Initialization (21 properties) (violet-bloom-verifying-offchain) / Property feedback judge] at node: tools
[Transaction Execution (17 properties) (convergent-ring-proving-lazily)] at node: tool_result; tool calls: [verify_spec]
[Transaction Execution (17 properties) (convergent-ring-proving-lazily)]: prover start
[Setup and Initialization (21 properties) (violet-bloom-verifying-offchain) / Property feedback judge] at node: tool_result; tool calls: [read_rough_draft]
[Setup and Initialization (21 properties) (violet-bloom-verifying-offchain) / Property feedback judge] at node: tools
[Setup and Initialization (21 properties) (violet-bloom-verifying-offchain) / Property feedback judge] at node: tool_result; tool calls: [memory]
[Setup and Initialization (21 properties) (violet-bloom-verifying-offchain) / Property feedback judge] at node: tools
[Setup and Initialization (21 properties) (violet-bloom-verifying-offchain) / Property feedback judge] at node: tool_result; tool calls: [result]
[Setup and Initialization (21 properties) (violet-bloom-verifying-offchain) / Property feedback judge] at node: tools
[Setup and Initialization (21 properties) (violet-bloom-verifying-offchain) / Property feedback judge] end
[Setup and Initialization (21 properties) (violet-bloom-verifying-offchain)] at node: tools
[Transaction Execution (17 properties) (convergent-ring-proving-lazily)] at node: tools
[Setup and Initialization (21 properties) (violet-bloom-verifying-offchain)] at node: tool_result; tool calls: [verify_spec]
[Setup and Initialization (21 properties) (violet-bloom-verifying-offchain)]: prover start
[Module Management (24 properties) (optimal-verifier-wrapping-sharply)] at node: tool_result; tool calls: [put_cvl_raw]
[Module Management (24 properties) (optimal-verifier-wrapping-sharply)] at node: tools
[Module Management (24 properties) (optimal-verifier-wrapping-sharply)] at node: tool_result; tool calls: [record_skip]
[Module Management (24 properties) (optimal-verifier-wrapping-sharply)] at node: tools
[Module Management (24 properties) (optimal-verifier-wrapping-sharply)] at node: tool_result; tool calls: [record_skip]
[Module Management (24 properties) (optimal-verifier-wrapping-sharply)] at node: tools
[Module Management (24 properties) (optimal-verifier-wrapping-sharply)] at node: tool_result; tool calls: [record_skip]
[Module Management (24 properties) (optimal-verifier-wrapping-sharply)] at node: tools
[Module Management (24 properties) (optimal-verifier-wrapping-sharply)] at node: tool_result; tool calls: [record_skip]
[Module Management (24 properties) (optimal-verifier-wrapping-sharply)] at node: tools
[Module Management (24 properties) (optimal-verifier-wrapping-sharply)] at node: tool_result; tool calls: [feedback_tool]
[Module Management (24 properties) (optimal-verifier-wrapping-sharply) / Property feedback judge] start  (via tool: toolu_01HJ4xef54DHDEoHiMiciHjY)
[Module Management (24 properties) (optimal-verifier-wrapping-sharply) / Property feedback judge] at node: initial; tool calls: [memory]
[Module Management (24 properties) (optimal-verifier-wrapping-sharply) / Property feedback judge] at node: tools
[Module Management (24 properties) (optimal-verifier-wrapping-sharply) / Property feedback judge] at node: tool_result; tool calls: [memory]
[Module Management (24 properties) (optimal-verifier-wrapping-sharply) / Property feedback judge] at node: tools
[Module Management (24 properties) (optimal-verifier-wrapping-sharply) / Property feedback judge] at node: tool_result; tool calls: [get_cvl]
[Module Management (24 properties) (optimal-verifier-wrapping-sharply) / Property feedback judge] at node: tools
[Setup and Initialization (21 properties) (violet-bloom-verifying-offchain)]; prover complete
[Setup and Initialization (21 properties) (violet-bloom-verifying-offchain)] at node: tools
[Module Management (24 properties) (optimal-verifier-wrapping-sharply) / Property feedback judge] at node: tool_result; tool calls: [write_rough_draft]
[Module Management (24 properties) (optimal-verifier-wrapping-sharply) / Property feedback judge] at node: tools
[Module Management (24 properties) (optimal-verifier-wrapping-sharply) / Property feedback judge] at node: tool_result; tool calls: [read_rough_draft]
[Module Management (24 properties) (optimal-verifier-wrapping-sharply) / Property feedback judge] at node: tools
[Module Management (24 properties) (optimal-verifier-wrapping-sharply) / Property feedback judge] at node: tool_result; tool calls: [memory]
[Module Management (24 properties) (optimal-verifier-wrapping-sharply) / Property feedback judge] at node: tools
[Module Management (24 properties) (optimal-verifier-wrapping-sharply) / Property feedback judge] at node: tool_result; tool calls: [memory]
[Module Management (24 properties) (optimal-verifier-wrapping-sharply) / Property feedback judge] at node: tools
[Setup and Initialization (21 properties) (violet-bloom-verifying-offchain)] at node: summarize
[Setup and Initialization (21 properties) (violet-bloom-verifying-offchain)] at node: tool_result; tool calls: [memory]
[Setup and Initialization (21 properties) (violet-bloom-verifying-offchain)] at node: tools
[Setup and Initialization (21 properties) (violet-bloom-verifying-offchain)] at node: tool_result; tool calls: [memory]
[Setup and Initialization (21 properties) (violet-bloom-verifying-offchain)] at node: tools
[Setup and Initialization (21 properties) (violet-bloom-verifying-offchain)] at node: tool_result; tool calls: [get_cvl]
[Setup and Initialization (21 properties) (violet-bloom-verifying-offchain)] at node: tools
[Module Management (24 properties) (optimal-verifier-wrapping-sharply) / Property feedback judge] at node: tool_result; tool calls: [result]
[Module Management (24 properties) (optimal-verifier-wrapping-sharply) / Property feedback judge] at node: tools
[Module Management (24 properties) (optimal-verifier-wrapping-sharply) / Property feedback judge] end
[Module Management (24 properties) (optimal-verifier-wrapping-sharply)] at node: tools
[Setup and Initialization (21 properties) (violet-bloom-verifying-offchain)] at node: tool_result; tool calls: [verify_spec]
[Setup and Initialization (21 properties) (violet-bloom-verifying-offchain)]: prover start
[Transaction Execution (17 properties) (convergent-ring-proving-lazily)] at node: tool_result; tool calls: [put_cvl_raw]
[Transaction Execution (17 properties) (convergent-ring-proving-lazily)] at node: tools
[Transaction Execution (17 properties) (convergent-ring-proving-lazily)] at node: tool_result; tool calls: [verify_spec]
[Transaction Execution (17 properties) (convergent-ring-proving-lazily)]: prover start
[Module Management (24 properties) (optimal-verifier-wrapping-sharply)] at node: tool_result; tool calls: [put_cvl_raw]
[Module Management (24 properties) (optimal-verifier-wrapping-sharply)] at node: tools
[Module Management (24 properties) (optimal-verifier-wrapping-sharply)] at node: tool_result; tool calls: [feedback_tool]
[Module Management (24 properties) (optimal-verifier-wrapping-sharply) / Property feedback judge] start  (via tool: toolu_015VLGB6A4EgMKS3LT4jNy5V)
[Module Management (24 properties) (optimal-verifier-wrapping-sharply) / Property feedback judge] at node: initial; tool calls: [memory]
[Module Management (24 properties) (optimal-verifier-wrapping-sharply) / Property feedback judge] at node: tools
[Module Management (24 properties) (optimal-verifier-wrapping-sharply) / Property feedback judge] at node: tool_result; tool calls: [memory]
[Module Management (24 properties) (optimal-verifier-wrapping-sharply) / Property feedback judge] at node: tools
[Setup and Initialization (21 properties) (violet-bloom-verifying-offchain)]; prover complete
[Setup and Initialization (21 properties) (violet-bloom-verifying-offchain)] at node: tools
[Setup and Initialization (21 properties) (violet-bloom-verifying-offchain)] at node: tool_result; tool calls: [feedback_tool]
[Setup and Initialization (21 properties) (violet-bloom-verifying-offchain) / Property feedback judge] start  (via tool: toolu_01SCStX3Syom4VaGvebZn5Bt)
[Setup and Initialization (21 properties) (violet-bloom-verifying-offchain) / Property feedback judge] at node: initial; tool calls: [memory]
[Setup and Initialization (21 properties) (violet-bloom-verifying-offchain) / Property feedback judge] at node: tools
[Setup and Initialization (21 properties) (violet-bloom-verifying-offchain) / Property feedback judge] at node: tool_result; tool calls: [memory]
[Setup and Initialization (21 properties) (violet-bloom-verifying-offchain) / Property feedback judge] at node: tools
[Transaction Execution (17 properties) (convergent-ring-proving-lazily)]; prover complete
[Transaction Execution (17 properties) (convergent-ring-proving-lazily)]: rule analysis start -> prop2a_thresholdMustBePositiveForExecTx
[Fallback Handling (12 properties) (convergent-proposer-syncing-densely)] at node: tool_result; tool calls: [get_file]
[Fallback Handling (12 properties) (convergent-proposer-syncing-densely)] at node: tools
[Module Management (24 properties) (optimal-verifier-wrapping-sharply) / Property feedback judge] at node: tool_result; tool calls: [get_cvl, memory]
[Module Management (24 properties) (optimal-verifier-wrapping-sharply) / Property feedback judge] at node: tools
[Fallback Handling (12 properties) (convergent-proposer-syncing-densely)] at node: tool_result; tool calls: [get_file, get_file]
[Fallback Handling (12 properties) (convergent-proposer-syncing-densely)] at node: tools
[Module Management (24 properties) (optimal-verifier-wrapping-sharply) / Property feedback judge] at node: tool_result; tool calls: [code_explorer, cvl_research]
[Module Management (24 properties) (optimal-verifier-wrapping-sharply) / Property feedback judge / Code Explorer: In the Safe contract's setModuleGuard function, what is the exact order of checks? Specifically, is the authorized()/requireSelfCall() check (GS031) performed before or after the supportsInterface check (GS301)?] start  (via tool: toolu_01QcwXFvvhYHW4SKkEQM2qKN)
[Module Management (24 properties) (optimal-verifier-wrapping-sharply) / Property feedback judge / CVL Researcher] start  (via tool: toolu_011QTvZpRSwsHomkNt3ZCdDy)
[Module Management (24 properties) (optimal-verifier-wrapping-sharply) / Property feedback judge / Code Explorer: In the Safe contract's setModuleGuard function, what is the exact order of checks? Specifically, is the authorized()/requireSelfCall() check (GS031) performed before or after the supportsInterface check (GS301)?] at node: initial; tool calls: [grep_files]
[Module Management (24 properties) (optimal-verifier-wrapping-sharply) / Property feedback judge / Code Explorer: In the Safe contract's setModuleGuard function, what is the exact order of checks? Specifically, is the authorized()/requireSelfCall() check (GS031) performed before or after the supportsInterface check (GS301)?] at node: tools
[Module Management (24 properties) (optimal-verifier-wrapping-sharply) / Property feedback judge / Code Explorer: In the Safe contract's setModuleGuard function, what is the exact order of checks? Specifically, is the authorized()/requireSelfCall() check (GS031) performed before or after the supportsInterface check (GS301)?] at node: tool_result; tool calls: [get_file]
[Module Management (24 properties) (optimal-verifier-wrapping-sharply) / Property feedback judge / Code Explorer: In the Safe contract's setModuleGuard function, what is the exact order of checks? Specifically, is the authorized()/requireSelfCall() check (GS031) performed before or after the supportsInterface check (GS301)?] at node: tools
[Module Management (24 properties) (optimal-verifier-wrapping-sharply) / Property feedback judge / CVL Researcher] at node: initial; tool calls: [cvl_manual_search, cvl_manual_search]
[Module Management (24 properties) (optimal-verifier-wrapping-sharply) / Property feedback judge / CVL Researcher] at node: tools
[Module Management (24 properties) (optimal-verifier-wrapping-sharply) / Property feedback judge / CVL Researcher] at node: tool_result; tool calls: [cvl_keyword_search, cvl_keyword_search]
[Module Management (24 properties) (optimal-verifier-wrapping-sharply) / Property feedback judge / CVL Researcher] at node: tools
[Module Management (24 properties) (optimal-verifier-wrapping-sharply) / Property feedback judge / Code Explorer: In the Safe contract's setModuleGuard function, what is the exact order of checks? Specifically, is the authorized()/requireSelfCall() check (GS031) performed before or after the supportsInterface check (GS301)?] at node: tool_result; tool calls: [result]
[Module Management (24 properties) (optimal-verifier-wrapping-sharply) / Property feedback judge / Code Explorer: In the Safe contract's setModuleGuard function, what is the exact order of checks? Specifically, is the authorized()/requireSelfCall() check (GS031) performed before or after the supportsInterface check (GS301)?] at node: tools
[Module Management (24 properties) (optimal-verifier-wrapping-sharply) / Property feedback judge / Code Explorer: In the Safe contract's setModuleGuard function, what is the exact order of checks? Specifically, is the authorized()/requireSelfCall() check (GS031) performed before or after the supportsInterface check (GS301)?] end
[Module Management (24 properties) (optimal-verifier-wrapping-sharply) / Property feedback judge / CVL Researcher] at node: tool_result; tool calls: [get_cvl_manual_section]
[Module Management (24 properties) (optimal-verifier-wrapping-sharply) / Property feedback judge / CVL Researcher] at node: tools
[Module Management (24 properties) (optimal-verifier-wrapping-sharply) / Property feedback judge / CVL Researcher] at node: tool_result; tool calls: [write_rough_draft]
[Module Management (24 properties) (optimal-verifier-wrapping-sharply) / Property feedback judge / CVL Researcher] at node: tools
[Module Management (24 properties) (optimal-verifier-wrapping-sharply) / Property feedback judge / CVL Researcher] at node: tool_result; tool calls: [read_rough_draft]
[Module Management (24 properties) (optimal-verifier-wrapping-sharply) / Property feedback judge / CVL Researcher] at node: tools
[Setup and Initialization (21 properties) (violet-bloom-verifying-offchain) / Property feedback judge] at node: tool_result; tool calls: [get_cvl]
[Setup and Initialization (21 properties) (violet-bloom-verifying-offchain) / Property feedback judge] at node: tools
[Module Management (24 properties) (optimal-verifier-wrapping-sharply) / Property feedback judge / CVL Researcher] at node: tool_result; tool calls: [result]
[Module Management (24 properties) (optimal-verifier-wrapping-sharply) / Property feedback judge / CVL Researcher] at node: tools
[Module Management (24 properties) (optimal-verifier-wrapping-sharply) / Property feedback judge / CVL Researcher] end
[Module Management (24 properties) (optimal-verifier-wrapping-sharply) / Property feedback judge] at node: tools
[Setup and Initialization (21 properties) (violet-bloom-verifying-offchain) / Property feedback judge] at node: tool_result; tool calls: [write_rough_draft]
[Setup and Initialization (21 properties) (violet-bloom-verifying-offchain) / Property feedback judge] at node: tools
[Setup and Initialization (21 properties) (violet-bloom-verifying-offchain) / Property feedback judge] at node: tool_result; tool calls: [read_rough_draft]
[Setup and Initialization (21 properties) (violet-bloom-verifying-offchain) / Property feedback judge] at node: tools
[Setup and Initialization (21 properties) (violet-bloom-verifying-offchain) / Property feedback judge] at node: tool_result; tool calls: [memory]
[Setup and Initialization (21 properties) (violet-bloom-verifying-offchain) / Property feedback judge] at node: tools
[Setup and Initialization (21 properties) (violet-bloom-verifying-offchain) / Property feedback judge] at node: tool_result; tool calls: [result]
[Setup and Initialization (21 properties) (violet-bloom-verifying-offchain) / Property feedback judge] at node: tools
[Setup and Initialization (21 properties) (violet-bloom-verifying-offchain) / Property feedback judge] end
[Setup and Initialization (21 properties) (violet-bloom-verifying-offchain)] at node: tools
[Transaction Execution (17 properties) (convergent-ring-proving-lazily)]: rule analysis complete -> prop2a_thresholdMustBePositiveForExecTx
[Transaction Execution (17 properties) (convergent-ring-proving-lazily)] at node: tools
[Setup and Initialization (21 properties) (violet-bloom-verifying-offchain)] at node: tool_result; tool calls: [memory]
[Setup and Initialization (21 properties) (violet-bloom-verifying-offchain)] at node: tools
[Setup and Initialization (21 properties) (violet-bloom-verifying-offchain)] at node: tool_result; tool calls: [result]
[Setup and Initialization (21 properties) (violet-bloom-verifying-offchain)] at node: tools
[Setup and Initialization (21 properties) (violet-bloom-verifying-offchain)] end
[Setup and Initialization (21 properties)] ✓ done

────────────────────────────────────────────────────────────
Phase: Storage Accessibility (10 properties)
────────────────────────────────────────────────────────────
[Storage Accessibility (10 properties) (recursive-widening-seeking-fairly)] start
[Module Management (24 properties) (optimal-verifier-wrapping-sharply) / Property feedback judge] at node: tool_result; tool calls: [write_rough_draft]
[Module Management (24 properties) (optimal-verifier-wrapping-sharply) / Property feedback judge] at node: tools
[Storage Accessibility (10 properties) (recursive-widening-seeking-fairly)] at node: initial; tool calls: [memory]
[Storage Accessibility (10 properties) (recursive-widening-seeking-fairly)] at node: tools
[Module Management (24 properties) (optimal-verifier-wrapping-sharply) / Property feedback judge] at node: tool_result; tool calls: [read_rough_draft]
[Module Management (24 properties) (optimal-verifier-wrapping-sharply) / Property feedback judge] at node: tools
[Storage Accessibility (10 properties) (recursive-widening-seeking-fairly)] at node: tool_result; tool calls: [list_files]
[Module Management (24 properties) (optimal-verifier-wrapping-sharply) / Property feedback judge] at node: tool_result; tool calls: [memory]
[Module Management (24 properties) (optimal-verifier-wrapping-sharply) / Property feedback judge] at node: tools
[Storage Accessibility (10 properties) (recursive-widening-seeking-fairly)] at node: tools
[Storage Accessibility (10 properties) (recursive-widening-seeking-fairly)] at node: tool_result; tool calls: [get_file, get_file]
[Storage Accessibility (10 properties) (recursive-widening-seeking-fairly)] at node: tools
[Module Management (24 properties) (optimal-verifier-wrapping-sharply) / Property feedback judge] at node: tool_result; tool calls: [memory]
[Module Management (24 properties) (optimal-verifier-wrapping-sharply) / Property feedback judge] at node: tools
[Storage Accessibility (10 properties) (recursive-widening-seeking-fairly)] at node: tool_result; tool calls: [get_file, get_file]
[Storage Accessibility (10 properties) (recursive-widening-seeking-fairly)] at node: tools
[Module Management (24 properties) (optimal-verifier-wrapping-sharply) / Property feedback judge] at node: tool_result; tool calls: [result]
[Module Management (24 properties) (optimal-verifier-wrapping-sharply) / Property feedback judge] at node: tools
[Module Management (24 properties) (optimal-verifier-wrapping-sharply) / Property feedback judge] end
[Module Management (24 properties) (optimal-verifier-wrapping-sharply)] at node: tools
[Storage Accessibility (10 properties) (recursive-widening-seeking-fairly)] at node: tool_result; tool calls: [get_file, get_file]
[Storage Accessibility (10 properties) (recursive-widening-seeking-fairly)] at node: tools
[Module Management (24 properties) (optimal-verifier-wrapping-sharply)] at node: tool_result; tool calls: [memory]
[Module Management (24 properties) (optimal-verifier-wrapping-sharply)] at node: tools
[Module Management (24 properties) (optimal-verifier-wrapping-sharply)] at node: tool_result; tool calls: [verify_spec]
[Module Management (24 properties) (optimal-verifier-wrapping-sharply)]: prover start
[Fallback Handling (12 properties) (convergent-proposer-syncing-densely)] at node: tool_result; tool calls: [memory]
[Fallback Handling (12 properties) (convergent-proposer-syncing-densely)] at node: tools
[Transaction Execution (17 properties) (convergent-ring-proving-lazily)] at node: tool_result; tool calls: [get_file]
[Transaction Execution (17 properties) (convergent-ring-proving-lazily)] at node: tools
[Module Management (24 properties) (optimal-verifier-wrapping-sharply)] at node: tools
[Transaction Execution (17 properties) (convergent-ring-proving-lazily)] at node: tool_result; tool calls: [grep_files]
[Fallback Handling (12 properties) (convergent-proposer-syncing-densely)] at node: tool_result; tool calls: [cvl_research]
[Fallback Handling (12 properties) (convergent-proposer-syncing-densely) / CVL Researcher] start  (via tool: toolu_015MzutoPk3t33zibpj9kvAL)
[Transaction Execution (17 properties) (convergent-ring-proving-lazily)] at node: tools
[Transaction Execution (17 properties) (convergent-ring-proving-lazily)] at node: tool_result; tool calls: [get_file]
[Transaction Execution (17 properties) (convergent-ring-proving-lazily)] at node: tools
[Fallback Handling (12 properties) (convergent-proposer-syncing-densely) / CVL Researcher] at node: initial; tool calls: [cvl_manual_search, cvl_keyword_search]
[Fallback Handling (12 properties) (convergent-proposer-syncing-densely) / CVL Researcher] at node: tools
[Fallback Handling (12 properties) (convergent-proposer-syncing-densely) / CVL Researcher] at node: tool_result; tool calls: [get_cvl_manual_section, cvl_manual_search]
[Fallback Handling (12 properties) (convergent-proposer-syncing-densely) / CVL Researcher] at node: tools
[Fallback Handling (12 properties) (convergent-proposer-syncing-densely) / CVL Researcher] at node: tool_result; tool calls: [write_rough_draft]
[Fallback Handling (12 properties) (convergent-proposer-syncing-densely) / CVL Researcher] at node: tools
[Fallback Handling (12 properties) (convergent-proposer-syncing-densely) / CVL Researcher] at node: tool_result; tool calls: [read_rough_draft]
[Fallback Handling (12 properties) (convergent-proposer-syncing-densely) / CVL Researcher] at node: tools
[Fallback Handling (12 properties) (convergent-proposer-syncing-densely) / CVL Researcher] at node: tool_result; tool calls: [result]
[Fallback Handling (12 properties) (convergent-proposer-syncing-densely) / CVL Researcher] at node: tools
[Fallback Handling (12 properties) (convergent-proposer-syncing-densely) / CVL Researcher] end
[Fallback Handling (12 properties) (convergent-proposer-syncing-densely)] at node: tools
[Storage Accessibility (10 properties) (recursive-widening-seeking-fairly)] at node: tool_result; tool calls: [get_file, get_file]
[Storage Accessibility (10 properties) (recursive-widening-seeking-fairly)] at node: tools
[Transaction Execution (17 properties) (convergent-ring-proving-lazily)] at node: tool_result; tool calls: [put_cvl_raw]
[Transaction Execution (17 properties) (convergent-ring-proving-lazily)] at node: tools
[Transaction Execution (17 properties) (convergent-ring-proving-lazily)] at node: tool_result; tool calls: [verify_spec]
[Transaction Execution (17 properties) (convergent-ring-proving-lazily)]: prover start
[Transaction Execution (17 properties) (convergent-ring-proving-lazily)] at node: tools
[Storage Accessibility (10 properties) (recursive-widening-seeking-fairly)] at node: tool_result; tool calls: [get_file, cvl_research]
[Storage Accessibility (10 properties) (recursive-widening-seeking-fairly) / CVL Researcher] start  (via tool: toolu_01ArQkdTPmtAmZtmZkdH5pk8)
[Storage Accessibility (10 properties) (recursive-widening-seeking-fairly) / CVL Researcher] at node: initial; tool calls: [cvl_manual_search, cvl_keyword_search]
[Storage Accessibility (10 properties) (recursive-widening-seeking-fairly) / CVL Researcher] at node: tools
[Storage Accessibility (10 properties) (recursive-widening-seeking-fairly) / CVL Researcher] at node: tool_result; tool calls: [get_cvl_manual_section, cvl_manual_search]
[Storage Accessibility (10 properties) (recursive-widening-seeking-fairly) / CVL Researcher] at node: tools
[Storage Accessibility (10 properties) (recursive-widening-seeking-fairly) / CVL Researcher] at node: tool_result; tool calls: [get_cvl_manual_section, cvl_manual_search]
[Storage Accessibility (10 properties) (recursive-widening-seeking-fairly) / CVL Researcher] at node: tools
[Storage Accessibility (10 properties) (recursive-widening-seeking-fairly) / CVL Researcher] at node: tool_result; tool calls: [get_cvl_manual_section, cvl_manual_search]
[Storage Accessibility (10 properties) (recursive-widening-seeking-fairly) / CVL Researcher] at node: tools
[Storage Accessibility (10 properties) (recursive-widening-seeking-fairly) / CVL Researcher] at node: tool_result; tool calls: [cvl_keyword_search, scan_knowledge_base]
[Storage Accessibility (10 properties) (recursive-widening-seeking-fairly) / CVL Researcher] at node: tools
[Storage Accessibility (10 properties) (recursive-widening-seeking-fairly) / CVL Researcher] at node: tool_result; tool calls: [cvl_manual_search, cvl_keyword_search]
[Storage Accessibility (10 properties) (recursive-widening-seeking-fairly) / CVL Researcher] at node: tools
[Storage Accessibility (10 properties) (recursive-widening-seeking-fairly) / CVL Researcher] at node: tool_result; tool calls: [get_cvl_manual_section, cvl_manual_search]
[Storage Accessibility (10 properties) (recursive-widening-seeking-fairly) / CVL Researcher] at node: tools
[Transaction Execution (17 properties) (convergent-ring-proving-lazily)] at node: summarize
[Transaction Execution (17 properties) (convergent-ring-proving-lazily)] at node: tool_result; tool calls: [memory]
[Transaction Execution (17 properties) (convergent-ring-proving-lazily)] at node: tools
[Transaction Execution (17 properties) (convergent-ring-proving-lazily)] at node: tool_result; tool calls: [memory, get_cvl]
[Transaction Execution (17 properties) (convergent-ring-proving-lazily)] at node: tools
[Storage Accessibility (10 properties) (recursive-widening-seeking-fairly) / CVL Researcher] at node: tool_result; tool calls: [cvl_keyword_search, cvl_manual_search]
[Storage Accessibility (10 properties) (recursive-widening-seeking-fairly) / CVL Researcher] at node: tools
[Storage Accessibility (10 properties) (recursive-widening-seeking-fairly) / CVL Researcher] at node: tool_result; tool calls: [cvl_manual_search, scan_knowledge_base]
[Storage Accessibility (10 properties) (recursive-widening-seeking-fairly) / CVL Researcher] at node: tools
[Transaction Execution (17 properties) (convergent-ring-proving-lazily)] at node: tool_result; tool calls: [get_file, get_file]
[Transaction Execution (17 properties) (convergent-ring-proving-lazily)] at node: tools
[Transaction Execution (17 properties) (convergent-ring-proving-lazily)] at node: tool_result; tool calls: [list_files]
[Transaction Execution (17 properties) (convergent-ring-proving-lazily)] at node: tools
[Transaction Execution (17 properties) (convergent-ring-proving-lazily)] at node: tool_result; tool calls: [get_file, get_file]
[Transaction Execution (17 properties) (convergent-ring-proving-lazily)] at node: tools
[Transaction Execution (17 properties) (convergent-ring-proving-lazily)] at node: tool_result; tool calls: [grep_files]
[Transaction Execution (17 properties) (convergent-ring-proving-lazily)] at node: tools
[Transaction Execution (17 properties) (convergent-ring-proving-lazily)] at node: tool_result; tool calls: [get_file]
[Transaction Execution (17 properties) (convergent-ring-proving-lazily)] at node: tools
[Storage Accessibility (10 properties) (recursive-widening-seeking-fairly) / CVL Researcher] at node: tool_result; tool calls: [write_rough_draft]
[Storage Accessibility (10 properties) (recursive-widening-seeking-fairly) / CVL Researcher] at node: tools
[Storage Accessibility (10 properties) (recursive-widening-seeking-fairly) / CVL Researcher] at node: tool_result; tool calls: [read_rough_draft]
[Storage Accessibility (10 properties) (recursive-widening-seeking-fairly) / CVL Researcher] at node: tools
[Transaction Execution (17 properties) (convergent-ring-proving-lazily)] at node: tool_result; tool calls: [get_file, get_file]
[Transaction Execution (17 properties) (convergent-ring-proving-lazily)] at node: tools
[Transaction Execution (17 properties) (convergent-ring-proving-lazily)] at node: tool_result; tool calls: [grep_files, get_file]
[Storage Accessibility (10 properties) (recursive-widening-seeking-fairly) / CVL Researcher] at node: tool_result; tool calls: [result]
[Storage Accessibility (10 properties) (recursive-widening-seeking-fairly) / CVL Researcher] at node: tools
[Storage Accessibility (10 properties) (recursive-widening-seeking-fairly) / CVL Researcher] end
[Module Management (24 properties) (optimal-verifier-wrapping-sharply)] at node: tool_result; tool calls: [record_skip]
[Module Management (24 properties) (optimal-verifier-wrapping-sharply)] at node: tools
[Transaction Execution (17 properties) (convergent-ring-proving-lazily)] at node: tools
[Transaction Execution (17 properties) (convergent-ring-proving-lazily)] at node: tool_result; tool calls: [grep_files]
[Storage Accessibility (10 properties) (recursive-widening-seeking-fairly)] at node: tools
[Module Management (24 properties) (optimal-verifier-wrapping-sharply)] at node: tool_result; tool calls: [record_skip]
[Module Management (24 properties) (optimal-verifier-wrapping-sharply)] at node: tools
[Transaction Execution (17 properties) (convergent-ring-proving-lazily)] at node: tools
[Transaction Execution (17 properties) (convergent-ring-proving-lazily)] at node: tool_result; tool calls: [get_file]
[Transaction Execution (17 properties) (convergent-ring-proving-lazily)] at node: tools
[Transaction Execution (17 properties) (convergent-ring-proving-lazily)] at node: tool_result; tool calls: [grep_files]
[Storage Accessibility (10 properties) (recursive-widening-seeking-fairly)] at node: tool_result; tool calls: [cvl_research, get_file]
[Storage Accessibility (10 properties) (recursive-widening-seeking-fairly) / CVL Researcher] start  (via tool: toolu_011AuSgKEug5FjcyJiEXz7nM)
[Transaction Execution (17 properties) (convergent-ring-proving-lazily)] at node: tools
[Transaction Execution (17 properties) (convergent-ring-proving-lazily)] at node: tool_result; tool calls: [get_file]
[Transaction Execution (17 properties) (convergent-ring-proving-lazily)] at node: tools
[Transaction Execution (17 properties) (convergent-ring-proving-lazily)] at node: tool_result; tool calls: [get_file]
[Transaction Execution (17 properties) (convergent-ring-proving-lazily)] at node: tools
[Storage Accessibility (10 properties) (recursive-widening-seeking-fairly) / CVL Researcher] at node: initial; tool calls: [write_rough_draft]
[Storage Accessibility (10 properties) (recursive-widening-seeking-fairly) / CVL Researcher] at node: tools
[Storage Accessibility (10 properties) (recursive-widening-seeking-fairly) / CVL Researcher] at node: tool_result; tool calls: [read_rough_draft]
[Storage Accessibility (10 properties) (recursive-widening-seeking-fairly) / CVL Researcher] at node: tools
[Fallback Handling (12 properties) (convergent-proposer-syncing-densely)] at node: tool_result; tool calls: [put_cvl_raw]
[Fallback Handling (12 properties) (convergent-proposer-syncing-densely)] at node: tools
[Transaction Execution (17 properties) (convergent-ring-proving-lazily)] at node: tool_result; tool calls: [grep_files, get_file]
[Transaction Execution (17 properties) (convergent-ring-proving-lazily)] at node: tools
[Fallback Handling (12 properties) (convergent-proposer-syncing-densely)] at node: tool_result; tool calls: [expect_rule_failure, expect_rule_failure, expect_rule_failure]
[Fallback Handling (12 properties) (convergent-proposer-syncing-densely)] at node: tool_result; tool calls: [feedback_tool]
[Fallback Handling (12 properties) (convergent-proposer-syncing-densely) / Property feedback judge] start  (via tool: toolu_017jrHHR6r4jCqRKqJUv18Xp)
[Fallback Handling (12 properties) (convergent-proposer-syncing-densely) / Property feedback judge] at node: initial; tool calls: [memory]
[Fallback Handling (12 properties) (convergent-proposer-syncing-densely) / Property feedback judge] at node: tools
[Storage Accessibility (10 properties) (recursive-widening-seeking-fairly) / CVL Researcher] at node: tool_result; tool calls: [result]
[Storage Accessibility (10 properties) (recursive-widening-seeking-fairly) / CVL Researcher] at node: tools
[Storage Accessibility (10 properties) (recursive-widening-seeking-fairly) / CVL Researcher] end
[Fallback Handling (12 properties) (convergent-proposer-syncing-densely) / Property feedback judge] at node: tool_result; tool calls: [get_cvl, list_files]
[Module Management (24 properties) (optimal-verifier-wrapping-sharply)] at node: tool_result; tool calls: [put_cvl_raw]
[Fallback Handling (12 properties) (convergent-proposer-syncing-densely) / Property feedback judge] at node: tools
[Module Management (24 properties) (optimal-verifier-wrapping-sharply)] at node: tools
[Transaction Execution (17 properties) (convergent-ring-proving-lazily)] at node: tool_result; tool calls: [get_file, get_file]
[Transaction Execution (17 properties) (convergent-ring-proving-lazily)] at node: tools
[Storage Accessibility (10 properties) (recursive-widening-seeking-fairly)] at node: tools
[Module Management (24 properties) (optimal-verifier-wrapping-sharply)] at node: tool_result; tool calls: [verify_spec]
[Module Management (24 properties) (optimal-verifier-wrapping-sharply)]: prover start
[Fallback Handling (12 properties) (convergent-proposer-syncing-densely) / Property feedback judge] at node: tool_result; tool calls: [get_file, get_file]
[Fallback Handling (12 properties) (convergent-proposer-syncing-densely) / Property feedback judge] at node: tools
[Fallback Handling (12 properties) (convergent-proposer-syncing-densely) / Property feedback judge] at node: tool_result; tool calls: [get_file, get_file]
[Fallback Handling (12 properties) (convergent-proposer-syncing-densely) / Property feedback judge] at node: tools
[Module Management (24 properties) (optimal-verifier-wrapping-sharply)] at node: tools
[Module Management (24 properties) (optimal-verifier-wrapping-sharply)] at node: tool_result; tool calls: [cvl_research]
[Module Management (24 properties) (optimal-verifier-wrapping-sharply) / CVL Researcher] start  (via tool: toolu_016v4YXov3pJqSE3JKgMFXj5)
[Transaction Execution (17 properties) (convergent-ring-proving-lazily)] at node: tool_result; tool calls: [get_file]
[Transaction Execution (17 properties) (convergent-ring-proving-lazily)] at node: tools
[Transaction Execution (17 properties) (convergent-ring-proving-lazily)] at node: tool_result; tool calls: [get_file]
[Transaction Execution (17 properties) (convergent-ring-proving-lazily)] at node: tools
[Storage Accessibility (10 properties) (recursive-widening-seeking-fairly)] at node: tool_result; tool calls: [code_explorer, get_file]
[Storage Accessibility (10 properties) (recursive-widening-seeking-fairly) / Code Explorer: What is the storage layout of Safe contract? Specifically, what storage slots (slot numbers) correspond to nonce, threshold, ownerCount, and other key state variables? I need the actual slot numbers.] start  (via tool: toolu_01Aa1kCQSz5zXmBaXmpZkB5e)
[Module Management (24 properties) (optimal-verifier-wrapping-sharply) / CVL Researcher] at node: initial; tool calls: [cvl_manual_search, cvl_keyword_search]
[Storage Accessibility (10 properties) (recursive-widening-seeking-fairly) / Code Explorer: What is the storage layout of Safe contract? Specifically, what storage slots (slot numbers) correspond to nonce, threshold, ownerCount, and other key state variables? I need the actual slot numbers.] at node: initial; tool calls: [get_file]
[Storage Accessibility (10 properties) (recursive-widening-seeking-fairly) / Code Explorer: What is the storage layout of Safe contract? Specifically, what storage slots (slot numbers) correspond to nonce, threshold, ownerCount, and other key state variables? I need the actual slot numbers.] at node: tools
[Module Management (24 properties) (optimal-verifier-wrapping-sharply) / CVL Researcher] at node: tools
[Module Management (24 properties) (optimal-verifier-wrapping-sharply) / CVL Researcher] at node: tool_result; tool calls: [cvl_manual_search, cvl_keyword_search]
[Module Management (24 properties) (optimal-verifier-wrapping-sharply) / CVL Researcher] at node: tools
[Module Management (24 properties) (optimal-verifier-wrapping-sharply) / CVL Researcher] at node: tool_result; tool calls: [get_cvl_manual_section]
[Module Management (24 properties) (optimal-verifier-wrapping-sharply) / CVL Researcher] at node: tools
[Storage Accessibility (10 properties) (recursive-widening-seeking-fairly) / Code Explorer: What is the storage layout of Safe contract? Specifically, what storage slots (slot numbers) correspond to nonce, threshold, ownerCount, and other key state variables? I need the actual slot numbers.] at node: tool_result; tool calls: [result]
[Storage Accessibility (10 properties) (recursive-widening-seeking-fairly) / Code Explorer: What is the storage layout of Safe contract? Specifically, what storage slots (slot numbers) correspond to nonce, threshold, ownerCount, and other key state variables? I need the actual slot numbers.] at node: tools
[Storage Accessibility (10 properties) (recursive-widening-seeking-fairly) / Code Explorer: What is the storage layout of Safe contract? Specifically, what storage slots (slot numbers) correspond to nonce, threshold, ownerCount, and other key state variables? I need the actual slot numbers.] end
[Storage Accessibility (10 properties) (recursive-widening-seeking-fairly)] at node: tools
[Transaction Execution (17 properties) (convergent-ring-proving-lazily)] at node: tool_result; tool calls: [get_file]
[Transaction Execution (17 properties) (convergent-ring-proving-lazily)] at node: tools
[Transaction Execution (17 properties) (convergent-ring-proving-lazily)] at node: tool_result; tool calls: [get_file]
[Transaction Execution (17 properties) (convergent-ring-proving-lazily)] at node: tools
[Transaction Execution (17 properties) (convergent-ring-proving-lazily)] at node: tool_result; tool calls: [get_file]
[Transaction Execution (17 properties) (convergent-ring-proving-lazily)] at node: tools
[Module Management (24 properties) (optimal-verifier-wrapping-sharply) / CVL Researcher] at node: tool_result; tool calls: [write_rough_draft]
[Module Management (24 properties) (optimal-verifier-wrapping-sharply) / CVL Researcher] at node: tools
[Module Management (24 properties) (optimal-verifier-wrapping-sharply) / CVL Researcher] at node: tool_result; tool calls: [read_rough_draft]
[Module Management (24 properties) (optimal-verifier-wrapping-sharply) / CVL Researcher] at node: tools
[Module Management (24 properties) (optimal-verifier-wrapping-sharply) / CVL Researcher] at node: tool_result; tool calls: [result]
[Module Management (24 properties) (optimal-verifier-wrapping-sharply) / CVL Researcher] at node: tools
[Module Management (24 properties) (optimal-verifier-wrapping-sharply) / CVL Researcher] end
[Module Management (24 properties) (optimal-verifier-wrapping-sharply)] at node: tools
[Module Management (24 properties) (optimal-verifier-wrapping-sharply)] at node: tool_result; tool calls: [get_cvl]
[Module Management (24 properties) (optimal-verifier-wrapping-sharply)] at node: tools
[Module Management (24 properties) (optimal-verifier-wrapping-sharply)] at node: summarize
[Module Management (24 properties) (optimal-verifier-wrapping-sharply)] at node: tool_result; tool calls: [memory]
[Module Management (24 properties) (optimal-verifier-wrapping-sharply)] at node: tools
[Module Management (24 properties) (optimal-verifier-wrapping-sharply)] at node: tool_result; tool calls: [memory, get_cvl]
[Module Management (24 properties) (optimal-verifier-wrapping-sharply)] at node: tools
[Transaction Execution (17 properties) (convergent-ring-proving-lazily)] at node: tool_result; tool calls: [grep_files]
[Transaction Execution (17 properties) (convergent-ring-proving-lazily)] at node: tools
[Transaction Execution (17 properties) (convergent-ring-proving-lazily)] at node: tool_result; tool calls: [get_file]
[Transaction Execution (17 properties) (convergent-ring-proving-lazily)] at node: tools
[Fallback Handling (12 properties) (convergent-proposer-syncing-densely) / Property feedback judge] at node: tool_result; tool calls: [get_file, get_file]
[Fallback Handling (12 properties) (convergent-proposer-syncing-densely) / Property feedback judge] at node: tools
[Module Management (24 properties) (optimal-verifier-wrapping-sharply)] at node: tool_result; tool calls: [put_cvl_raw]
[Module Management (24 properties) (optimal-verifier-wrapping-sharply)] at node: tools
[Module Management (24 properties) (optimal-verifier-wrapping-sharply)] at node: tool_result; tool calls: [record_skip]
[Module Management (24 properties) (optimal-verifier-wrapping-sharply)] at node: tools
[Module Management (24 properties) (optimal-verifier-wrapping-sharply)] at node: tool_result; tool calls: [record_skip]
[Module Management (24 properties) (optimal-verifier-wrapping-sharply)] at node: tools
[Module Management (24 properties) (optimal-verifier-wrapping-sharply)] at node: tool_result; tool calls: [record_skip]
[Module Management (24 properties) (optimal-verifier-wrapping-sharply)] at node: tools
[Module Management (24 properties) (optimal-verifier-wrapping-sharply)] at node: tool_result; tool calls: [record_skip]
[Module Management (24 properties) (optimal-verifier-wrapping-sharply)] at node: tools
[Module Management (24 properties) (optimal-verifier-wrapping-sharply)] at node: tool_result; tool calls: [record_skip]
[Module Management (24 properties) (optimal-verifier-wrapping-sharply)] at node: tools
[Transaction Execution (17 properties) (convergent-ring-proving-lazily)] at node: tool_result; tool calls: [get_file]
[Transaction Execution (17 properties) (convergent-ring-proving-lazily)] at node: tools
[Module Management (24 properties) (optimal-verifier-wrapping-sharply)] at node: tool_result; tool calls: [record_skip]
[Module Management (24 properties) (optimal-verifier-wrapping-sharply)] at node: tools
[Module Management (24 properties) (optimal-verifier-wrapping-sharply)] at node: tool_result; tool calls: [verify_spec]
[Module Management (24 properties) (optimal-verifier-wrapping-sharply)]: prover start
[Transaction Execution (17 properties) (convergent-ring-proving-lazily)] at node: tool_result; tool calls: [put_cvl_raw]
[Transaction Execution (17 properties) (convergent-ring-proving-lazily)] at node: tools
[Fallback Handling (12 properties) (convergent-proposer-syncing-densely) / Property feedback judge] at node: tool_result; tool calls: [get_file, get_file]
[Fallback Handling (12 properties) (convergent-proposer-syncing-densely) / Property feedback judge] at node: tools
[Fallback Handling (12 properties) (convergent-proposer-syncing-densely) / Property feedback judge] at node: tool_result; tool calls: [cvl_manual_search, cvl_keyword_search]
[Fallback Handling (12 properties) (convergent-proposer-syncing-densely) / Property feedback judge] at node: tools
[Transaction Execution (17 properties) (convergent-ring-proving-lazily)] at node: tool_result; tool calls: [record_skip]
[Transaction Execution (17 properties) (convergent-ring-proving-lazily)] at node: tools
[Transaction Execution (17 properties) (convergent-ring-proving-lazily)] at node: tool_result; tool calls: [feedback_tool]
[Transaction Execution (17 properties) (convergent-ring-proving-lazily) / Property feedback judge] start  (via tool: toolu_01CfkVtF4G13oFo5APydgoTY)
[Transaction Execution (17 properties) (convergent-ring-proving-lazily) / Property feedback judge] at node: initial; tool calls: [memory]
[Transaction Execution (17 properties) (convergent-ring-proving-lazily) / Property feedback judge] at node: tools
[Transaction Execution (17 properties) (convergent-ring-proving-lazily) / Property feedback judge] at node: tool_result; tool calls: [memory]
[Transaction Execution (17 properties) (convergent-ring-proving-lazily) / Property feedback judge] at node: tools
[Fallback Handling (12 properties) (convergent-proposer-syncing-densely) / Property feedback judge] at node: tool_result; tool calls: [write_rough_draft]
[Fallback Handling (12 properties) (convergent-proposer-syncing-densely) / Property feedback judge] at node: tools
[Fallback Handling (12 properties) (convergent-proposer-syncing-densely) / Property feedback judge] at node: tool_result; tool calls: [read_rough_draft]
[Fallback Handling (12 properties) (convergent-proposer-syncing-densely) / Property feedback judge] at node: tools
[Storage Accessibility (10 properties) (recursive-widening-seeking-fairly)] at node: tool_result; tool calls: [memory]
[Storage Accessibility (10 properties) (recursive-widening-seeking-fairly)] at node: tools
[Storage Accessibility (10 properties) (recursive-widening-seeking-fairly)] at node: tool_result; tool calls: [get_file, get_file]
[Storage Accessibility (10 properties) (recursive-widening-seeking-fairly)] at node: tools
[Fallback Handling (12 properties) (convergent-proposer-syncing-densely) / Property feedback judge] at node: tool_result; tool calls: [cvl_manual_search]
[Fallback Handling (12 properties) (convergent-proposer-syncing-densely) / Property feedback judge] at node: tools
[Storage Accessibility (10 properties) (recursive-widening-seeking-fairly)] at node: tool_result; tool calls: [put_cvl_raw]
[Storage Accessibility (10 properties) (recursive-widening-seeking-fairly)] at node: tools
[Fallback Handling (12 properties) (convergent-proposer-syncing-densely) / Property feedback judge] at node: tool_result; tool calls: [memory]
[Fallback Handling (12 properties) (convergent-proposer-syncing-densely) / Property feedback judge] at node: tools
[Storage Accessibility (10 properties) (recursive-widening-seeking-fairly)] at node: tool_result; tool calls: [record_skip]
[Storage Accessibility (10 properties) (recursive-widening-seeking-fairly)] at node: tools
[Storage Accessibility (10 properties) (recursive-widening-seeking-fairly)] at node: tool_result; tool calls: [expect_rule_failure]
[Storage Accessibility (10 properties) (recursive-widening-seeking-fairly)] at node: tools
[Storage Accessibility (10 properties) (recursive-widening-seeking-fairly)] at node: tool_result; tool calls: [feedback_tool]
[Storage Accessibility (10 properties) (recursive-widening-seeking-fairly) / Property feedback judge] start  (via tool: toolu_014Pm4V69QE481iUb71oHjvo)
[Storage Accessibility (10 properties) (recursive-widening-seeking-fairly) / Property feedback judge] at node: initial; tool calls: [memory]
[Storage Accessibility (10 properties) (recursive-widening-seeking-fairly) / Property feedback judge] at node: tools
[Storage Accessibility (10 properties) (recursive-widening-seeking-fairly) / Property feedback judge] at node: tool_result; tool calls: [get_cvl, list_files]
[Fallback Handling (12 properties) (convergent-proposer-syncing-densely) / Property feedback judge] at node: tool_result; tool calls: [result]
[Fallback Handling (12 properties) (convergent-proposer-syncing-densely) / Property feedback judge] at node: tools
[Fallback Handling (12 properties) (convergent-proposer-syncing-densely) / Property feedback judge] end
[Fallback Handling (12 properties) (convergent-proposer-syncing-densely)] at node: tools
[Storage Accessibility (10 properties) (recursive-widening-seeking-fairly) / Property feedback judge] at node: tools
[Storage Accessibility (10 properties) (recursive-widening-seeking-fairly) / Property feedback judge] at node: tool_result; tool calls: [get_file, get_file]
[Storage Accessibility (10 properties) (recursive-widening-seeking-fairly) / Property feedback judge] at node: tools
[Storage Accessibility (10 properties) (recursive-widening-seeking-fairly) / Property feedback judge] at node: tool_result; tool calls: [get_file, get_file]
[Storage Accessibility (10 properties) (recursive-widening-seeking-fairly) / Property feedback judge] at node: tools
[Fallback Handling (12 properties) (convergent-proposer-syncing-densely)] at node: tool_result; tool calls: [expect_rule_passage, expect_rule_passage, expect_rule_passage]
[Storage Accessibility (10 properties) (recursive-widening-seeking-fairly) / Property feedback judge] at node: tool_result; tool calls: [get_file, get_file]
[Storage Accessibility (10 properties) (recursive-widening-seeking-fairly) / Property feedback judge] at node: tools
[Fallback Handling (12 properties) (convergent-proposer-syncing-densely)] at node: tool_result; tool calls: [put_cvl_raw]
[Fallback Handling (12 properties) (convergent-proposer-syncing-densely)] at node: tools
[Fallback Handling (12 properties) (convergent-proposer-syncing-densely)] at node: tool_result; tool calls: [feedback_tool]
[Fallback Handling (12 properties) (convergent-proposer-syncing-densely) / Property feedback judge] start  (via tool: toolu_015c6LyRJ44W6og3MmnCSe3A)
[Fallback Handling (12 properties) (convergent-proposer-syncing-densely) / Property feedback judge] at node: initial; tool calls: [memory]
[Fallback Handling (12 properties) (convergent-proposer-syncing-densely) / Property feedback judge] at node: tools
[Fallback Handling (12 properties) (convergent-proposer-syncing-densely) / Property feedback judge] at node: tool_result; tool calls: [memory]
[Fallback Handling (12 properties) (convergent-proposer-syncing-densely) / Property feedback judge] at node: tools
[Storage Accessibility (10 properties) (recursive-widening-seeking-fairly) / Property feedback judge] at node: tool_result; tool calls: [get_file, get_file]
[Storage Accessibility (10 properties) (recursive-widening-seeking-fairly) / Property feedback judge] at node: tools
[Transaction Execution (17 properties) (convergent-ring-proving-lazily) / Property feedback judge] at node: tool_result; tool calls: [memory]
[Transaction Execution (17 properties) (convergent-ring-proving-lazily) / Property feedback judge] at node: tools
[Fallback Handling (12 properties) (convergent-proposer-syncing-densely) / Property feedback judge] at node: tool_result; tool calls: [get_cvl]
[Fallback Handling (12 properties) (convergent-proposer-syncing-densely) / Property feedback judge] at node: tools
[Storage Accessibility (10 properties) (recursive-widening-seeking-fairly) / Property feedback judge] at node: tool_result; tool calls: [cvl_research, cvl_research]
[Storage Accessibility (10 properties) (recursive-widening-seeking-fairly) / Property feedback judge / CVL Researcher] start  (via tool: toolu_01FhgLVy2TutUnbfSaoi1FCf)
[Storage Accessibility (10 properties) (recursive-widening-seeking-fairly) / Property feedback judge / CVL Researcher] start  (via tool: toolu_01RJtMtMXngJaMHrjmxs7tHF)
[Transaction Execution (17 properties) (convergent-ring-proving-lazily) / Property feedback judge] at node: tool_result; tool calls: [get_cvl]
[Transaction Execution (17 properties) (convergent-ring-proving-lazily) / Property feedback judge] at node: tools
[Storage Accessibility (10 properties) (recursive-widening-seeking-fairly) / Property feedback judge / CVL Researcher] at node: initial; tool calls: [cvl_manual_search, cvl_manual_search]
[Storage Accessibility (10 properties) (recursive-widening-seeking-fairly) / Property feedback judge / CVL Researcher] at node: tools
[Storage Accessibility (10 properties) (recursive-widening-seeking-fairly) / Property feedback judge / CVL Researcher] at node: tool_result; tool calls: [get_cvl_manual_section, cvl_manual_search]
[Storage Accessibility (10 properties) (recursive-widening-seeking-fairly) / Property feedback judge / CVL Researcher] at node: tools
[Module Management (24 properties) (optimal-verifier-wrapping-sharply)]; prover complete
[Module Management (24 properties) (optimal-verifier-wrapping-sharply)]: rule analysis start -> all_modules_reachable_p5 for execTransaction(address,uint256,bytes,uint8,uint256,uint256,uint256,address,address,bytes)
[Module Management (24 properties) (optimal-verifier-wrapping-sharply)]: rule analysis start -> disableModule_disables_module_p12
[Module Management (24 properties) (optimal-verifier-wrapping-sharply)]: rule analysis start -> disableModule_isolation_p14
[Module Management (24 properties) (optimal-verifier-wrapping-sharply)]: rule analysis start -> enableModule_enables_module_p11
[Module Management (24 properties) (optimal-verifier-wrapping-sharply)]: rule analysis start -> enableModule_isolation_p13
[Module Management (24 properties) (optimal-verifier-wrapping-sharply)]: rule analysis start -> no_module_self_loop_p4 for constructor
[Module Management (24 properties) (optimal-verifier-wrapping-sharply)]: rule analysis start -> no_module_self_loop_p4 for execTransaction(address,uint256,bytes,uint8,uint256,uint256,uint256,address,address,bytes)
[Module Management (24 properties) (optimal-verifier-wrapping-sharply)]: rule analysis start -> only_enable_disable_change_modules_p20 for execTransaction(address,uint256,bytes,uint8,uint256,uint256,uint256,address,address,bytes)
[Module Management (24 properties) (optimal-verifier-wrapping-sharply)]: rule analysis start -> only_enable_disable_change_modules_p20 for setup(address[],uint256,address,bytes,address,address,uint256,address)
[Module Management (24 properties) (optimal-verifier-wrapping-sharply)]: rule analysis start -> only_enable_disable_change_modules_p20 for disableModule(address,address)
[Module Management (24 properties) (optimal-verifier-wrapping-sharply)]: rule analysis start -> only_enable_disable_change_modules_p20 for enableModule(address)
[Module Management (24 properties) (optimal-verifier-wrapping-sharply)]: rule analysis start -> only_enable_disable_change_modules_p20 for getTransactionHash(address,uint256,bytes,uint8,uint256,uint256,uint256,address,address,uint256)
[Module Management (24 properties) (optimal-verifier-wrapping-sharply)]: rule analysis start -> sentinel_initialized_p3 for constructor
[Module Management (24 properties) (optimal-verifier-wrapping-sharply)]: rule analysis start -> sentinel_initialized_p3 for execTransaction(address,uint256,bytes,uint8,uint256,uint256,uint256,address,address,bytes)
[Module Management (24 properties) (optimal-verifier-wrapping-sharply)]: rule analysis start -> sentinel_not_enabled_p2 for execTransaction(address,uint256,bytes,uint8,uint256,uint256,uint256,address,address,bytes)
[Module Management (24 properties) (optimal-verifier-wrapping-sharply)]: rule analysis start -> zero_address_not_enabled_p1 for execTransaction(address,uint256,bytes,uint8,uint256,uint256,uint256,address,address,bytes)
[Module Management (24 properties) (optimal-verifier-wrapping-sharply)]: rule analysis start -> zero_address_not_enabled_p1 for enableModule(address)
[Storage Accessibility (10 properties) (recursive-widening-seeking-fairly) / Property feedback judge / CVL Researcher] at node: tool_result; tool calls: [cvl_keyword_search, cvl_keyword_search]
[Storage Accessibility (10 properties) (recursive-widening-seeking-fairly) / Property feedback judge / CVL Researcher] at node: tools
[Storage Accessibility (10 properties) (recursive-widening-seeking-fairly) / Property feedback judge / CVL Researcher] at node: initial; tool calls: [write_rough_draft]
[Storage Accessibility (10 properties) (recursive-widening-seeking-fairly) / Property feedback judge / CVL Researcher] at node: tools
[Storage Accessibility (10 properties) (recursive-widening-seeking-fairly) / Property feedback judge / CVL Researcher] at node: tool_result; tool calls: [get_cvl_manual_section, cvl_manual_search]
[Storage Accessibility (10 properties) (recursive-widening-seeking-fairly) / Property feedback judge / CVL Researcher] at node: tools
[Storage Accessibility (10 properties) (recursive-widening-seeking-fairly) / Property feedback judge / CVL Researcher] at node: tool_result; tool calls: [read_rough_draft]
[Storage Accessibility (10 properties) (recursive-widening-seeking-fairly) / Property feedback judge / CVL Researcher] at node: tools
[Transaction Execution (17 properties) (convergent-ring-proving-lazily) / Property feedback judge] at node: tool_result; tool calls: [write_rough_draft]
[Transaction Execution (17 properties) (convergent-ring-proving-lazily) / Property feedback judge] at node: tools
[Transaction Execution (17 properties) (convergent-ring-proving-lazily) / Property feedback judge] at node: tool_result; tool calls: [read_rough_draft]
[Transaction Execution (17 properties) (convergent-ring-proving-lazily) / Property feedback judge] at node: tools
[Storage Accessibility (10 properties) (recursive-widening-seeking-fairly) / Property feedback judge / CVL Researcher] at node: tool_result; tool calls: [result]
[Storage Accessibility (10 properties) (recursive-widening-seeking-fairly) / Property feedback judge / CVL Researcher] at node: tools
[Storage Accessibility (10 properties) (recursive-widening-seeking-fairly) / Property feedback judge / CVL Researcher] end
[Transaction Execution (17 properties) (convergent-ring-proving-lazily) / Property feedback judge] at node: tool_result; tool calls: [memory]
[Transaction Execution (17 properties) (convergent-ring-proving-lazily) / Property feedback judge] at node: tools
[Transaction Execution (17 properties) (convergent-ring-proving-lazily) / Property feedback judge] at node: tool_result; tool calls: [result]
[Transaction Execution (17 properties) (convergent-ring-proving-lazily) / Property feedback judge] at node: tools
[Transaction Execution (17 properties) (convergent-ring-proving-lazily) / Property feedback judge] end
[Transaction Execution (17 properties) (convergent-ring-proving-lazily)] at node: tools
[Fallback Handling (12 properties) (convergent-proposer-syncing-densely) / Property feedback judge] at node: tool_result; tool calls: [code_explorer, cvl_research]
[Fallback Handling (12 properties) (convergent-proposer-syncing-densely) / Property feedback judge / Code Explorer: What does the DummyHandler mock contract implement? Does it record or expose any calldata it receives? Does it have a fallback function or a handle function that stores received data?] start  (via tool: toolu_01FfAcvkwQrwNJbmsKgdqZYQ)
[Fallback Handling (12 properties) (convergent-proposer-syncing-densely) / Property feedback judge / CVL Researcher] start  (via tool: toolu_01GZezHn825p4JLmxYfMoVAL)
[Storage Accessibility (10 properties) (recursive-widening-seeking-fairly) / Property feedback judge / CVL Researcher] at node: tool_result; tool calls: [get_cvl_manual_section, cvl_keyword_search]
[Storage Accessibility (10 properties) (recursive-widening-seeking-fairly) / Property feedback judge / CVL Researcher] at node: tools
[Fallback Handling (12 properties) (convergent-proposer-syncing-densely) / Property feedback judge / Code Explorer: What does the DummyHandler mock contract implement? Does it record or expose any calldata it receives? Does it have a fallback function or a handle function that stores received data?] at node: initial; tool calls: [get_file]
[Fallback Handling (12 properties) (convergent-proposer-syncing-densely) / Property feedback judge / Code Explorer: What does the DummyHandler mock contract implement? Does it record or expose any calldata it receives? Does it have a fallback function or a handle function that stores received data?] at node: tools
[Storage Accessibility (10 properties) (recursive-widening-seeking-fairly) / Property feedback judge / CVL Researcher] at node: tool_result; tool calls: [get_cvl_manual_section, get_cvl_manual_section]
[Storage Accessibility (10 properties) (recursive-widening-seeking-fairly) / Property feedback judge / CVL Researcher] at node: tools
[Fallback Handling (12 properties) (convergent-proposer-syncing-densely) / Property feedback judge / CVL Researcher] at node: initial; tool calls: [cvl_manual_search, cvl_manual_search]
[Fallback Handling (12 properties) (convergent-proposer-syncing-densely) / Property feedback judge / CVL Researcher] at node: tools
[Module Management (24 properties) (optimal-verifier-wrapping-sharply)]: rule analysis complete -> no_module_self_loop_p4 for constructor
[Storage Accessibility (10 properties) (recursive-widening-seeking-fairly) / Property feedback judge / CVL Researcher] at node: tool_result; tool calls: [cvl_keyword_search, scan_knowledge_base]
[Transaction Execution (17 properties) (convergent-ring-proving-lazily)] at node: tool_result; tool calls: [memory]
[Transaction Execution (17 properties) (convergent-ring-proving-lazily)] at node: tools
[Storage Accessibility (10 properties) (recursive-widening-seeking-fairly) / Property feedback judge / CVL Researcher] at node: tools
[Transaction Execution (17 properties) (convergent-ring-proving-lazily)] at node: tool_result; tool calls: [verify_spec]
[Transaction Execution (17 properties) (convergent-ring-proving-lazily)]: prover start
[Storage Accessibility (10 properties) (recursive-widening-seeking-fairly) / Property feedback judge / CVL Researcher] at node: tool_result; tool calls: [get_cvl_manual_section, get_knowledge_base_article]
[Storage Accessibility (10 properties) (recursive-widening-seeking-fairly) / Property feedback judge / CVL Researcher] at node: tools
[Fallback Handling (12 properties) (convergent-proposer-syncing-densely) / Property feedback judge / CVL Researcher] at node: tool_result; tool calls: [cvl_manual_search, cvl_keyword_search]
[Fallback Handling (12 properties) (convergent-proposer-syncing-densely) / Property feedback judge / CVL Researcher] at node: tools
[Fallback Handling (12 properties) (convergent-proposer-syncing-densely) / Property feedback judge / Code Explorer: What does the DummyHandler mock contract implement? Does it record or expose any calldata it receives? Does it have a fallback function or a handle function that stores received data?] at node: tool_result; tool calls: [result]
[Fallback Handling (12 properties) (convergent-proposer-syncing-densely) / Property feedback judge / Code Explorer: What does the DummyHandler mock contract implement? Does it record or expose any calldata it receives? Does it have a fallback function or a handle function that stores received data?] at node: tools
[Fallback Handling (12 properties) (convergent-proposer-syncing-densely) / Property feedback judge / Code Explorer: What does the DummyHandler mock contract implement? Does it record or expose any calldata it receives? Does it have a fallback function or a handle function that stores received data?] end
[Fallback Handling (12 properties) (convergent-proposer-syncing-densely) / Property feedback judge / CVL Researcher] at node: tool_result; tool calls: [get_cvl_manual_section, scan_knowledge_base]
[Fallback Handling (12 properties) (convergent-proposer-syncing-densely) / Property feedback judge / CVL Researcher] at node: tools
[Transaction Execution (17 properties) (convergent-ring-proving-lazily)] at node: tools
[Fallback Handling (12 properties) (convergent-proposer-syncing-densely) / Property feedback judge / CVL Researcher] at node: tool_result; tool calls: [write_rough_draft]
[Fallback Handling (12 properties) (convergent-proposer-syncing-densely) / Property feedback judge / CVL Researcher] at node: tools
[Storage Accessibility (10 properties) (recursive-widening-seeking-fairly) / Property feedback judge / CVL Researcher] at node: tool_result; tool calls: [write_rough_draft]
[Storage Accessibility (10 properties) (recursive-widening-seeking-fairly) / Property feedback judge / CVL Researcher] at node: tools
[Fallback Handling (12 properties) (convergent-proposer-syncing-densely) / Property feedback judge / CVL Researcher] at node: tool_result; tool calls: [read_rough_draft]
[Fallback Handling (12 properties) (convergent-proposer-syncing-densely) / Property feedback judge / CVL Researcher] at node: tools
[Storage Accessibility (10 properties) (recursive-widening-seeking-fairly) / Property feedback judge / CVL Researcher] at node: tool_result; tool calls: [read_rough_draft]
[Storage Accessibility (10 properties) (recursive-widening-seeking-fairly) / Property feedback judge / CVL Researcher] at node: tools
[Module Management (24 properties) (optimal-verifier-wrapping-sharply)]: rule analysis complete -> no_module_self_loop_p4 for execTransaction(address,uint256,bytes,uint8,uint256,uint256,uint256,address,address,bytes)
[Module Management (24 properties) (optimal-verifier-wrapping-sharply)]: rule analysis complete -> sentinel_initialized_p3 for constructor
[Fallback Handling (12 properties) (convergent-proposer-syncing-densely) / Property feedback judge / CVL Researcher] at node: tool_result; tool calls: [result]
[Fallback Handling (12 properties) (convergent-proposer-syncing-densely) / Property feedback judge / CVL Researcher] at node: tools
[Fallback Handling (12 properties) (convergent-proposer-syncing-densely) / Property feedback judge / CVL Researcher] end
[Module Management (24 properties) (optimal-verifier-wrapping-sharply)]: rule analysis complete -> only_enable_disable_change_modules_p20 for enableModule(address)
[Storage Accessibility (10 properties) (recursive-widening-seeking-fairly) / Property feedback judge / CVL Researcher] at node: tool_result; tool calls: [result]
[Storage Accessibility (10 properties) (recursive-widening-seeking-fairly) / Property feedback judge / CVL Researcher] at node: tools
[Storage Accessibility (10 properties) (recursive-widening-seeking-fairly) / Property feedback judge / CVL Researcher] end
[Module Management (24 properties) (optimal-verifier-wrapping-sharply)]: rule analysis complete -> disableModule_isolation_p14
[Fallback Handling (12 properties) (convergent-proposer-syncing-densely) / Property feedback judge] at node: tools
[Storage Accessibility (10 properties) (recursive-widening-seeking-fairly) / Property feedback judge] at node: tools
[Module Management (24 properties) (optimal-verifier-wrapping-sharply)]: rule analysis complete -> enableModule_isolation_p13
[Module Management (24 properties) (optimal-verifier-wrapping-sharply)]: rule analysis complete -> only_enable_disable_change_modules_p20 for execTransaction(address,uint256,bytes,uint8,uint256,uint256,uint256,address,address,bytes)
[Module Management (24 properties) (optimal-verifier-wrapping-sharply)]: rule analysis complete -> enableModule_enables_module_p11
[Module Management (24 properties) (optimal-verifier-wrapping-sharply)]: rule analysis complete -> zero_address_not_enabled_p1 for enableModule(address)
[Transaction Execution (17 properties) (convergent-ring-proving-lazily)] at node: tool_result; tool calls: [put_cvl_raw]
[Transaction Execution (17 properties) (convergent-ring-proving-lazily)] at node: tools
[Transaction Execution (17 properties) (convergent-ring-proving-lazily)] at node: tool_result; tool calls: [verify_spec]
[Transaction Execution (17 properties) (convergent-ring-proving-lazily)]: prover start
[Fallback Handling (12 properties) (convergent-proposer-syncing-densely) / Property feedback judge] at node: tool_result; tool calls: [write_rough_draft]
[Fallback Handling (12 properties) (convergent-proposer-syncing-densely) / Property feedback judge] at node: tools
[Fallback Handling (12 properties) (convergent-proposer-syncing-densely) / Property feedback judge] at node: tool_result; tool calls: [read_rough_draft]
[Fallback Handling (12 properties) (convergent-proposer-syncing-densely) / Property feedback judge] at node: tools
[Module Management (24 properties) (optimal-verifier-wrapping-sharply)]: rule analysis complete -> zero_address_not_enabled_p1 for execTransaction(address,uint256,bytes,uint8,uint256,uint256,uint256,address,address,bytes)
[Fallback Handling (12 properties) (convergent-proposer-syncing-densely) / Property feedback judge] at node: tool_result; tool calls: [memory]
[Fallback Handling (12 properties) (convergent-proposer-syncing-densely) / Property feedback judge] at node: tools
[Fallback Handling (12 properties) (convergent-proposer-syncing-densely) / Property feedback judge] at node: tool_result; tool calls: [memory]
[Fallback Handling (12 properties) (convergent-proposer-syncing-densely) / Property feedback judge] at node: tools
[Module Management (24 properties) (optimal-verifier-wrapping-sharply)]: rule analysis complete -> sentinel_initialized_p3 for execTransaction(address,uint256,bytes,uint8,uint256,uint256,uint256,address,address,bytes)
[Module Management (24 properties) (optimal-verifier-wrapping-sharply)]: rule analysis complete -> all_modules_reachable_p5 for execTransaction(address,uint256,bytes,uint8,uint256,uint256,uint256,address,address,bytes)
[Fallback Handling (12 properties) (convergent-proposer-syncing-densely) / Property feedback judge] at node: tool_result; tool calls: [result]
[Fallback Handling (12 properties) (convergent-proposer-syncing-densely) / Property feedback judge] at node: tools
[Fallback Handling (12 properties) (convergent-proposer-syncing-densely) / Property feedback judge] end
[Fallback Handling (12 properties) (convergent-proposer-syncing-densely)] at node: tools
[Fallback Handling (12 properties) (convergent-proposer-syncing-densely)] at node: tool_result; tool calls: [cvl_research]
[Fallback Handling (12 properties) (convergent-proposer-syncing-densely) / CVL Researcher] start  (via tool: toolu_01Gzz8fFUfaFL5A3KXWNBica)
[Module Management (24 properties) (optimal-verifier-wrapping-sharply)]: rule analysis complete -> only_enable_disable_change_modules_p20 for setup(address[],uint256,address,bytes,address,address,uint256,address)
[Fallback Handling (12 properties) (convergent-proposer-syncing-densely) / CVL Researcher] at node: initial; tool calls: [cvl_manual_search, cvl_keyword_search]
[Fallback Handling (12 properties) (convergent-proposer-syncing-densely) / CVL Researcher] at node: tools
[Fallback Handling (12 properties) (convergent-proposer-syncing-densely) / CVL Researcher] at node: tool_result; tool calls: [get_cvl_manual_section, cvl_manual_search]
[Fallback Handling (12 properties) (convergent-proposer-syncing-densely) / CVL Researcher] at node: tools
[Storage Accessibility (10 properties) (recursive-widening-seeking-fairly) / Property feedback judge] at node: tool_result; tool calls: [write_rough_draft]
[Storage Accessibility (10 properties) (recursive-widening-seeking-fairly) / Property feedback judge] at node: tools
[Module Management (24 properties) (optimal-verifier-wrapping-sharply)]: rule analysis complete -> only_enable_disable_change_modules_p20 for getTransactionHash(address,uint256,bytes,uint8,uint256,uint256,uint256,address,address,uint256)
[Storage Accessibility (10 properties) (recursive-widening-seeking-fairly) / Property feedback judge] at node: tool_result; tool calls: [read_rough_draft]
[Storage Accessibility (10 properties) (recursive-widening-seeking-fairly) / Property feedback judge] at node: tools
[Fallback Handling (12 properties) (convergent-proposer-syncing-densely) / CVL Researcher] at node: tool_result; tool calls: [write_rough_draft]
[Fallback Handling (12 properties) (convergent-proposer-syncing-densely) / CVL Researcher] at node: tools
[Fallback Handling (12 properties) (convergent-proposer-syncing-densely) / CVL Researcher] at node: tool_result; tool calls: [read_rough_draft]
[Fallback Handling (12 properties) (convergent-proposer-syncing-densely) / CVL Researcher] at node: tools
[Module Management (24 properties) (optimal-verifier-wrapping-sharply)]: rule analysis complete -> sentinel_not_enabled_p2 for execTransaction(address,uint256,bytes,uint8,uint256,uint256,uint256,address,address,bytes)
[Fallback Handling (12 properties) (convergent-proposer-syncing-densely) / CVL Researcher] at node: tool_result; tool calls: [result]
[Fallback Handling (12 properties) (convergent-proposer-syncing-densely) / CVL Researcher] at node: tools
[Fallback Handling (12 properties) (convergent-proposer-syncing-densely) / CVL Researcher] end
[Storage Accessibility (10 properties) (recursive-widening-seeking-fairly) / Property feedback judge] at node: tool_result; tool calls: [cvl_research]
[Fallback Handling (12 properties) (convergent-proposer-syncing-densely)] at node: tools
[Storage Accessibility (10 properties) (recursive-widening-seeking-fairly) / Property feedback judge / CVL Researcher] start  (via tool: toolu_01Y34gJjFYWsCBTZeU8opK92)
[Transaction Execution (17 properties) (convergent-ring-proving-lazily)]; prover complete
[Transaction Execution (17 properties) (convergent-ring-proving-lazily)]: rule analysis start -> prop5b_transactionHashDependsOnNonce
[Storage Accessibility (10 properties) (recursive-widening-seeking-fairly) / Property feedback judge / CVL Researcher] at node: initial; tool calls: [write_rough_draft]
[Storage Accessibility (10 properties) (recursive-widening-seeking-fairly) / Property feedback judge / CVL Researcher] at node: tools
[Storage Accessibility (10 properties) (recursive-widening-seeking-fairly) / Property feedback judge / CVL Researcher] at node: tool_result; tool calls: [read_rough_draft]
[Storage Accessibility (10 properties) (recursive-widening-seeking-fairly) / Property feedback judge / CVL Researcher] at node: tools
[Module Management (24 properties) (optimal-verifier-wrapping-sharply)]: rule analysis complete -> disableModule_disables_module_p12
[Storage Accessibility (10 properties) (recursive-widening-seeking-fairly) / Property feedback judge / CVL Researcher] at node: tool_result; tool calls: [result]
[Storage Accessibility (10 properties) (recursive-widening-seeking-fairly) / Property feedback judge / CVL Researcher] at node: tools
[Storage Accessibility (10 properties) (recursive-widening-seeking-fairly) / Property feedback judge / CVL Researcher] end
[Storage Accessibility (10 properties) (recursive-widening-seeking-fairly) / Property feedback judge] at node: tools
[Module Management (24 properties) (optimal-verifier-wrapping-sharply)]: rule analysis complete -> only_enable_disable_change_modules_p20 for disableModule(address,address)
[Transaction Execution (17 properties) (convergent-ring-proving-lazily)]: rule analysis complete -> prop5b_transactionHashDependsOnNonce
[Transaction Execution (17 properties) (convergent-ring-proving-lazily)] at node: tools
[Module Management (24 properties) (optimal-verifier-wrapping-sharply)] at node: tools
[Storage Accessibility (10 properties) (recursive-widening-seeking-fairly) / Property feedback judge] at node: tool_result; tool calls: [memory]
[Storage Accessibility (10 properties) (recursive-widening-seeking-fairly) / Property feedback judge] at node: tools
[Storage Accessibility (10 properties) (recursive-widening-seeking-fairly) / Property feedback judge] at node: tool_result; tool calls: [result]
[Storage Accessibility (10 properties) (recursive-widening-seeking-fairly) / Property feedback judge] at node: tools
[Storage Accessibility (10 properties) (recursive-widening-seeking-fairly) / Property feedback judge] end
[Storage Accessibility (10 properties) (recursive-widening-seeking-fairly)] at node: tools
[Storage Accessibility (10 properties) (recursive-widening-seeking-fairly)] at node: tool_result; tool calls: [expect_rule_passage]
[Storage Accessibility (10 properties) (recursive-widening-seeking-fairly)] at node: tools
[Storage Accessibility (10 properties) (recursive-widening-seeking-fairly)] at node: tool_result; tool calls: [get_cvl]
[Storage Accessibility (10 properties) (recursive-widening-seeking-fairly)] at node: tools
[Storage Accessibility (10 properties) (recursive-widening-seeking-fairly)] at node: tool_result; tool calls: [put_cvl_raw]
[Storage Accessibility (10 properties) (recursive-widening-seeking-fairly)] at node: tools
[Storage Accessibility (10 properties) (recursive-widening-seeking-fairly)] at node: tool_result; tool calls: [feedback_tool]
[Storage Accessibility (10 properties) (recursive-widening-seeking-fairly) / Property feedback judge] start  (via tool: toolu_01XZckbjstwUgDTnX6MqZZZt)
[Storage Accessibility (10 properties) (recursive-widening-seeking-fairly) / Property feedback judge] at node: initial; tool calls: [memory]
[Storage Accessibility (10 properties) (recursive-widening-seeking-fairly) / Property feedback judge] at node: tools
[Storage Accessibility (10 properties) (recursive-widening-seeking-fairly) / Property feedback judge] at node: tool_result; tool calls: [memory]
[Storage Accessibility (10 properties) (recursive-widening-seeking-fairly) / Property feedback judge] at node: tools
[Transaction Execution (17 properties) (convergent-ring-proving-lazily)] at node: tool_result; tool calls: [put_cvl_raw]
[Transaction Execution (17 properties) (convergent-ring-proving-lazily)] at node: tools
[Transaction Execution (17 properties) (convergent-ring-proving-lazily)] at node: tool_result; tool calls: [feedback_tool]
[Transaction Execution (17 properties) (convergent-ring-proving-lazily) / Property feedback judge] start  (via tool: toolu_01DK61mJjJg38w1aon6ai3DN)
[Transaction Execution (17 properties) (convergent-ring-proving-lazily) / Property feedback judge] at node: initial; tool calls: [memory]
[Transaction Execution (17 properties) (convergent-ring-proving-lazily) / Property feedback judge] at node: tools
[Transaction Execution (17 properties) (convergent-ring-proving-lazily) / Property feedback judge] at node: tool_result; tool calls: [memory]
[Transaction Execution (17 properties) (convergent-ring-proving-lazily) / Property feedback judge] at node: tools
[Fallback Handling (12 properties) (convergent-proposer-syncing-densely)] at node: tool_result; tool calls: [cvl_keyword_search]
[Fallback Handling (12 properties) (convergent-proposer-syncing-densely)] at node: tools
[Fallback Handling (12 properties) (convergent-proposer-syncing-densely)] at node: tool_result; tool calls: [cvl_manual_search]
[Fallback Handling (12 properties) (convergent-proposer-syncing-densely)] at node: tools
[Module Management (24 properties) (optimal-verifier-wrapping-sharply)] at node: tool_result; tool calls: [put_cvl_raw]
[Module Management (24 properties) (optimal-verifier-wrapping-sharply)] at node: tools
[Module Management (24 properties) (optimal-verifier-wrapping-sharply)] at node: tool_result; tool calls: [feedback_tool]
[Module Management (24 properties) (optimal-verifier-wrapping-sharply) / Property feedback judge] start  (via tool: toolu_0148UkM4KLUng3Z7krTHTAYm)
[Module Management (24 properties) (optimal-verifier-wrapping-sharply) / Property feedback judge] at node: initial; tool calls: [memory]
[Module Management (24 properties) (optimal-verifier-wrapping-sharply) / Property feedback judge] at node: tools
[Module Management (24 properties) (optimal-verifier-wrapping-sharply) / Property feedback judge] at node: tool_result; tool calls: [memory]
[Module Management (24 properties) (optimal-verifier-wrapping-sharply) / Property feedback judge] at node: tools
[Storage Accessibility (10 properties) (recursive-widening-seeking-fairly) / Property feedback judge] at node: tool_result; tool calls: [list_files]
[Storage Accessibility (10 properties) (recursive-widening-seeking-fairly) / Property feedback judge] at node: tools
[Storage Accessibility (10 properties) (recursive-widening-seeking-fairly) / Property feedback judge] at node: tool_result; tool calls: [get_file, get_file]
[Storage Accessibility (10 properties) (recursive-widening-seeking-fairly) / Property feedback judge] at node: tools
[Storage Accessibility (10 properties) (recursive-widening-seeking-fairly) / Property feedback judge] at node: tool_result; tool calls: [get_file, get_file]
[Storage Accessibility (10 properties) (recursive-widening-seeking-fairly) / Property feedback judge] at node: tools
[Module Management (24 properties) (optimal-verifier-wrapping-sharply) / Property feedback judge] at node: tool_result; tool calls: [memory]
[Module Management (24 properties) (optimal-verifier-wrapping-sharply) / Property feedback judge] at node: tools
[Module Management (24 properties) (optimal-verifier-wrapping-sharply) / Property feedback judge] at node: tool_result; tool calls: [get_cvl]
[Module Management (24 properties) (optimal-verifier-wrapping-sharply) / Property feedback judge] at node: tools
[Storage Accessibility (10 properties) (recursive-widening-seeking-fairly) / Property feedback judge] at node: tool_result; tool calls: [get_cvl]
[Storage Accessibility (10 properties) (recursive-widening-seeking-fairly) / Property feedback judge] at node: tools
[Fallback Handling (12 properties) (convergent-proposer-syncing-densely)] at node: tool_result; tool calls: [put_cvl_raw]
[Fallback Handling (12 properties) (convergent-proposer-syncing-densely)] at node: tools
[Module Management (24 properties) (optimal-verifier-wrapping-sharply) / Property feedback judge] at node: tool_result; tool calls: [write_rough_draft]
[Module Management (24 properties) (optimal-verifier-wrapping-sharply) / Property feedback judge] at node: tools
[Module Management (24 properties) (optimal-verifier-wrapping-sharply) / Property feedback judge] at node: tool_result; tool calls: [read_rough_draft]
[Module Management (24 properties) (optimal-verifier-wrapping-sharply) / Property feedback judge] at node: tools
[Fallback Handling (12 properties) (convergent-proposer-syncing-densely)] at node: tool_result; tool calls: [record_skip]
[Fallback Handling (12 properties) (convergent-proposer-syncing-densely)] at node: tools
[Fallback Handling (12 properties) (convergent-proposer-syncing-densely)] at node: tool_result; tool calls: [feedback_tool]
[Fallback Handling (12 properties) (convergent-proposer-syncing-densely) / Property feedback judge] start  (via tool: toolu_019gc4UYqXLrz84xs22tEb14)
[Module Management (24 properties) (optimal-verifier-wrapping-sharply) / Property feedback judge] at node: tool_result; tool calls: [memory]
[Module Management (24 properties) (optimal-verifier-wrapping-sharply) / Property feedback judge] at node: tools
[Fallback Handling (12 properties) (convergent-proposer-syncing-densely) / Property feedback judge] at node: initial; tool calls: [memory]
[Fallback Handling (12 properties) (convergent-proposer-syncing-densely) / Property feedback judge] at node: tools
[Module Management (24 properties) (optimal-verifier-wrapping-sharply) / Property feedback judge] at node: tool_result; tool calls: [result]
[Module Management (24 properties) (optimal-verifier-wrapping-sharply) / Property feedback judge] at node: tools
[Module Management (24 properties) (optimal-verifier-wrapping-sharply) / Property feedback judge] end
[Module Management (24 properties) (optimal-verifier-wrapping-sharply)] at node: tools
[Fallback Handling (12 properties) (convergent-proposer-syncing-densely) / Property feedback judge] at node: tool_result; tool calls: [memory]
[Fallback Handling (12 properties) (convergent-proposer-syncing-densely) / Property feedback judge] at node: tools
[Storage Accessibility (10 properties) (recursive-widening-seeking-fairly) / Property feedback judge] at node: tool_result; tool calls: [write_rough_draft]
[Storage Accessibility (10 properties) (recursive-widening-seeking-fairly) / Property feedback judge] at node: tools
[Module Management (24 properties) (optimal-verifier-wrapping-sharply)] at node: tool_result; tool calls: [verify_spec]
[Module Management (24 properties) (optimal-verifier-wrapping-sharply)]: prover start
[Storage Accessibility (10 properties) (recursive-widening-seeking-fairly) / Property feedback judge] at node: tool_result; tool calls: [read_rough_draft]
[Storage Accessibility (10 properties) (recursive-widening-seeking-fairly) / Property feedback judge] at node: tools
[Storage Accessibility (10 properties) (recursive-widening-seeking-fairly) / Property feedback judge] at node: tool_result; tool calls: [memory]
[Storage Accessibility (10 properties) (recursive-widening-seeking-fairly) / Property feedback judge] at node: tools
[Module Management (24 properties) (optimal-verifier-wrapping-sharply)] at node: tools
[Storage Accessibility (10 properties) (recursive-widening-seeking-fairly) / Property feedback judge] at node: tool_result; tool calls: [memory]
[Storage Accessibility (10 properties) (recursive-widening-seeking-fairly) / Property feedback judge] at node: tools
[Storage Accessibility (10 properties) (recursive-widening-seeking-fairly) / Property feedback judge] at node: tool_result; tool calls: [result]
[Storage Accessibility (10 properties) (recursive-widening-seeking-fairly) / Property feedback judge] at node: tools
[Storage Accessibility (10 properties) (recursive-widening-seeking-fairly) / Property feedback judge] end
[Storage Accessibility (10 properties) (recursive-widening-seeking-fairly)] at node: tools
[Storage Accessibility (10 properties) (recursive-widening-seeking-fairly)] at node: tool_result; tool calls: [memory]
[Storage Accessibility (10 properties) (recursive-widening-seeking-fairly)] at node: tools
[Storage Accessibility (10 properties) (recursive-widening-seeking-fairly)] at node: tool_result; tool calls: [verify_spec]
[Storage Accessibility (10 properties) (recursive-widening-seeking-fairly)]: prover start
[Module Management (24 properties) (optimal-verifier-wrapping-sharply)] at node: tool_result; tool calls: [grep_files, grep_files]
[Transaction Execution (17 properties) (convergent-ring-proving-lazily) / Property feedback judge] at node: tool_result; tool calls: [get_cvl]
[Transaction Execution (17 properties) (convergent-ring-proving-lazily) / Property feedback judge] at node: tools
[Module Management (24 properties) (optimal-verifier-wrapping-sharply)] at node: tools
[Module Management (24 properties) (optimal-verifier-wrapping-sharply)] at node: tool_result; tool calls: [grep_files]
[Module Management (24 properties) (optimal-verifier-wrapping-sharply)] at node: tools
[Module Management (24 properties) (optimal-verifier-wrapping-sharply)] at node: tool_result; tool calls: [get_file]
[Module Management (24 properties) (optimal-verifier-wrapping-sharply)] at node: tools
[Module Management (24 properties) (optimal-verifier-wrapping-sharply)] at node: tool_result; tool calls: [get_file]
[Module Management (24 properties) (optimal-verifier-wrapping-sharply)] at node: tools
[Module Management (24 properties) (optimal-verifier-wrapping-sharply)] at node: tool_result; tool calls: [get_file]
[Module Management (24 properties) (optimal-verifier-wrapping-sharply)] at node: tools
[Module Management (24 properties) (optimal-verifier-wrapping-sharply)] at node: tool_result; tool calls: [get_file]
[Module Management (24 properties) (optimal-verifier-wrapping-sharply)] at node: tools
[Module Management (24 properties) (optimal-verifier-wrapping-sharply)] at node: tool_result; tool calls: [get_file]
[Module Management (24 properties) (optimal-verifier-wrapping-sharply)] at node: tools
[Module Management (24 properties) (optimal-verifier-wrapping-sharply)] at node: tool_result; tool calls: [grep_files]
[Module Management (24 properties) (optimal-verifier-wrapping-sharply)] at node: tools
[Module Management (24 properties) (optimal-verifier-wrapping-sharply)] at node: tool_result; tool calls: [grep_files]
[Module Management (24 properties) (optimal-verifier-wrapping-sharply)] at node: tools
[Fallback Handling (12 properties) (convergent-proposer-syncing-densely) / Property feedback judge] at node: tool_result; tool calls: [cvl_research, cvl_research]
[Fallback Handling (12 properties) (convergent-proposer-syncing-densely) / Property feedback judge / CVL Researcher] start  (via tool: toolu_01UEbk1Y6QAXtNwSaaiFwd2n)
[Fallback Handling (12 properties) (convergent-proposer-syncing-densely) / Property feedback judge / CVL Researcher] start  (via tool: toolu_01HXfZxZGcm4MdRTHWGhbUvK)
[Module Management (24 properties) (optimal-verifier-wrapping-sharply)] at node: tool_result; tool calls: [list_files]
[Module Management (24 properties) (optimal-verifier-wrapping-sharply)] at node: tools
[Module Management (24 properties) (optimal-verifier-wrapping-sharply)] at node: tool_result; tool calls: [get_file]
[Module Management (24 properties) (optimal-verifier-wrapping-sharply)] at node: tools
[Fallback Handling (12 properties) (convergent-proposer-syncing-densely) / Property feedback judge / CVL Researcher] at node: initial; tool calls: [write_rough_draft]
[Fallback Handling (12 properties) (convergent-proposer-syncing-densely) / Property feedback judge / CVL Researcher] at node: tools
[Transaction Execution (17 properties) (convergent-ring-proving-lazily) / Property feedback judge] at node: tool_result; tool calls: [write_rough_draft]
[Transaction Execution (17 properties) (convergent-ring-proving-lazily) / Property feedback judge] at node: tools
[Fallback Handling (12 properties) (convergent-proposer-syncing-densely) / Property feedback judge / CVL Researcher] at node: tool_result; tool calls: [result]
[Fallback Handling (12 properties) (convergent-proposer-syncing-densely) / Property feedback judge / CVL Researcher] at node: tools
[Fallback Handling (12 properties) (convergent-proposer-syncing-densely) / Property feedback judge / CVL Researcher] end
[Transaction Execution (17 properties) (convergent-ring-proving-lazily) / Property feedback judge] at node: tool_result; tool calls: [read_rough_draft]
[Transaction Execution (17 properties) (convergent-ring-proving-lazily) / Property feedback judge] at node: tools
[Fallback Handling (12 properties) (convergent-proposer-syncing-densely) / Property feedback judge / CVL Researcher] at node: initial; tool calls: [write_rough_draft]
[Fallback Handling (12 properties) (convergent-proposer-syncing-densely) / Property feedback judge / CVL Researcher] at node: tools
[Fallback Handling (12 properties) (convergent-proposer-syncing-densely) / Property feedback judge / CVL Researcher] at node: tool_result; tool calls: [read_rough_draft]
[Fallback Handling (12 properties) (convergent-proposer-syncing-densely) / Property feedback judge / CVL Researcher] at node: tools
[Transaction Execution (17 properties) (convergent-ring-proving-lazily) / Property feedback judge] at node: tool_result; tool calls: [memory]
[Transaction Execution (17 properties) (convergent-ring-proving-lazily) / Property feedback judge] at node: tools
[Transaction Execution (17 properties) (convergent-ring-proving-lazily) / Property feedback judge] at node: tool_result; tool calls: [result]
[Transaction Execution (17 properties) (convergent-ring-proving-lazily) / Property feedback judge] at node: tools
[Transaction Execution (17 properties) (convergent-ring-proving-lazily) / Property feedback judge] end
[Transaction Execution (17 properties) (convergent-ring-proving-lazily)] at node: tools
[Fallback Handling (12 properties) (convergent-proposer-syncing-densely) / Property feedback judge / CVL Researcher] at node: tool_result; tool calls: [result]
[Fallback Handling (12 properties) (convergent-proposer-syncing-densely) / Property feedback judge / CVL Researcher] at node: tools
[Fallback Handling (12 properties) (convergent-proposer-syncing-densely) / Property feedback judge / CVL Researcher] end
[Fallback Handling (12 properties) (convergent-proposer-syncing-densely) / Property feedback judge] at node: tools
[Transaction Execution (17 properties) (convergent-ring-proving-lazily)] at node: summarize
[Transaction Execution (17 properties) (convergent-ring-proving-lazily)] at node: tool_result; tool calls: [memory]
[Transaction Execution (17 properties) (convergent-ring-proving-lazily)] at node: tools
[Transaction Execution (17 properties) (convergent-ring-proving-lazily)] at node: tool_result; tool calls: [memory]
[Transaction Execution (17 properties) (convergent-ring-proving-lazily)] at node: tools
[Transaction Execution (17 properties) (convergent-ring-proving-lazily)] at node: tool_result; tool calls: [get_cvl]
[Transaction Execution (17 properties) (convergent-ring-proving-lazily)] at node: tools
[Transaction Execution (17 properties) (convergent-ring-proving-lazily)] at node: tool_result; tool calls: [record_skip]
[Transaction Execution (17 properties) (convergent-ring-proving-lazily)] at node: tools
[Transaction Execution (17 properties) (convergent-ring-proving-lazily)] at node: tool_result; tool calls: [verify_spec]
[Transaction Execution (17 properties) (convergent-ring-proving-lazily)]: prover start
[Module Management (24 properties) (optimal-verifier-wrapping-sharply)] at node: tool_result; tool calls: [put_cvl_raw]
[Module Management (24 properties) (optimal-verifier-wrapping-sharply)] at node: tools
[Module Management (24 properties) (optimal-verifier-wrapping-sharply)] at node: tool_result; tool calls: [verify_spec]
[Module Management (24 properties) (optimal-verifier-wrapping-sharply)]: prover start
[Storage Accessibility (10 properties) (recursive-widening-seeking-fairly)]; prover complete
[Storage Accessibility (10 properties) (recursive-widening-seeking-fairly)]: rule analysis start -> getStorageAt_no_access_control
[Fallback Handling (12 properties) (convergent-proposer-syncing-densely) / Property feedback judge] at node: tool_result; tool calls: [list_files]
[Fallback Handling (12 properties) (convergent-proposer-syncing-densely) / Property feedback judge] at node: tools
[Fallback Handling (12 properties) (convergent-proposer-syncing-densely) / Property feedback judge] at node: tool_result; tool calls: [get_cvl, get_file]
[Fallback Handling (12 properties) (convergent-proposer-syncing-densely) / Property feedback judge] at node: tools
[Storage Accessibility (10 properties) (recursive-widening-seeking-fairly)]: rule analysis complete -> getStorageAt_no_access_control
[Storage Accessibility (10 properties) (recursive-widening-seeking-fairly)] at node: tools
[Fallback Handling (12 properties) (convergent-proposer-syncing-densely) / Property feedback judge] at node: tool_result; tool calls: [get_file]
[Fallback Handling (12 properties) (convergent-proposer-syncing-densely) / Property feedback judge] at node: tools
[Storage Accessibility (10 properties) (recursive-widening-seeking-fairly)] at node: tool_result; tool calls: [put_cvl_raw]
[Storage Accessibility (10 properties) (recursive-widening-seeking-fairly)] at node: tools
[Storage Accessibility (10 properties) (recursive-widening-seeking-fairly)] at node: tool_result; tool calls: [feedback_tool]
[Storage Accessibility (10 properties) (recursive-widening-seeking-fairly) / Property feedback judge] start  (via tool: toolu_0158g3Ri5M62AQdWP8CXf8eo)
[Storage Accessibility (10 properties) (recursive-widening-seeking-fairly) / Property feedback judge] at node: initial; tool calls: [memory]
[Storage Accessibility (10 properties) (recursive-widening-seeking-fairly) / Property feedback judge] at node: tools
[Storage Accessibility (10 properties) (recursive-widening-seeking-fairly) / Property feedback judge] at node: tool_result; tool calls: [memory]
[Storage Accessibility (10 properties) (recursive-widening-seeking-fairly) / Property feedback judge] at node: tools
[Fallback Handling (12 properties) (convergent-proposer-syncing-densely) / Property feedback judge] at node: tool_result; tool calls: [write_rough_draft]
[Fallback Handling (12 properties) (convergent-proposer-syncing-densely) / Property feedback judge] at node: tools
[Fallback Handling (12 properties) (convergent-proposer-syncing-densely) / Property feedback judge] at node: tool_result; tool calls: [read_rough_draft]
[Fallback Handling (12 properties) (convergent-proposer-syncing-densely) / Property feedback judge] at node: tools
[Fallback Handling (12 properties) (convergent-proposer-syncing-densely) / Property feedback judge] at node: tool_result; tool calls: [memory]
[Fallback Handling (12 properties) (convergent-proposer-syncing-densely) / Property feedback judge] at node: tools
[Fallback Handling (12 properties) (convergent-proposer-syncing-densely) / Property feedback judge] at node: tool_result; tool calls: [result]
[Fallback Handling (12 properties) (convergent-proposer-syncing-densely) / Property feedback judge] at node: tools
[Fallback Handling (12 properties) (convergent-proposer-syncing-densely) / Property feedback judge] end
[Fallback Handling (12 properties) (convergent-proposer-syncing-densely)] at node: tools
[Fallback Handling (12 properties) (convergent-proposer-syncing-densely)] at node: tool_result; tool calls: [put_cvl_raw]
[Fallback Handling (12 properties) (convergent-proposer-syncing-densely)] at node: tools
[Fallback Handling (12 properties) (convergent-proposer-syncing-densely)] at node: tool_result; tool calls: [feedback_tool]
[Fallback Handling (12 properties) (convergent-proposer-syncing-densely) / Property feedback judge] start  (via tool: toolu_01SjZtuKyzBgvMVqPbHbmEXK)
[Fallback Handling (12 properties) (convergent-proposer-syncing-densely) / Property feedback judge] at node: initial; tool calls: [memory]
[Fallback Handling (12 properties) (convergent-proposer-syncing-densely) / Property feedback judge] at node: tools
[Fallback Handling (12 properties) (convergent-proposer-syncing-densely) / Property feedback judge] at node: tool_result; tool calls: [memory]
[Fallback Handling (12 properties) (convergent-proposer-syncing-densely) / Property feedback judge] at node: tools
[Storage Accessibility (10 properties) (recursive-widening-seeking-fairly) / Property feedback judge] at node: tool_result; tool calls: [memory]
[Storage Accessibility (10 properties) (recursive-widening-seeking-fairly) / Property feedback judge] at node: tools
[Transaction Execution (17 properties) (convergent-ring-proving-lazily)]; prover complete
[Transaction Execution (17 properties) (convergent-ring-proving-lazily)]: rule analysis start -> prop10_revertOnInnerFailureNoGasParams
[Transaction Execution (17 properties) (convergent-ring-proving-lazily)]: rule analysis start -> prop11_handlePaymentCalledWhenGasPricePositive
[Transaction Execution (17 properties) (convergent-ring-proving-lazily)]: rule analysis start -> prop12_nativeGasRefundIsIssued
[Transaction Execution (17 properties) (convergent-ring-proving-lazily)]: rule analysis start -> prop14_gasGriefingConfirmed
[Transaction Execution (17 properties) (convergent-ring-proving-lazily)]: rule analysis start -> prop15_executorFreeSignatureConfirmed
[Transaction Execution (17 properties) (convergent-ring-proving-lazily)]: rule analysis start -> prop1_nonceOnlyIncreasedByExecTransaction for execTransaction(address,uint256,bytes,uint8,uint256,uint256,uint256,address,address,bytes)
[Transaction Execution (17 properties) (convergent-ring-proving-lazily)]: rule analysis start -> prop1_nonceOnlyIncreasedByExecTransaction for getTransactionHash(address,uint256,bytes,uint8,uint256,uint256,uint256,address,address,uint256)
[Transaction Execution (17 properties) (convergent-ring-proving-lazily)]: rule analysis start -> prop2a_thresholdMustBePositiveForExecTx
[Transaction Execution (17 properties) (convergent-ring-proving-lazily)]: rule analysis start -> prop2b_sufficientSignaturesBytesMustBePresent
[Transaction Execution (17 properties) (convergent-ring-proving-lazily)]: rule analysis start -> prop5a_txHashUsesPreIncrementNonce
[Transaction Execution (17 properties) (convergent-ring-proving-lazily)]: rule analysis start -> prop6_guardPreHookCalledWhenGuardSet
[Transaction Execution (17 properties) (convergent-ring-proving-lazily)]: rule analysis start -> prop8_guardAddressPreservedDuringExecution
[Transaction Execution (17 properties) (convergent-ring-proving-lazily)]: rule analysis start -> prop9_noRevertOnInnerFailureWithGasParams
[Storage Accessibility (10 properties) (recursive-widening-seeking-fairly) / Property feedback judge] at node: tool_result; tool calls: [get_cvl]
[Storage Accessibility (10 properties) (recursive-widening-seeking-fairly) / Property feedback judge] at node: tools
[Storage Accessibility (10 properties) (recursive-widening-seeking-fairly) / Property feedback judge] at node: tool_result; tool calls: [write_rough_draft]
[Storage Accessibility (10 properties) (recursive-widening-seeking-fairly) / Property feedback judge] at node: tools
[Storage Accessibility (10 properties) (recursive-widening-seeking-fairly) / Property feedback judge] at node: tool_result; tool calls: [read_rough_draft]
[Storage Accessibility (10 properties) (recursive-widening-seeking-fairly) / Property feedback judge] at node: tools
[Storage Accessibility (10 properties) (recursive-widening-seeking-fairly) / Property feedback judge] at node: tool_result; tool calls: [memory]
[Storage Accessibility (10 properties) (recursive-widening-seeking-fairly) / Property feedback judge] at node: tools
[Transaction Execution (17 properties) (convergent-ring-proving-lazily)]: rule analysis complete -> prop15_executorFreeSignatureConfirmed
[Storage Accessibility (10 properties) (recursive-widening-seeking-fairly) / Property feedback judge] at node: tool_result; tool calls: [memory]
[Storage Accessibility (10 properties) (recursive-widening-seeking-fairly) / Property feedback judge] at node: tools
[Storage Accessibility (10 properties) (recursive-widening-seeking-fairly) / Property feedback judge] at node: tool_result; tool calls: [result]
[Storage Accessibility (10 properties) (recursive-widening-seeking-fairly) / Property feedback judge] at node: tools
[Storage Accessibility (10 properties) (recursive-widening-seeking-fairly) / Property feedback judge] end
[Storage Accessibility (10 properties) (recursive-widening-seeking-fairly)] at node: tools
[Transaction Execution (17 properties) (convergent-ring-proving-lazily)]: rule analysis complete -> prop6_guardPreHookCalledWhenGuardSet
[Transaction Execution (17 properties) (convergent-ring-proving-lazily)]: rule analysis complete -> prop8_guardAddressPreservedDuringExecution
[Storage Accessibility (10 properties) (recursive-widening-seeking-fairly)] at node: tool_result; tool calls: [feedback_tool]
[Storage Accessibility (10 properties) (recursive-widening-seeking-fairly) / Property feedback judge] start  (via tool: toolu_01M4vWYix64PGPaRMDRGFDkM)
[Transaction Execution (17 properties) (convergent-ring-proving-lazily)]: rule analysis complete -> prop1_nonceOnlyIncreasedByExecTransaction for getTransactionHash(address,uint256,bytes,uint8,uint256,uint256,uint256,address,address,uint256)
[Storage Accessibility (10 properties) (recursive-widening-seeking-fairly) / Property feedback judge] at node: initial; tool calls: [memory]
[Storage Accessibility (10 properties) (recursive-widening-seeking-fairly) / Property feedback judge] at node: tools
[Storage Accessibility (10 properties) (recursive-widening-seeking-fairly) / Property feedback judge] at node: tool_result; tool calls: [memory]
[Storage Accessibility (10 properties) (recursive-widening-seeking-fairly) / Property feedback judge] at node: tools
[Transaction Execution (17 properties) (convergent-ring-proving-lazily)]: rule analysis complete -> prop1_nonceOnlyIncreasedByExecTransaction for execTransaction(address,uint256,bytes,uint8,uint256,uint256,uint256,address,address,bytes)
[Transaction Execution (17 properties) (convergent-ring-proving-lazily)]: rule analysis complete -> prop9_noRevertOnInnerFailureWithGasParams
[Fallback Handling (12 properties) (convergent-proposer-syncing-densely) / Property feedback judge] at node: tool_result; tool calls: [get_cvl]
[Fallback Handling (12 properties) (convergent-proposer-syncing-densely) / Property feedback judge] at node: tools
[Transaction Execution (17 properties) (convergent-ring-proving-lazily)]: rule analysis complete -> prop11_handlePaymentCalledWhenGasPricePositive
[Fallback Handling (12 properties) (convergent-proposer-syncing-densely) / Property feedback judge] at node: tool_result; tool calls: [write_rough_draft]
[Fallback Handling (12 properties) (convergent-proposer-syncing-densely) / Property feedback judge] at node: tools
[Fallback Handling (12 properties) (convergent-proposer-syncing-densely) / Property feedback judge] at node: tool_result; tool calls: [read_rough_draft]
[Fallback Handling (12 properties) (convergent-proposer-syncing-densely) / Property feedback judge] at node: tools
[Fallback Handling (12 properties) (convergent-proposer-syncing-densely) / Property feedback judge] at node: tool_result; tool calls: [memory]
[Fallback Handling (12 properties) (convergent-proposer-syncing-densely) / Property feedback judge] at node: tools
[Fallback Handling (12 properties) (convergent-proposer-syncing-densely) / Property feedback judge] at node: tool_result; tool calls: [result]
[Fallback Handling (12 properties) (convergent-proposer-syncing-densely) / Property feedback judge] at node: tools
[Fallback Handling (12 properties) (convergent-proposer-syncing-densely) / Property feedback judge] end
[Fallback Handling (12 properties) (convergent-proposer-syncing-densely)] at node: tools
[Transaction Execution (17 properties) (convergent-ring-proving-lazily)]: rule analysis complete -> prop2a_thresholdMustBePositiveForExecTx
[Fallback Handling (12 properties) (convergent-proposer-syncing-densely)] at node: tool_result; tool calls: [memory]
[Fallback Handling (12 properties) (convergent-proposer-syncing-densely)] at node: tools
[Fallback Handling (12 properties) (convergent-proposer-syncing-densely)] at node: tool_result; tool calls: [verify_spec]
[Fallback Handling (12 properties) (convergent-proposer-syncing-densely)]: prover start
[Fallback Handling (12 properties) (convergent-proposer-syncing-densely)] at node: tools
[Transaction Execution (17 properties) (convergent-ring-proving-lazily)]: rule analysis complete -> prop2b_sufficientSignaturesBytesMustBePresent
[Transaction Execution (17 properties) (convergent-ring-proving-lazily)]: rule analysis complete -> prop12_nativeGasRefundIsIssued
[Storage Accessibility (10 properties) (recursive-widening-seeking-fairly) / Property feedback judge] at node: tool_result; tool calls: [get_cvl]
[Storage Accessibility (10 properties) (recursive-widening-seeking-fairly) / Property feedback judge] at node: tools
[Fallback Handling (12 properties) (convergent-proposer-syncing-densely)] at node: summarize
[Fallback Handling (12 properties) (convergent-proposer-syncing-densely)] at node: tool_result; tool calls: [memory]
[Fallback Handling (12 properties) (convergent-proposer-syncing-densely)] at node: tools
[Fallback Handling (12 properties) (convergent-proposer-syncing-densely)] at node: tool_result; tool calls: [memory]
[Fallback Handling (12 properties) (convergent-proposer-syncing-densely)] at node: tools
[Transaction Execution (17 properties) (convergent-ring-proving-lazily)]: rule analysis complete -> prop14_gasGriefingConfirmed
[Fallback Handling (12 properties) (convergent-proposer-syncing-densely)] at node: tool_result; tool calls: [get_cvl]
[Fallback Handling (12 properties) (convergent-proposer-syncing-densely)] at node: tools
[Storage Accessibility (10 properties) (recursive-widening-seeking-fairly) / Property feedback judge] at node: tool_result; tool calls: [write_rough_draft]
[Storage Accessibility (10 properties) (recursive-widening-seeking-fairly) / Property feedback judge] at node: tools
[Storage Accessibility (10 properties) (recursive-widening-seeking-fairly) / Property feedback judge] at node: tool_result; tool calls: [read_rough_draft]
[Storage Accessibility (10 properties) (recursive-widening-seeking-fairly) / Property feedback judge] at node: tools
[Storage Accessibility (10 properties) (recursive-widening-seeking-fairly) / Property feedback judge] at node: tool_result; tool calls: [memory]
[Storage Accessibility (10 properties) (recursive-widening-seeking-fairly) / Property feedback judge] at node: tools
[Storage Accessibility (10 properties) (recursive-widening-seeking-fairly) / Property feedback judge] at node: tool_result; tool calls: [memory]
[Storage Accessibility (10 properties) (recursive-widening-seeking-fairly) / Property feedback judge] at node: tools
[Storage Accessibility (10 properties) (recursive-widening-seeking-fairly) / Property feedback judge] at node: tool_result; tool calls: [result]
[Storage Accessibility (10 properties) (recursive-widening-seeking-fairly) / Property feedback judge] at node: tools
[Storage Accessibility (10 properties) (recursive-widening-seeking-fairly) / Property feedback judge] end
[Storage Accessibility (10 properties) (recursive-widening-seeking-fairly)] at node: tools
[Fallback Handling (12 properties) (convergent-proposer-syncing-densely)] at node: tool_result; tool calls: [put_cvl_raw]
[Fallback Handling (12 properties) (convergent-proposer-syncing-densely)] at node: tools
[Module Management (24 properties) (optimal-verifier-wrapping-sharply)]; prover complete
[Fallback Handling (12 properties) (convergent-proposer-syncing-densely)] at node: tool_result; tool calls: [memory]
[Storage Accessibility (10 properties) (recursive-widening-seeking-fairly)] at node: tool_result; tool calls: [verify_spec]
[Storage Accessibility (10 properties) (recursive-widening-seeking-fairly)]: prover start
[Fallback Handling (12 properties) (convergent-proposer-syncing-densely)] at node: tools
[Fallback Handling (12 properties) (convergent-proposer-syncing-densely)] at node: tool_result; tool calls: [verify_spec]
[Fallback Handling (12 properties) (convergent-proposer-syncing-densely)]: prover start
[Fallback Handling (12 properties) (convergent-proposer-syncing-densely)] at node: tools
[Fallback Handling (12 properties) (convergent-proposer-syncing-densely)] at node: tool_result; tool calls: [get_file]
[Fallback Handling (12 properties) (convergent-proposer-syncing-densely)] at node: tools
[Fallback Handling (12 properties) (convergent-proposer-syncing-densely)] at node: tool_result; tool calls: [get_file, get_file]
[Fallback Handling (12 properties) (convergent-proposer-syncing-densely)] at node: tools
[Module Management (24 properties) (optimal-verifier-wrapping-sharply)] at node: tools
[Fallback Handling (12 properties) (convergent-proposer-syncing-densely)] at node: tool_result; tool calls: [list_files]
[Fallback Handling (12 properties) (convergent-proposer-syncing-densely)] at node: tools
[Fallback Handling (12 properties) (convergent-proposer-syncing-densely)] at node: tool_result; tool calls: [get_file]
[Fallback Handling (12 properties) (convergent-proposer-syncing-densely)] at node: tools
[Fallback Handling (12 properties) (convergent-proposer-syncing-densely)] at node: tool_result; tool calls: [get_file]
[Fallback Handling (12 properties) (convergent-proposer-syncing-densely)] at node: tools
[Fallback Handling (12 properties) (convergent-proposer-syncing-densely)] at node: tool_result; tool calls: [get_file]
[Fallback Handling (12 properties) (convergent-proposer-syncing-densely)] at node: tools
[Fallback Handling (12 properties) (convergent-proposer-syncing-densely)] at node: tool_result; tool calls: [get_file]
[Fallback Handling (12 properties) (convergent-proposer-syncing-densely)] at node: tools
[Module Management (24 properties) (optimal-verifier-wrapping-sharply)] at node: tool_result; tool calls: [get_file]
[Module Management (24 properties) (optimal-verifier-wrapping-sharply)] at node: tools
[Fallback Handling (12 properties) (convergent-proposer-syncing-densely)] at node: tool_result; tool calls: [get_file]
[Fallback Handling (12 properties) (convergent-proposer-syncing-densely)] at node: tools
[Fallback Handling (12 properties) (convergent-proposer-syncing-densely)] at node: tool_result; tool calls: [get_file]
[Fallback Handling (12 properties) (convergent-proposer-syncing-densely)] at node: tools
[Fallback Handling (12 properties) (convergent-proposer-syncing-densely)] at node: tool_result; tool calls: [grep_files]
[Fallback Handling (12 properties) (convergent-proposer-syncing-densely)] at node: tools
[Fallback Handling (12 properties) (convergent-proposer-syncing-densely)] at node: tool_result; tool calls: [get_file]
[Fallback Handling (12 properties) (convergent-proposer-syncing-densely)] at node: tools
[Storage Accessibility (10 properties) (recursive-widening-seeking-fairly)]; prover complete
[Storage Accessibility (10 properties) (recursive-widening-seeking-fairly)]: rule analysis start -> getStorageAt_no_access_control
[Fallback Handling (12 properties) (convergent-proposer-syncing-densely)] at node: tool_result; tool calls: [get_file]
[Fallback Handling (12 properties) (convergent-proposer-syncing-densely)] at node: tools
[Fallback Handling (12 properties) (convergent-proposer-syncing-densely)] at node: tool_result; tool calls: [get_file]
[Fallback Handling (12 properties) (convergent-proposer-syncing-densely)] at node: tools
[Transaction Execution (17 properties) (convergent-ring-proving-lazily)]: rule analysis complete -> prop5a_txHashUsesPreIncrementNonce
[Fallback Handling (12 properties) (convergent-proposer-syncing-densely)] at node: tool_result; tool calls: [grep_files]
[Fallback Handling (12 properties) (convergent-proposer-syncing-densely)] at node: tools
[Fallback Handling (12 properties) (convergent-proposer-syncing-densely)] at node: tool_result; tool calls: [grep_files]
[Fallback Handling (12 properties) (convergent-proposer-syncing-densely)] at node: tools
[Fallback Handling (12 properties) (convergent-proposer-syncing-densely)] at node: tool_result; tool calls: [get_file]
[Fallback Handling (12 properties) (convergent-proposer-syncing-densely)] at node: tools
[Storage Accessibility (10 properties) (recursive-widening-seeking-fairly)]: rule analysis complete -> getStorageAt_no_access_control
[Storage Accessibility (10 properties) (recursive-widening-seeking-fairly)] at node: tools
[Module Management (24 properties) (optimal-verifier-wrapping-sharply)] at node: tool_result; tool calls: [grep_files]
[Module Management (24 properties) (optimal-verifier-wrapping-sharply)] at node: tools
[Module Management (24 properties) (optimal-verifier-wrapping-sharply)] at node: tool_result; tool calls: [get_file]
[Module Management (24 properties) (optimal-verifier-wrapping-sharply)] at node: tools
[Storage Accessibility (10 properties) (recursive-widening-seeking-fairly)] at node: tool_result; tool calls: [put_cvl_raw]
[Storage Accessibility (10 properties) (recursive-widening-seeking-fairly)] at node: tools
[Storage Accessibility (10 properties) (recursive-widening-seeking-fairly)] at node: tool_result; tool calls: [feedback_tool]
[Storage Accessibility (10 properties) (recursive-widening-seeking-fairly) / Property feedback judge] start  (via tool: toolu_01VM9LWgSiKkH5Eq9pCEQ4K6)
[Storage Accessibility (10 properties) (recursive-widening-seeking-fairly) / Property feedback judge] at node: initial; tool calls: [memory]
[Storage Accessibility (10 properties) (recursive-widening-seeking-fairly) / Property feedback judge] at node: tools
[Storage Accessibility (10 properties) (recursive-widening-seeking-fairly) / Property feedback judge] at node: tool_result; tool calls: [memory]
[Storage Accessibility (10 properties) (recursive-widening-seeking-fairly) / Property feedback judge] at node: tools
[Fallback Handling (12 properties) (convergent-proposer-syncing-densely)] at node: tool_result; tool calls: [put_cvl_raw]
[Fallback Handling (12 properties) (convergent-proposer-syncing-densely)] at node: tools
[Fallback Handling (12 properties) (convergent-proposer-syncing-densely)] at node: tool_result; tool calls: [verify_spec]
[Fallback Handling (12 properties) (convergent-proposer-syncing-densely)]: prover start
[Storage Accessibility (10 properties) (recursive-widening-seeking-fairly) / Property feedback judge] at node: tool_result; tool calls: [get_cvl]
[Storage Accessibility (10 properties) (recursive-widening-seeking-fairly) / Property feedback judge] at node: tools
[Storage Accessibility (10 properties) (recursive-widening-seeking-fairly) / Property feedback judge] at node: tool_result; tool calls: [write_rough_draft]
[Storage Accessibility (10 properties) (recursive-widening-seeking-fairly) / Property feedback judge] at node: tools
[Storage Accessibility (10 properties) (recursive-widening-seeking-fairly) / Property feedback judge] at node: tool_result; tool calls: [read_rough_draft]
[Storage Accessibility (10 properties) (recursive-widening-seeking-fairly) / Property feedback judge] at node: tools
[Storage Accessibility (10 properties) (recursive-widening-seeking-fairly) / Property feedback judge] at node: tool_result; tool calls: [memory]
[Storage Accessibility (10 properties) (recursive-widening-seeking-fairly) / Property feedback judge] at node: tools
[Storage Accessibility (10 properties) (recursive-widening-seeking-fairly) / Property feedback judge] at node: tool_result; tool calls: [memory]
[Storage Accessibility (10 properties) (recursive-widening-seeking-fairly) / Property feedback judge] at node: tools
[Storage Accessibility (10 properties) (recursive-widening-seeking-fairly) / Property feedback judge] at node: tool_result; tool calls: [result]
[Storage Accessibility (10 properties) (recursive-widening-seeking-fairly) / Property feedback judge] at node: tools
[Storage Accessibility (10 properties) (recursive-widening-seeking-fairly) / Property feedback judge] end
[Storage Accessibility (10 properties) (recursive-widening-seeking-fairly)] at node: tools
[Storage Accessibility (10 properties) (recursive-widening-seeking-fairly)] at node: tool_result; tool calls: [verify_spec]
[Storage Accessibility (10 properties) (recursive-widening-seeking-fairly)]: prover start
[Module Management (24 properties) (optimal-verifier-wrapping-sharply)] at node: tool_result; tool calls: [get_file]
[Module Management (24 properties) (optimal-verifier-wrapping-sharply)] at node: tools
[Transaction Execution (17 properties) (convergent-ring-proving-lazily)]: rule analysis complete -> prop10_revertOnInnerFailureNoGasParams
[Module Management (24 properties) (optimal-verifier-wrapping-sharply)] at node: tool_result; tool calls: [put_cvl_raw]
[Module Management (24 properties) (optimal-verifier-wrapping-sharply)] at node: tools
[Module Management (24 properties) (optimal-verifier-wrapping-sharply)] at node: tool_result; tool calls: [verify_spec]
[Module Management (24 properties) (optimal-verifier-wrapping-sharply)]: prover start
[Transaction Execution (17 properties) (convergent-ring-proving-lazily)] at node: tools
[Storage Accessibility (10 properties) (recursive-widening-seeking-fairly)]; prover complete
[Storage Accessibility (10 properties) (recursive-widening-seeking-fairly)] at node: tools
[Storage Accessibility (10 properties) (recursive-widening-seeking-fairly)] at node: tool_result; tool calls: [memory]
[Storage Accessibility (10 properties) (recursive-widening-seeking-fairly)] at node: tools
[Storage Accessibility (10 properties) (recursive-widening-seeking-fairly)] at node: tool_result; tool calls: [result]
[Storage Accessibility (10 properties) (recursive-widening-seeking-fairly)] at node: tools
[Storage Accessibility (10 properties) (recursive-widening-seeking-fairly)] end
[Storage Accessibility (10 properties)] ✓ done
[Fallback Handling (12 properties) (convergent-proposer-syncing-densely)]; prover complete
[Fallback Handling (12 properties) (convergent-proposer-syncing-densely)]: rule analysis start -> prop11_fallback_handler_config_unchanged for <receiveOrFallback>()
[Fallback Handling (12 properties) (convergent-proposer-syncing-densely)]: rule analysis start -> prop2_handler_modification_control for <receiveOrFallback>()
[Fallback Handling (12 properties) (convergent-proposer-syncing-densely)]: rule analysis start -> prop2_handler_modification_control for getTransactionHash(address,uint256,bytes,uint8,uint256,uint256,uint256,address,address,uint256)
[Fallback Handling (12 properties) (convergent-proposer-syncing-densely)]: rule analysis start -> prop6_zero_handler_fallback_returns_silently for <receiveOrFallback>()
[Fallback Handling (12 properties) (convergent-proposer-syncing-densely)]: rule analysis start -> prop7_fallback_nonpayable_reverts_with_eth for <receiveOrFallback>()
[Fallback Handling (12 properties) (convergent-proposer-syncing-densely)]: rule analysis start -> setFallbackHandler_revert_characteristics
[Fallback Handling (12 properties) (convergent-proposer-syncing-densely)]: rule analysis complete -> setFallbackHandler_revert_characteristics
[Fallback Handling (12 properties) (convergent-proposer-syncing-densely)]: rule analysis complete -> prop7_fallback_nonpayable_reverts_with_eth for <receiveOrFallback>()
[Fallback Handling (12 properties) (convergent-proposer-syncing-densely)]: rule analysis complete -> prop6_zero_handler_fallback_returns_silently for <receiveOrFallback>()
[Fallback Handling (12 properties) (convergent-proposer-syncing-densely)]: rule analysis complete -> prop2_handler_modification_control for <receiveOrFallback>()
[Fallback Handling (12 properties) (convergent-proposer-syncing-densely)]: rule analysis complete -> prop11_fallback_handler_config_unchanged for <receiveOrFallback>()
[Fallback Handling (12 properties) (convergent-proposer-syncing-densely)]: rule analysis complete -> prop2_handler_modification_control for getTransactionHash(address,uint256,bytes,uint8,uint256,uint256,uint256,address,address,uint256)
[Fallback Handling (12 properties) (convergent-proposer-syncing-densely)] at node: tools
[Fallback Handling (12 properties) (convergent-proposer-syncing-densely)] at node: tool_result; tool calls: [get_file]
[Fallback Handling (12 properties) (convergent-proposer-syncing-densely)] at node: tools
[Fallback Handling (12 properties) (convergent-proposer-syncing-densely)] at node: tool_result; tool calls: [get_file]
[Fallback Handling (12 properties) (convergent-proposer-syncing-densely)] at node: tools
[Fallback Handling (12 properties) (convergent-proposer-syncing-densely)] at node: tool_result; tool calls: [get_file]
[Fallback Handling (12 properties) (convergent-proposer-syncing-densely)] at node: tools
[Transaction Execution (17 properties) (convergent-ring-proving-lazily)] at node: tool_result; tool calls: [put_cvl_raw]
[Transaction Execution (17 properties) (convergent-ring-proving-lazily)] at node: tools
[Transaction Execution (17 properties) (convergent-ring-proving-lazily)] at node: tool_result; tool calls: [verify_spec]
[Transaction Execution (17 properties) (convergent-ring-proving-lazily)]: prover start
[Transaction Execution (17 properties) (convergent-ring-proving-lazily)] at node: tools
[Transaction Execution (17 properties) (convergent-ring-proving-lazily)] at node: tool_result; tool calls: [grep_files]
[Transaction Execution (17 properties) (convergent-ring-proving-lazily)] at node: tools
[Transaction Execution (17 properties) (convergent-ring-proving-lazily)] at node: tool_result; tool calls: [grep_files]
[Transaction Execution (17 properties) (convergent-ring-proving-lazily)] at node: tools
[Module Management (24 properties) (optimal-verifier-wrapping-sharply)]; prover complete
[Module Management (24 properties) (optimal-verifier-wrapping-sharply)] at node: tools
[Module Management (24 properties) (optimal-verifier-wrapping-sharply)] at node: tool_result; tool calls: [feedback_tool]
[Module Management (24 properties) (optimal-verifier-wrapping-sharply) / Property feedback judge] start  (via tool: toolu_01Pm2mPazBr2HJvY8PDXa5pc)
[Module Management (24 properties) (optimal-verifier-wrapping-sharply) / Property feedback judge] at node: initial; tool calls: [memory]
[Module Management (24 properties) (optimal-verifier-wrapping-sharply) / Property feedback judge] at node: tools
[Module Management (24 properties) (optimal-verifier-wrapping-sharply) / Property feedback judge] at node: tool_result; tool calls: [memory]
[Module Management (24 properties) (optimal-verifier-wrapping-sharply) / Property feedback judge] at node: tools
[Transaction Execution (17 properties) (convergent-ring-proving-lazily)] at node: tool_result; tool calls: [grep_files]
[Transaction Execution (17 properties) (convergent-ring-proving-lazily)] at node: tools
[Transaction Execution (17 properties) (convergent-ring-proving-lazily)] at node: tool_result; tool calls: [grep_files]
[Transaction Execution (17 properties) (convergent-ring-proving-lazily)] at node: tools
[Fallback Handling (12 properties) (convergent-proposer-syncing-densely)] at node: tool_result; tool calls: [put_cvl_raw]
[Transaction Execution (17 properties) (convergent-ring-proving-lazily)] at node: tool_result; tool calls: [list_files]
[Fallback Handling (12 properties) (convergent-proposer-syncing-densely)] at node: tools
[Transaction Execution (17 properties) (convergent-ring-proving-lazily)] at node: tools
[Transaction Execution (17 properties) (convergent-ring-proving-lazily)] at node: tool_result; tool calls: [get_file]
[Transaction Execution (17 properties) (convergent-ring-proving-lazily)] at node: tools
[Fallback Handling (12 properties) (convergent-proposer-syncing-densely)] at node: tool_result; tool calls: [memory]
[Fallback Handling (12 properties) (convergent-proposer-syncing-densely)] at node: tools
[Transaction Execution (17 properties) (convergent-ring-proving-lazily)] at node: tool_result; tool calls: [get_file]
[Transaction Execution (17 properties) (convergent-ring-proving-lazily)] at node: tools
[Fallback Handling (12 properties) (convergent-proposer-syncing-densely)] at node: tool_result; tool calls: [verify_spec]
[Fallback Handling (12 properties) (convergent-proposer-syncing-densely)]: prover start
[Transaction Execution (17 properties) (convergent-ring-proving-lazily)] at node: tool_result; tool calls: [get_file]
[Transaction Execution (17 properties) (convergent-ring-proving-lazily)] at node: tools
[Module Management (24 properties) (optimal-verifier-wrapping-sharply) / Property feedback judge] at node: tool_result; tool calls: [get_cvl]
[Module Management (24 properties) (optimal-verifier-wrapping-sharply) / Property feedback judge] at node: tools
[Transaction Execution (17 properties) (convergent-ring-proving-lazily)] at node: tool_result; tool calls: [put_cvl_raw]
[Transaction Execution (17 properties) (convergent-ring-proving-lazily)] at node: tools
[Transaction Execution (17 properties) (convergent-ring-proving-lazily)] at node: tool_result; tool calls: [verify_spec]
[Transaction Execution (17 properties) (convergent-ring-proving-lazily)]: prover start
[Transaction Execution (17 properties) (convergent-ring-proving-lazily)] at node: tools
[Transaction Execution (17 properties) (convergent-ring-proving-lazily)] at node: tool_result; tool calls: [get_file, get_file]
[Transaction Execution (17 properties) (convergent-ring-proving-lazily)] at node: tools
[Module Management (24 properties) (optimal-verifier-wrapping-sharply) / Property feedback judge] at node: tool_result; tool calls: [write_rough_draft]
[Module Management (24 properties) (optimal-verifier-wrapping-sharply) / Property feedback judge] at node: tools
[Module Management (24 properties) (optimal-verifier-wrapping-sharply) / Property feedback judge] at node: tool_result; tool calls: [read_rough_draft]
[Module Management (24 properties) (optimal-verifier-wrapping-sharply) / Property feedback judge] at node: tools
[Module Management (24 properties) (optimal-verifier-wrapping-sharply) / Property feedback judge] at node: tool_result; tool calls: [memory]
[Module Management (24 properties) (optimal-verifier-wrapping-sharply) / Property feedback judge] at node: tools
[Module Management (24 properties) (optimal-verifier-wrapping-sharply) / Property feedback judge] at node: tool_result; tool calls: [result]
[Module Management (24 properties) (optimal-verifier-wrapping-sharply) / Property feedback judge] at node: tools
[Module Management (24 properties) (optimal-verifier-wrapping-sharply) / Property feedback judge] end
[Module Management (24 properties) (optimal-verifier-wrapping-sharply)] at node: tools
[Module Management (24 properties) (optimal-verifier-wrapping-sharply)] at node: tool_result; tool calls: [memory]
[Module Management (24 properties) (optimal-verifier-wrapping-sharply)] at node: tools
[Module Management (24 properties) (optimal-verifier-wrapping-sharply)] at node: tool_result; tool calls: [result]
[Module Management (24 properties) (optimal-verifier-wrapping-sharply)] at node: tools
[Module Management (24 properties) (optimal-verifier-wrapping-sharply)] end
[Module Management (24 properties)] ✓ done
[Fallback Handling (12 properties) (convergent-proposer-syncing-densely)]; prover complete
[Fallback Handling (12 properties) (convergent-proposer-syncing-densely)] at node: tools
[Transaction Execution (17 properties) (convergent-ring-proving-lazily)] at node: tool_result; tool calls: [put_cvl_raw]
[Transaction Execution (17 properties) (convergent-ring-proving-lazily)] at node: tools
[Transaction Execution (17 properties) (convergent-ring-proving-lazily)] at node: tool_result; tool calls: [verify_spec]
[Transaction Execution (17 properties) (convergent-ring-proving-lazily)]: prover start
[Transaction Execution (17 properties) (convergent-ring-proving-lazily)] at node: tools
[Transaction Execution (17 properties) (convergent-ring-proving-lazily)] at node: tool_result; tool calls: [grep_files]
[Transaction Execution (17 properties) (convergent-ring-proving-lazily)] at node: tools
[Transaction Execution (17 properties) (convergent-ring-proving-lazily)] at node: tool_result; tool calls: [grep_files]
[Transaction Execution (17 properties) (convergent-ring-proving-lazily)] at node: tools
[Transaction Execution (17 properties) (convergent-ring-proving-lazily)] at node: tool_result; tool calls: [grep_files]
[Transaction Execution (17 properties) (convergent-ring-proving-lazily)] at node: tools
[Transaction Execution (17 properties) (convergent-ring-proving-lazily)] at node: tool_result; tool calls: [get_file]
[Transaction Execution (17 properties) (convergent-ring-proving-lazily)] at node: tools
[Fallback Handling (12 properties) (convergent-proposer-syncing-densely)] at node: tool_result; tool calls: [get_file]
[Fallback Handling (12 properties) (convergent-proposer-syncing-densely)] at node: tools
[Fallback Handling (12 properties) (convergent-proposer-syncing-densely)] at node: tool_result; tool calls: [cvl_research]
[Fallback Handling (12 properties) (convergent-proposer-syncing-densely) / CVL Researcher] start  (via tool: toolu_01Kp8LyJ3XDHbKsVwHwXPKEW)
[Fallback Handling (12 properties) (convergent-proposer-syncing-densely) / CVL Researcher] at node: initial; tool calls: [cvl_keyword_search, cvl_manual_search]
[Fallback Handling (12 properties) (convergent-proposer-syncing-densely) / CVL Researcher] at node: tools
[Fallback Handling (12 properties) (convergent-proposer-syncing-densely) / CVL Researcher] at node: tool_result; tool calls: [cvl_keyword_search, get_cvl_manual_section]
[Fallback Handling (12 properties) (convergent-proposer-syncing-densely) / CVL Researcher] at node: tools
[Fallback Handling (12 properties) (convergent-proposer-syncing-densely) / CVL Researcher] at node: tool_result; tool calls: [get_cvl_manual_section, get_cvl_manual_section]
[Fallback Handling (12 properties) (convergent-proposer-syncing-densely) / CVL Researcher] at node: tools
[Fallback Handling (12 properties) (convergent-proposer-syncing-densely) / CVL Researcher] at node: tool_result; tool calls: [get_cvl_manual_section, get_cvl_manual_section]
[Fallback Handling (12 properties) (convergent-proposer-syncing-densely) / CVL Researcher] at node: tools
[Fallback Handling (12 properties) (convergent-proposer-syncing-densely) / CVL Researcher] at node: tool_result; tool calls: [write_rough_draft]
[Fallback Handling (12 properties) (convergent-proposer-syncing-densely) / CVL Researcher] at node: tools
[Fallback Handling (12 properties) (convergent-proposer-syncing-densely) / CVL Researcher] at node: tool_result; tool calls: [read_rough_draft]
[Fallback Handling (12 properties) (convergent-proposer-syncing-densely) / CVL Researcher] at node: tools
[Fallback Handling (12 properties) (convergent-proposer-syncing-densely) / CVL Researcher] at node: tool_result; tool calls: [result]
[Fallback Handling (12 properties) (convergent-proposer-syncing-densely) / CVL Researcher] at node: tools
[Fallback Handling (12 properties) (convergent-proposer-syncing-densely) / CVL Researcher] end
[Transaction Execution (17 properties) (convergent-ring-proving-lazily)] at node: tool_result; tool calls: [put_cvl_raw]
[Fallback Handling (12 properties) (convergent-proposer-syncing-densely)] at node: tools
[Transaction Execution (17 properties) (convergent-ring-proving-lazily)] at node: tools
[Transaction Execution (17 properties) (convergent-ring-proving-lazily)] at node: tool_result; tool calls: [verify_spec]
[Transaction Execution (17 properties) (convergent-ring-proving-lazily)]: prover start
[Transaction Execution (17 properties) (convergent-ring-proving-lazily)]; prover complete
[Transaction Execution (17 properties) (convergent-ring-proving-lazily)]: rule analysis start -> prop2a_thresholdMustBePositiveForExecTx
[Transaction Execution (17 properties) (convergent-ring-proving-lazily)]: rule analysis complete -> prop2a_thresholdMustBePositiveForExecTx
[Transaction Execution (17 properties) (convergent-ring-proving-lazily)] at node: tools
[Transaction Execution (17 properties) (convergent-ring-proving-lazily)] at node: tool_result; tool calls: [get_file]
[Transaction Execution (17 properties) (convergent-ring-proving-lazily)] at node: tools
[Transaction Execution (17 properties) (convergent-ring-proving-lazily)] at node: tool_result; tool calls: [get_file]
[Transaction Execution (17 properties) (convergent-ring-proving-lazily)] at node: tools
[Transaction Execution (17 properties) (convergent-ring-proving-lazily)] at node: tool_result; tool calls: [grep_files]
[Transaction Execution (17 properties) (convergent-ring-proving-lazily)] at node: tools
[Transaction Execution (17 properties) (convergent-ring-proving-lazily)] at node: tool_result; tool calls: [grep_files]
[Transaction Execution (17 properties) (convergent-ring-proving-lazily)] at node: tools
[Transaction Execution (17 properties) (convergent-ring-proving-lazily)] at node: tool_result; tool calls: [get_file]
[Transaction Execution (17 properties) (convergent-ring-proving-lazily)] at node: tools
[Transaction Execution (17 properties) (convergent-ring-proving-lazily)] at node: tool_result; tool calls: [grep_files]
[Transaction Execution (17 properties) (convergent-ring-proving-lazily)] at node: tools
[Transaction Execution (17 properties) (convergent-ring-proving-lazily)] at node: tool_result; tool calls: [get_file]
[Transaction Execution (17 properties) (convergent-ring-proving-lazily)] at node: tools
[Transaction Execution (17 properties) (convergent-ring-proving-lazily)] at node: tool_result; tool calls: [put_cvl_raw]
[Transaction Execution (17 properties) (convergent-ring-proving-lazily)] at node: tools
[Transaction Execution (17 properties) (convergent-ring-proving-lazily)] at node: tool_result; tool calls: [verify_spec]
[Transaction Execution (17 properties) (convergent-ring-proving-lazily)]: prover start
[Fallback Handling (12 properties) (convergent-proposer-syncing-densely)] at node: tool_result; tool calls: [get_file]
[Fallback Handling (12 properties) (convergent-proposer-syncing-densely)] at node: tools
[Fallback Handling (12 properties) (convergent-proposer-syncing-densely)] at node: tool_result; tool calls: [get_file]
[Fallback Handling (12 properties) (convergent-proposer-syncing-densely)] at node: tools
[Fallback Handling (12 properties) (convergent-proposer-syncing-densely)] at node: tool_result; tool calls: [get_file]
[Fallback Handling (12 properties) (convergent-proposer-syncing-densely)] at node: tools
[Transaction Execution (17 properties) (convergent-ring-proving-lazily)]; prover complete
[Transaction Execution (17 properties) (convergent-ring-proving-lazily)]: rule analysis start -> prop10_revertOnInnerFailureNoGasParams
[Transaction Execution (17 properties) (convergent-ring-proving-lazily)]: rule analysis start -> prop2a_thresholdMustBePositiveForExecTx
[Transaction Execution (17 properties) (convergent-ring-proving-lazily)]: rule analysis start -> prop2b_sufficientSignaturesBytesMustBePresent
[Transaction Execution (17 properties) (convergent-ring-proving-lazily)]: rule analysis start -> prop5a_txHashUsesPreIncrementNonce
[Transaction Execution (17 properties) (convergent-ring-proving-lazily)]: rule analysis start -> prop8_guardAddressPreservedDuringExecution
[Transaction Execution (17 properties) (convergent-ring-proving-lazily)]: rule analysis start -> prop9_noRevertOnInnerFailureWithGasParams
[Transaction Execution (17 properties) (convergent-ring-proving-lazily)]: rule analysis complete -> prop2a_thresholdMustBePositiveForExecTx
[Fallback Handling (12 properties) (convergent-proposer-syncing-densely)] at node: tool_result; tool calls: [put_cvl_raw]
[Fallback Handling (12 properties) (convergent-proposer-syncing-densely)] at node: tools
[Transaction Execution (17 properties) (convergent-ring-proving-lazily)]: rule analysis complete -> prop8_guardAddressPreservedDuringExecution
[Transaction Execution (17 properties) (convergent-ring-proving-lazily)]: rule analysis complete -> prop2b_sufficientSignaturesBytesMustBePresent
[Transaction Execution (17 properties) (convergent-ring-proving-lazily)]: rule analysis complete -> prop10_revertOnInnerFailureNoGasParams
[Fallback Handling (12 properties) (convergent-proposer-syncing-densely)] at node: summarize
[Transaction Execution (17 properties) (convergent-ring-proving-lazily)]: rule analysis complete -> prop9_noRevertOnInnerFailureWithGasParams
[Fallback Handling (12 properties) (convergent-proposer-syncing-densely)] at node: tool_result; tool calls: [memory, get_cvl]
[Fallback Handling (12 properties) (convergent-proposer-syncing-densely)] at node: tools
[Fallback Handling (12 properties) (convergent-proposer-syncing-densely)] at node: tool_result; tool calls: [record_skip]
[Fallback Handling (12 properties) (convergent-proposer-syncing-densely)] at node: tools
[Fallback Handling (12 properties) (convergent-proposer-syncing-densely)] at node: tool_result; tool calls: [memory]
[Fallback Handling (12 properties) (convergent-proposer-syncing-densely)] at node: tools
[Fallback Handling (12 properties) (convergent-proposer-syncing-densely)] at node: tool_result; tool calls: [memory]
[Fallback Handling (12 properties) (convergent-proposer-syncing-densely)] at node: tools
[Fallback Handling (12 properties) (convergent-proposer-syncing-densely)] at node: tool_result; tool calls: [memory]
[Fallback Handling (12 properties) (convergent-proposer-syncing-densely)] at node: tools
[Fallback Handling (12 properties) (convergent-proposer-syncing-densely)] at node: tool_result; tool calls: [verify_spec]
[Fallback Handling (12 properties) (convergent-proposer-syncing-densely)]: prover start
[Transaction Execution (17 properties) (convergent-ring-proving-lazily)]: rule analysis complete -> prop5a_txHashUsesPreIncrementNonce
[Transaction Execution (17 properties) (convergent-ring-proving-lazily)] at node: tools
[Transaction Execution (17 properties) (convergent-ring-proving-lazily)] at node: tool_result; tool calls: [get_file]
[Transaction Execution (17 properties) (convergent-ring-proving-lazily)] at node: tools
[Transaction Execution (17 properties) (convergent-ring-proving-lazily)] at node: summarize
[Transaction Execution (17 properties) (convergent-ring-proving-lazily)] at node: tool_result; tool calls: [memory]
[Transaction Execution (17 properties) (convergent-ring-proving-lazily)] at node: tools
[Transaction Execution (17 properties) (convergent-ring-proving-lazily)] at node: tool_result; tool calls: [memory]
[Transaction Execution (17 properties) (convergent-ring-proving-lazily)] at node: tools
[Transaction Execution (17 properties) (convergent-ring-proving-lazily)] at node: tool_result; tool calls: [get_cvl]
[Transaction Execution (17 properties) (convergent-ring-proving-lazily)] at node: tools
[Transaction Execution (17 properties) (convergent-ring-proving-lazily)] at node: tool_result; tool calls: [get_file, get_file]
[Transaction Execution (17 properties) (convergent-ring-proving-lazily)] at node: tools
[Transaction Execution (17 properties) (convergent-ring-proving-lazily)] at node: tool_result; tool calls: [list_files]
[Transaction Execution (17 properties) (convergent-ring-proving-lazily)] at node: tools
[Transaction Execution (17 properties) (convergent-ring-proving-lazily)] at node: tool_result; tool calls: [get_file, get_file]
[Transaction Execution (17 properties) (convergent-ring-proving-lazily)] at node: tools
[Transaction Execution (17 properties) (convergent-ring-proving-lazily)] at node: tool_result; tool calls: [get_file, get_file]
[Transaction Execution (17 properties) (convergent-ring-proving-lazily)] at node: tools
[Transaction Execution (17 properties) (convergent-ring-proving-lazily)] at node: tool_result; tool calls: [get_file]
[Transaction Execution (17 properties) (convergent-ring-proving-lazily)] at node: tools
[Transaction Execution (17 properties) (convergent-ring-proving-lazily)] at node: tool_result; tool calls: [grep_files]
[Transaction Execution (17 properties) (convergent-ring-proving-lazily)] at node: tools
[Transaction Execution (17 properties) (convergent-ring-proving-lazily)] at node: tool_result; tool calls: [get_file]
[Transaction Execution (17 properties) (convergent-ring-proving-lazily)] at node: tools
[Transaction Execution (17 properties) (convergent-ring-proving-lazily)] at node: tool_result; tool calls: [get_file]
[Transaction Execution (17 properties) (convergent-ring-proving-lazily)] at node: tools
[Transaction Execution (17 properties) (convergent-ring-proving-lazily)] at node: tool_result; tool calls: [grep_files, get_file]
[Transaction Execution (17 properties) (convergent-ring-proving-lazily)] at node: tools
[Transaction Execution (17 properties) (convergent-ring-proving-lazily)] at node: tool_result; tool calls: [grep_files]
[Transaction Execution (17 properties) (convergent-ring-proving-lazily)] at node: tools
[Transaction Execution (17 properties) (convergent-ring-proving-lazily)] at node: tool_result; tool calls: [get_file]
[Transaction Execution (17 properties) (convergent-ring-proving-lazily)] at node: tools
[Transaction Execution (17 properties) (convergent-ring-proving-lazily)] at node: tool_result; tool calls: [get_file, get_file]
[Transaction Execution (17 properties) (convergent-ring-proving-lazily)] at node: tools
[Fallback Handling (12 properties) (convergent-proposer-syncing-densely)]; prover complete
[Fallback Handling (12 properties) (convergent-proposer-syncing-densely)]: rule analysis start -> prop6_zero_handler_fallback_returns_silently for <receiveOrFallback>()
[Transaction Execution (17 properties) (convergent-ring-proving-lazily)] at node: tool_result; tool calls: [grep_files, get_file]
[Transaction Execution (17 properties) (convergent-ring-proving-lazily)] at node: tools
[Transaction Execution (17 properties) (convergent-ring-proving-lazily)] at node: tool_result; tool calls: [get_file]
[Transaction Execution (17 properties) (convergent-ring-proving-lazily)] at node: tools
[Transaction Execution (17 properties) (convergent-ring-proving-lazily)] at node: tool_result; tool calls: [grep_files, get_file]
[Transaction Execution (17 properties) (convergent-ring-proving-lazily)] at node: tools
[Transaction Execution (17 properties) (convergent-ring-proving-lazily)] at node: tool_result; tool calls: [put_cvl_raw]
[Transaction Execution (17 properties) (convergent-ring-proving-lazily)] at node: tools
[Transaction Execution (17 properties) (convergent-ring-proving-lazily)] at node: tool_result; tool calls: [record_skip]
[Transaction Execution (17 properties) (convergent-ring-proving-lazily)] at node: tools
[Transaction Execution (17 properties) (convergent-ring-proving-lazily)] at node: tool_result; tool calls: [memory]
[Transaction Execution (17 properties) (convergent-ring-proving-lazily)] at node: tools
[Transaction Execution (17 properties) (convergent-ring-proving-lazily)] at node: tool_result; tool calls: [verify_spec]
[Transaction Execution (17 properties) (convergent-ring-proving-lazily)]: prover start
[Fallback Handling (12 properties) (convergent-proposer-syncing-densely)]: rule analysis complete -> prop6_zero_handler_fallback_returns_silently for <receiveOrFallback>()
[Fallback Handling (12 properties) (convergent-proposer-syncing-densely)] at node: tools
[Fallback Handling (12 properties) (convergent-proposer-syncing-densely)] at node: tool_result; tool calls: [get_cvl]
[Fallback Handling (12 properties) (convergent-proposer-syncing-densely)] at node: tools
[Fallback Handling (12 properties) (convergent-proposer-syncing-densely)] at node: tool_result; tool calls: [get_file]
[Fallback Handling (12 properties) (convergent-proposer-syncing-densely)] at node: tools
[Fallback Handling (12 properties) (convergent-proposer-syncing-densely)] at node: tool_result; tool calls: [get_file]
[Fallback Handling (12 properties) (convergent-proposer-syncing-densely)] at node: tools
[Fallback Handling (12 properties) (convergent-proposer-syncing-densely)] at node: tool_result; tool calls: [grep_files]
[Fallback Handling (12 properties) (convergent-proposer-syncing-densely)] at node: tools
[Fallback Handling (12 properties) (convergent-proposer-syncing-densely)] at node: tool_result; tool calls: [get_file]
[Fallback Handling (12 properties) (convergent-proposer-syncing-densely)] at node: tools
[Fallback Handling (12 properties) (convergent-proposer-syncing-densely)] at node: tool_result; tool calls: [put_cvl_raw]
[Fallback Handling (12 properties) (convergent-proposer-syncing-densely)] at node: tools
[Fallback Handling (12 properties) (convergent-proposer-syncing-densely)] at node: tool_result; tool calls: [verify_spec]
[Fallback Handling (12 properties) (convergent-proposer-syncing-densely)]: prover start
[Transaction Execution (17 properties) (convergent-ring-proving-lazily)]; prover complete
[Transaction Execution (17 properties) (convergent-ring-proving-lazily)]: rule analysis start -> prop11_handlePaymentCalledWhenGasPricePositive
[Transaction Execution (17 properties) (convergent-ring-proving-lazily)]: rule analysis start -> prop14_gasGriefingConfirmed
[Transaction Execution (17 properties) (convergent-ring-proving-lazily)]: rule analysis start -> prop1_nonceOnlyIncreasedByExecTransaction for execTransaction(address,uint256,bytes,uint8,uint256,uint256,uint256,address,address,bytes)
[Transaction Execution (17 properties) (convergent-ring-proving-lazily)]: rule analysis start -> prop5a_txHashUsesPreIncrementNonce
[Transaction Execution (17 properties) (convergent-ring-proving-lazily)]: rule analysis start -> prop6_guardPreHookCalledWhenGuardSet
[Transaction Execution (17 properties) (convergent-ring-proving-lazily)]: rule analysis start -> prop8_guardAddressPreservedDuringExecution
[Transaction Execution (17 properties) (convergent-ring-proving-lazily)]: rule analysis complete -> prop14_gasGriefingConfirmed
[Transaction Execution (17 properties) (convergent-ring-proving-lazily)]: rule analysis complete -> prop11_handlePaymentCalledWhenGasPricePositive
[Transaction Execution (17 properties) (convergent-ring-proving-lazily)]: rule analysis complete -> prop5a_txHashUsesPreIncrementNonce
[Transaction Execution (17 properties) (convergent-ring-proving-lazily)]: rule analysis complete -> prop1_nonceOnlyIncreasedByExecTransaction for execTransaction(address,uint256,bytes,uint8,uint256,uint256,uint256,address,address,bytes)
[Transaction Execution (17 properties) (convergent-ring-proving-lazily)]: rule analysis complete -> prop8_guardAddressPreservedDuringExecution
[Transaction Execution (17 properties) (convergent-ring-proving-lazily)]: rule analysis complete -> prop6_guardPreHookCalledWhenGuardSet
[Transaction Execution (17 properties) (convergent-ring-proving-lazily)] at node: tools
[Transaction Execution (17 properties) (convergent-ring-proving-lazily)] at node: tool_result; tool calls: [get_file, get_file]
[Transaction Execution (17 properties) (convergent-ring-proving-lazily)] at node: tools
[Transaction Execution (17 properties) (convergent-ring-proving-lazily)] at node: tool_result; tool calls: [grep_files]
[Transaction Execution (17 properties) (convergent-ring-proving-lazily)] at node: tools
[Transaction Execution (17 properties) (convergent-ring-proving-lazily)] at node: tool_result; tool calls: [get_file]
[Transaction Execution (17 properties) (convergent-ring-proving-lazily)] at node: tools
[Fallback Handling (12 properties) (convergent-proposer-syncing-densely)]; prover complete
[Fallback Handling (12 properties) (convergent-proposer-syncing-densely)] at node: tools
[Fallback Handling (12 properties) (convergent-proposer-syncing-densely)] at node: tool_result; tool calls: [feedback_tool]
[Fallback Handling (12 properties) (convergent-proposer-syncing-densely) / Property feedback judge] start  (via tool: toolu_015isRrf4RFAg8qAZKuvErjt)
[Fallback Handling (12 properties) (convergent-proposer-syncing-densely) / Property feedback judge] at node: initial; tool calls: [memory]
[Fallback Handling (12 properties) (convergent-proposer-syncing-densely) / Property feedback judge] at node: tools
[Fallback Handling (12 properties) (convergent-proposer-syncing-densely) / Property feedback judge] at node: tool_result; tool calls: [memory]
[Fallback Handling (12 properties) (convergent-proposer-syncing-densely) / Property feedback judge] at node: tools
[Fallback Handling (12 properties) (convergent-proposer-syncing-densely) / Property feedback judge] at node: tool_result; tool calls: [get_cvl]
[Fallback Handling (12 properties) (convergent-proposer-syncing-densely) / Property feedback judge] at node: tools
[Transaction Execution (17 properties) (convergent-ring-proving-lazily)] at node: tool_result; tool calls: [get_file, get_file]
[Transaction Execution (17 properties) (convergent-ring-proving-lazily)] at node: tools
[Fallback Handling (12 properties) (convergent-proposer-syncing-densely) / Property feedback judge] at node: tool_result; tool calls: [write_rough_draft]
[Fallback Handling (12 properties) (convergent-proposer-syncing-densely) / Property feedback judge] at node: tools
[Fallback Handling (12 properties) (convergent-proposer-syncing-densely) / Property feedback judge] at node: tool_result; tool calls: [read_rough_draft]
[Fallback Handling (12 properties) (convergent-proposer-syncing-densely) / Property feedback judge] at node: tools
[Fallback Handling (12 properties) (convergent-proposer-syncing-densely) / Property feedback judge] at node: tool_result; tool calls: [memory]
[Fallback Handling (12 properties) (convergent-proposer-syncing-densely) / Property feedback judge] at node: tools
[Fallback Handling (12 properties) (convergent-proposer-syncing-densely) / Property feedback judge] at node: tool_result; tool calls: [result]
[Fallback Handling (12 properties) (convergent-proposer-syncing-densely) / Property feedback judge] at node: tools
[Fallback Handling (12 properties) (convergent-proposer-syncing-densely) / Property feedback judge] end
[Fallback Handling (12 properties) (convergent-proposer-syncing-densely)] at node: tools
[Fallback Handling (12 properties) (convergent-proposer-syncing-densely)] at node: tool_result; tool calls: [memory]
[Fallback Handling (12 properties) (convergent-proposer-syncing-densely)] at node: tools
[Fallback Handling (12 properties) (convergent-proposer-syncing-densely)] at node: tool_result; tool calls: [result]
[Fallback Handling (12 properties) (convergent-proposer-syncing-densely)] at node: tools
[Fallback Handling (12 properties) (convergent-proposer-syncing-densely)] end
[Fallback Handling (12 properties)] ✓ done
[Transaction Execution (17 properties) (convergent-ring-proving-lazily)] at node: tool_result; tool calls: [get_file, get_file]
[Transaction Execution (17 properties) (convergent-ring-proving-lazily)] at node: tools
[Transaction Execution (17 properties) (convergent-ring-proving-lazily)] at node: tool_result; tool calls: [get_file, get_file]
[Transaction Execution (17 properties) (convergent-ring-proving-lazily)] at node: tools
[Transaction Execution (17 properties) (convergent-ring-proving-lazily)] at node: tool_result; tool calls: [grep_files, grep_files]
[Transaction Execution (17 properties) (convergent-ring-proving-lazily)] at node: tools
[Transaction Execution (17 properties) (convergent-ring-proving-lazily)] at node: tool_result; tool calls: [grep_files]
[Transaction Execution (17 properties) (convergent-ring-proving-lazily)] at node: tools
[Transaction Execution (17 properties) (convergent-ring-proving-lazily)] at node: tool_result; tool calls: [put_cvl_raw]
[Transaction Execution (17 properties) (convergent-ring-proving-lazily)] at node: tools
[Transaction Execution (17 properties) (convergent-ring-proving-lazily)] at node: summarize
[Transaction Execution (17 properties) (convergent-ring-proving-lazily)] at node: tool_result; tool calls: [memory]
[Transaction Execution (17 properties) (convergent-ring-proving-lazily)] at node: tools
[Transaction Execution (17 properties) (convergent-ring-proving-lazily)] at node: tool_result; tool calls: [memory, get_cvl]
[Transaction Execution (17 properties) (convergent-ring-proving-lazily)] at node: tools
[Transaction Execution (17 properties) (convergent-ring-proving-lazily)] at node: tool_result; tool calls: [list_files]
[Transaction Execution (17 properties) (convergent-ring-proving-lazily)] at node: tools
[Transaction Execution (17 properties) (convergent-ring-proving-lazily)] at node: tool_result; tool calls: [record_skip]
[Transaction Execution (17 properties) (convergent-ring-proving-lazily)] at node: tools
[Transaction Execution (17 properties) (convergent-ring-proving-lazily)] at node: tool_result; tool calls: [verify_spec]
[Transaction Execution (17 properties) (convergent-ring-proving-lazily)]: prover start
[Transaction Execution (17 properties) (convergent-ring-proving-lazily)] at node: tools
[Transaction Execution (17 properties) (convergent-ring-proving-lazily)] at node: tool_result; tool calls: [get_file, get_file]
[Transaction Execution (17 properties) (convergent-ring-proving-lazily)] at node: tools
[Transaction Execution (17 properties) (convergent-ring-proving-lazily)] at node: tool_result; tool calls: [get_file, get_file]
[Transaction Execution (17 properties) (convergent-ring-proving-lazily)] at node: tools
[Transaction Execution (17 properties) (convergent-ring-proving-lazily)] at node: tool_result; tool calls: [get_file, get_file]
[Transaction Execution (17 properties) (convergent-ring-proving-lazily)] at node: tools
[Transaction Execution (17 properties) (convergent-ring-proving-lazily)] at node: tool_result; tool calls: [get_file]
[Transaction Execution (17 properties) (convergent-ring-proving-lazily)] at node: tools
[Transaction Execution (17 properties) (convergent-ring-proving-lazily)] at node: tool_result; tool calls: [get_file]
[Transaction Execution (17 properties) (convergent-ring-proving-lazily)] at node: tools
[Transaction Execution (17 properties) (convergent-ring-proving-lazily)] at node: tool_result; tool calls: [get_file, get_file]
[Transaction Execution (17 properties) (convergent-ring-proving-lazily)] at node: tools
[Transaction Execution (17 properties) (convergent-ring-proving-lazily)] at node: tool_result; tool calls: [get_file, get_file]
[Transaction Execution (17 properties) (convergent-ring-proving-lazily)] at node: tools
[Transaction Execution (17 properties) (convergent-ring-proving-lazily)] at node: tool_result; tool calls: [grep_files]
[Transaction Execution (17 properties) (convergent-ring-proving-lazily)] at node: tools
[Transaction Execution (17 properties) (convergent-ring-proving-lazily)] at node: tool_result; tool calls: [get_file]
[Transaction Execution (17 properties) (convergent-ring-proving-lazily)] at node: tools
[Transaction Execution (17 properties) (convergent-ring-proving-lazily)] at node: tool_result; tool calls: [grep_files]
[Transaction Execution (17 properties) (convergent-ring-proving-lazily)] at node: tools
[Transaction Execution (17 properties) (convergent-ring-proving-lazily)] at node: tool_result; tool calls: [memory]
[Transaction Execution (17 properties) (convergent-ring-proving-lazily)] at node: tools
[Transaction Execution (17 properties) (convergent-ring-proving-lazily)] at node: tool_result; tool calls: [put_cvl_raw]
[Transaction Execution (17 properties) (convergent-ring-proving-lazily)] at node: tools
[Transaction Execution (17 properties) (convergent-ring-proving-lazily)] at node: tool_result; tool calls: [verify_spec]
[Transaction Execution (17 properties) (convergent-ring-proving-lazily)]: prover start
[Transaction Execution (17 properties) (convergent-ring-proving-lazily)] at node: tools
[Transaction Execution (17 properties) (convergent-ring-proving-lazily)] at node: tool_result; tool calls: [put_cvl_raw]
[Transaction Execution (17 properties) (convergent-ring-proving-lazily)] at node: tools
[Transaction Execution (17 properties) (convergent-ring-proving-lazily)] at node: tool_result; tool calls: [verify_spec]
[Transaction Execution (17 properties) (convergent-ring-proving-lazily)]: prover start
[Transaction Execution (17 properties) (convergent-ring-proving-lazily)] at node: tools
[Transaction Execution (17 properties) (convergent-ring-proving-lazily)] at node: tool_result; tool calls: [put_cvl_raw]
[Transaction Execution (17 properties) (convergent-ring-proving-lazily)] at node: tools
[Transaction Execution (17 properties) (convergent-ring-proving-lazily)] at node: tool_result; tool calls: [verify_spec]
[Transaction Execution (17 properties) (convergent-ring-proving-lazily)]: prover start
[Transaction Execution (17 properties) (convergent-ring-proving-lazily)]; prover complete
[Transaction Execution (17 properties) (convergent-ring-proving-lazily)]: rule analysis start -> prop10_revertOnInnerFailureNoGasParams
[Transaction Execution (17 properties) (convergent-ring-proving-lazily)]: rule analysis start -> prop11_handlePaymentCalledWhenGasPricePositive
[Transaction Execution (17 properties) (convergent-ring-proving-lazily)]: rule analysis start -> prop14_gasGriefingConfirmed
[Transaction Execution (17 properties) (convergent-ring-proving-lazily)]: rule analysis start -> prop1_nonceOnlyIncreasedByExecTransaction for execTransaction(address,uint256,bytes,uint8,uint256,uint256,uint256,address,address,bytes)
[Transaction Execution (17 properties) (convergent-ring-proving-lazily)]: rule analysis start -> prop1_nonceOnlyIncreasedByExecTransaction for getTransactionHash(address,uint256,bytes,uint8,uint256,uint256,uint256,address,address,uint256)
[Transaction Execution (17 properties) (convergent-ring-proving-lazily)]: rule analysis start -> prop2a_thresholdMustBePositiveForExecTx
[Transaction Execution (17 properties) (convergent-ring-proving-lazily)]: rule analysis start -> prop5a_txHashUsesPreIncrementNonce
[Transaction Execution (17 properties) (convergent-ring-proving-lazily)]: rule analysis start -> prop6_guardPreHookCalledWhenGuardSet
[Transaction Execution (17 properties) (convergent-ring-proving-lazily)]: rule analysis start -> prop9_noRevertOnInnerFailureWithGasParams
[Transaction Execution (17 properties) (convergent-ring-proving-lazily)]: rule analysis complete -> prop1_nonceOnlyIncreasedByExecTransaction for getTransactionHash(address,uint256,bytes,uint8,uint256,uint256,uint256,address,address,uint256)
[Transaction Execution (17 properties) (convergent-ring-proving-lazily)]: rule analysis complete -> prop10_revertOnInnerFailureNoGasParams
[Transaction Execution (17 properties) (convergent-ring-proving-lazily)]: rule analysis complete -> prop9_noRevertOnInnerFailureWithGasParams
[Transaction Execution (17 properties) (convergent-ring-proving-lazily)]: rule analysis complete -> prop11_handlePaymentCalledWhenGasPricePositive
[Transaction Execution (17 properties) (convergent-ring-proving-lazily)]: rule analysis complete -> prop6_guardPreHookCalledWhenGuardSet
[Transaction Execution (17 properties) (convergent-ring-proving-lazily)]: rule analysis complete -> prop14_gasGriefingConfirmed
[Transaction Execution (17 properties) (convergent-ring-proving-lazily)]: rule analysis complete -> prop2a_thresholdMustBePositiveForExecTx
[Transaction Execution (17 properties) (convergent-ring-proving-lazily)]: rule analysis complete -> prop5a_txHashUsesPreIncrementNonce
[Transaction Execution (17 properties) (convergent-ring-proving-lazily)]: rule analysis complete -> prop1_nonceOnlyIncreasedByExecTransaction for execTransaction(address,uint256,bytes,uint8,uint256,uint256,uint256,address,address,bytes)
[Transaction Execution (17 properties) (convergent-ring-proving-lazily)] at node: tools
[Transaction Execution (17 properties) (convergent-ring-proving-lazily)] at node: tool_result; tool calls: [memory]
[Transaction Execution (17 properties) (convergent-ring-proving-lazily)] at node: tools
[Transaction Execution (17 properties) (convergent-ring-proving-lazily)] at node: tool_result; tool calls: [put_cvl_raw]
[Transaction Execution (17 properties) (convergent-ring-proving-lazily)] at node: tools
[Transaction Execution (17 properties) (convergent-ring-proving-lazily)] at node: tool_result; tool calls: [verify_spec]
[Transaction Execution (17 properties) (convergent-ring-proving-lazily)]: prover start
[Transaction Execution (17 properties) (convergent-ring-proving-lazily)]; prover complete
[Transaction Execution (17 properties) (convergent-ring-proving-lazily)]: rule analysis start -> prop10_revertOnInnerFailureNoGasParams
[Transaction Execution (17 properties) (convergent-ring-proving-lazily)]: rule analysis start -> prop11_handlePaymentCalledWhenGasPricePositive
[Transaction Execution (17 properties) (convergent-ring-proving-lazily)]: rule analysis start -> prop14_gasGriefingConfirmed
[Transaction Execution (17 properties) (convergent-ring-proving-lazily)]: rule analysis start -> prop1_nonceOnlyIncreasedByExecTransaction for execTransaction(address,uint256,bytes,uint8,uint256,uint256,uint256,address,address,bytes)
[Transaction Execution (17 properties) (convergent-ring-proving-lazily)]: rule analysis start -> prop2a_thresholdMustBePositiveForExecTx
[Transaction Execution (17 properties) (convergent-ring-proving-lazily)]: rule analysis start -> prop5a_txHashUsesPreIncrementNonce
[Transaction Execution (17 properties) (convergent-ring-proving-lazily)]: rule analysis start -> prop6_guardPreHookCalledWhenGuardSet
[Transaction Execution (17 properties) (convergent-ring-proving-lazily)]: rule analysis start -> prop9_noRevertOnInnerFailureWithGasParams
[Transaction Execution (17 properties) (convergent-ring-proving-lazily)]: rule analysis complete -> prop1_nonceOnlyIncreasedByExecTransaction for execTransaction(address,uint256,bytes,uint8,uint256,uint256,uint256,address,address,bytes)
[Transaction Execution (17 properties) (convergent-ring-proving-lazily)]: rule analysis complete -> prop6_guardPreHookCalledWhenGuardSet
[Transaction Execution (17 properties) (convergent-ring-proving-lazily)]: rule analysis complete -> prop10_revertOnInnerFailureNoGasParams
[Transaction Execution (17 properties) (convergent-ring-proving-lazily)]: rule analysis complete -> prop11_handlePaymentCalledWhenGasPricePositive
[Transaction Execution (17 properties) (convergent-ring-proving-lazily)]: rule analysis complete -> prop9_noRevertOnInnerFailureWithGasParams
[Transaction Execution (17 properties) (convergent-ring-proving-lazily)]: rule analysis complete -> prop5a_txHashUsesPreIncrementNonce
[Transaction Execution (17 properties) (convergent-ring-proving-lazily)]: rule analysis complete -> prop14_gasGriefingConfirmed
[Transaction Execution (17 properties) (convergent-ring-proving-lazily)]: rule analysis complete -> prop2a_thresholdMustBePositiveForExecTx
[Transaction Execution (17 properties) (convergent-ring-proving-lazily)] at node: tools
[Transaction Execution (17 properties) (convergent-ring-proving-lazily)] at node: tool_result; tool calls: [put_cvl_raw]
[Transaction Execution (17 properties) (convergent-ring-proving-lazily)] at node: tools
[Transaction Execution (17 properties) (convergent-ring-proving-lazily)] at node: tool_result; tool calls: [verify_spec]
[Transaction Execution (17 properties) (convergent-ring-proving-lazily)]: prover start
[Transaction Execution (17 properties) (convergent-ring-proving-lazily)] at node: tools
[Transaction Execution (17 properties) (convergent-ring-proving-lazily)] at node: tool_result; tool calls: [put_cvl_raw]
[Transaction Execution (17 properties) (convergent-ring-proving-lazily)] at node: tools
[Transaction Execution (17 properties) (convergent-ring-proving-lazily)] at node: tool_result; tool calls: [verify_spec]
[Transaction Execution (17 properties) (convergent-ring-proving-lazily)]: prover start
[Transaction Execution (17 properties) (convergent-ring-proving-lazily)]; prover complete
[Transaction Execution (17 properties) (convergent-ring-proving-lazily)]: rule analysis start -> prop10_revertOnInnerFailureNoGasParams
[Transaction Execution (17 properties) (convergent-ring-proving-lazily)]: rule analysis start -> prop1_nonceOnlyIncreasedByExecTransaction for execTransaction(address,uint256,bytes,uint8,uint256,uint256,uint256,address,address,bytes)
[Transaction Execution (17 properties) (convergent-ring-proving-lazily)]: rule analysis start -> prop5a_txHashUsesPreIncrementNonce
[Transaction Execution (17 properties) (convergent-ring-proving-lazily)]: rule analysis start -> prop6_guardPreHookCalledWhenGuardSet
[Transaction Execution (17 properties) (convergent-ring-proving-lazily)]: rule analysis start -> prop9_noRevertOnInnerFailureWithGasParams
[Transaction Execution (17 properties) (convergent-ring-proving-lazily)]: rule analysis complete -> prop10_revertOnInnerFailureNoGasParams
[Transaction Execution (17 properties) (convergent-ring-proving-lazily)]: rule analysis complete -> prop9_noRevertOnInnerFailureWithGasParams
[Transaction Execution (17 properties) (convergent-ring-proving-lazily)]: rule analysis complete -> prop1_nonceOnlyIncreasedByExecTransaction for execTransaction(address,uint256,bytes,uint8,uint256,uint256,uint256,address,address,bytes)
[Transaction Execution (17 properties) (convergent-ring-proving-lazily)]: rule analysis complete -> prop6_guardPreHookCalledWhenGuardSet
[Transaction Execution (17 properties) (convergent-ring-proving-lazily)]: rule analysis complete -> prop5a_txHashUsesPreIncrementNonce
[Transaction Execution (17 properties) (convergent-ring-proving-lazily)] at node: tools
[Transaction Execution (17 properties) (convergent-ring-proving-lazily)] at node: tool_result; tool calls: [expect_rule_failure]
[Transaction Execution (17 properties) (convergent-ring-proving-lazily)] at node: tools
[Transaction Execution (17 properties) (convergent-ring-proving-lazily)] at node: tool_result; tool calls: [put_cvl_raw]
[Transaction Execution (17 properties) (convergent-ring-proving-lazily)] at node: tools
[Transaction Execution (17 properties) (convergent-ring-proving-lazily)] at node: tool_result; tool calls: [verify_spec]
[Transaction Execution (17 properties) (convergent-ring-proving-lazily)]: prover start
[Transaction Execution (17 properties) (convergent-ring-proving-lazily)] at node: tools
[Transaction Execution (17 properties) (convergent-ring-proving-lazily)] at node: tool_result; tool calls: [put_cvl_raw]
[Transaction Execution (17 properties) (convergent-ring-proving-lazily)] at node: tools
[Transaction Execution (17 properties) (convergent-ring-proving-lazily)] at node: tool_result; tool calls: [verify_spec]
[Transaction Execution (17 properties) (convergent-ring-proving-lazily)]: prover start
[Transaction Execution (17 properties) (convergent-ring-proving-lazily)]; prover complete
[Transaction Execution (17 properties) (convergent-ring-proving-lazily)]: rule analysis start -> prop10_revertOnInnerFailureNoGasParams
[Transaction Execution (17 properties) (convergent-ring-proving-lazily)]: rule analysis start -> prop1_nonceOnlyIncreasedByExecTransaction for execTransaction(address,uint256,bytes,uint8,uint256,uint256,uint256,address,address,bytes)
[Transaction Execution (17 properties) (convergent-ring-proving-lazily)]: rule analysis start -> prop5a_txHashUsesPreIncrementNonce
[Transaction Execution (17 properties) (convergent-ring-proving-lazily)]: rule analysis start -> prop6_guardPreHookCalledWhenGuardSet
[Transaction Execution (17 properties) (convergent-ring-proving-lazily)]: rule analysis start -> prop9_noRevertOnInnerFailureWithGasParams
[Transaction Execution (17 properties) (convergent-ring-proving-lazily)]: rule analysis complete -> prop1_nonceOnlyIncreasedByExecTransaction for execTransaction(address,uint256,bytes,uint8,uint256,uint256,uint256,address,address,bytes)
[Transaction Execution (17 properties) (convergent-ring-proving-lazily)]: rule analysis complete -> prop10_revertOnInnerFailureNoGasParams
[Transaction Execution (17 properties) (convergent-ring-proving-lazily)]: rule analysis complete -> prop9_noRevertOnInnerFailureWithGasParams
[Transaction Execution (17 properties) (convergent-ring-proving-lazily)]: rule analysis complete -> prop6_guardPreHookCalledWhenGuardSet
[Transaction Execution (17 properties) (convergent-ring-proving-lazily)]: rule analysis complete -> prop5a_txHashUsesPreIncrementNonce
[Transaction Execution (17 properties) (convergent-ring-proving-lazily)] at node: tools
[Transaction Execution (17 properties) (convergent-ring-proving-lazily)] at node: summarize
[Transaction Execution (17 properties) (convergent-ring-proving-lazily)] at node: tool_result; tool calls: [memory]
[Transaction Execution (17 properties) (convergent-ring-proving-lazily)] at node: tools
[Transaction Execution (17 properties) (convergent-ring-proving-lazily)] at node: tool_result; tool calls: [memory]
[Transaction Execution (17 properties) (convergent-ring-proving-lazily)] at node: tools
[Transaction Execution (17 properties) (convergent-ring-proving-lazily)] at node: tool_result; tool calls: [get_cvl]
[Transaction Execution (17 properties) (convergent-ring-proving-lazily)] at node: tools
[Transaction Execution (17 properties) (convergent-ring-proving-lazily)] at node: tool_result; tool calls: [get_file, get_file]
[Transaction Execution (17 properties) (convergent-ring-proving-lazily)] at node: tools
[Transaction Execution (17 properties) (convergent-ring-proving-lazily)] at node: tool_result; tool calls: [get_file, get_file]
[Transaction Execution (17 properties) (convergent-ring-proving-lazily)] at node: tools
[Transaction Execution (17 properties) (convergent-ring-proving-lazily)] at node: tool_result; tool calls: [get_file]
[Transaction Execution (17 properties) (convergent-ring-proving-lazily)] at node: tools
[Transaction Execution (17 properties) (convergent-ring-proving-lazily)] at node: tool_result; tool calls: [get_file]
[Transaction Execution (17 properties) (convergent-ring-proving-lazily)] at node: tools
[Transaction Execution (17 properties) (convergent-ring-proving-lazily)] at node: tool_result; tool calls: [list_files]
[Transaction Execution (17 properties) (convergent-ring-proving-lazily)] at node: tools
[Transaction Execution (17 properties) (convergent-ring-proving-lazily)] at node: tool_result; tool calls: [get_file]
[Transaction Execution (17 properties) (convergent-ring-proving-lazily)] at node: tools
[Transaction Execution (17 properties) (convergent-ring-proving-lazily)] at node: tool_result; tool calls: [get_file]
[Transaction Execution (17 properties) (convergent-ring-proving-lazily)] at node: tools
[Transaction Execution (17 properties) (convergent-ring-proving-lazily)] at node: tool_result; tool calls: [get_file]
[Transaction Execution (17 properties) (convergent-ring-proving-lazily)] at node: tools
[Transaction Execution (17 properties) (convergent-ring-proving-lazily)] at node: tool_result; tool calls: [get_file]
[Transaction Execution (17 properties) (convergent-ring-proving-lazily)] at node: tools
[Transaction Execution (17 properties) (convergent-ring-proving-lazily)] at node: tool_result; tool calls: [get_cvl]
[Transaction Execution (17 properties) (convergent-ring-proving-lazily)] at node: tools
[Transaction Execution (17 properties) (convergent-ring-proving-lazily)] at node: tool_result; tool calls: [put_cvl_raw]
[Transaction Execution (17 properties) (convergent-ring-proving-lazily)] at node: tools
[Transaction Execution (17 properties) (convergent-ring-proving-lazily)] at node: tool_result; tool calls: [feedback_tool]
[Transaction Execution (17 properties) (convergent-ring-proving-lazily) / Property feedback judge] start  (via tool: toolu_014gbKtPfw5gUx9SP9cxQvFx)
[Transaction Execution (17 properties) (convergent-ring-proving-lazily) / Property feedback judge] at node: initial; tool calls: [memory]
[Transaction Execution (17 properties) (convergent-ring-proving-lazily) / Property feedback judge] at node: tools
[Transaction Execution (17 properties) (convergent-ring-proving-lazily) / Property feedback judge] at node: tool_result; tool calls: [memory]
[Transaction Execution (17 properties) (convergent-ring-proving-lazily) / Property feedback judge] at node: tools
[Transaction Execution (17 properties) (convergent-ring-proving-lazily) / Property feedback judge] at node: tool_result; tool calls: [get_cvl]
[Transaction Execution (17 properties) (convergent-ring-proving-lazily) / Property feedback judge] at node: tools
[Transaction Execution (17 properties) (convergent-ring-proving-lazily) / Property feedback judge] at node: tool_result; tool calls: [write_rough_draft]
[Transaction Execution (17 properties) (convergent-ring-proving-lazily) / Property feedback judge] at node: tools
[Transaction Execution (17 properties) (convergent-ring-proving-lazily) / Property feedback judge] at node: tool_result; tool calls: [read_rough_draft]
[Transaction Execution (17 properties) (convergent-ring-proving-lazily) / Property feedback judge] at node: tools
[Transaction Execution (17 properties) (convergent-ring-proving-lazily) / Property feedback judge] at node: tool_result; tool calls: [memory]
[Transaction Execution (17 properties) (convergent-ring-proving-lazily) / Property feedback judge] at node: tools
[Transaction Execution (17 properties) (convergent-ring-proving-lazily) / Property feedback judge] at node: tool_result; tool calls: [result]
[Transaction Execution (17 properties) (convergent-ring-proving-lazily) / Property feedback judge] at node: tools
[Transaction Execution (17 properties) (convergent-ring-proving-lazily) / Property feedback judge] end
[Transaction Execution (17 properties) (convergent-ring-proving-lazily)] at node: tools
[Transaction Execution (17 properties) (convergent-ring-proving-lazily)] at node: tool_result; tool calls: [expect_rule_failure]
[Transaction Execution (17 properties) (convergent-ring-proving-lazily)] at node: tools
[Transaction Execution (17 properties) (convergent-ring-proving-lazily)] at node: tool_result; tool calls: [verify_spec]
[Transaction Execution (17 properties) (convergent-ring-proving-lazily)]: prover start
[Transaction Execution (17 properties) (convergent-ring-proving-lazily)]; prover complete
[Transaction Execution (17 properties) (convergent-ring-proving-lazily)]: rule analysis start -> prop10_revertOnInnerFailureNoGasParams
[Transaction Execution (17 properties) (convergent-ring-proving-lazily)]: rule analysis start -> prop1_nonceOnlyIncreasedByExecTransaction for execTransaction(address,uint256,bytes,uint8,uint256,uint256,uint256,address,address,bytes)
[Transaction Execution (17 properties) (convergent-ring-proving-lazily)]: rule analysis start -> prop5a_txHashUsesPreIncrementNonce
[Transaction Execution (17 properties) (convergent-ring-proving-lazily)]: rule analysis start -> prop6_guardPreHookCalledWhenGuardSet
[Transaction Execution (17 properties) (convergent-ring-proving-lazily)]: rule analysis complete -> prop10_revertOnInnerFailureNoGasParams
[Transaction Execution (17 properties) (convergent-ring-proving-lazily)]: rule analysis complete -> prop6_guardPreHookCalledWhenGuardSet
[Transaction Execution (17 properties) (convergent-ring-proving-lazily)]: rule analysis complete -> prop5a_txHashUsesPreIncrementNonce
[Transaction Execution (17 properties) (convergent-ring-proving-lazily)]: rule analysis complete -> prop1_nonceOnlyIncreasedByExecTransaction for execTransaction(address,uint256,bytes,uint8,uint256,uint256,uint256,address,address,bytes)
[Transaction Execution (17 properties) (convergent-ring-proving-lazily)] at node: tools
[Transaction Execution (17 properties) (convergent-ring-proving-lazily)] at node: tool_result; tool calls: [put_cvl_raw]
[Transaction Execution (17 properties) (convergent-ring-proving-lazily)] at node: tools
[Transaction Execution (17 properties) (convergent-ring-proving-lazily)] at node: tool_result; tool calls: [feedback_tool]
[Transaction Execution (17 properties) (convergent-ring-proving-lazily) / Property feedback judge] start  (via tool: toolu_015ZLT6Z4BcafzxQSxqLNvh4)
[Transaction Execution (17 properties) (convergent-ring-proving-lazily) / Property feedback judge] at node: initial; tool calls: [memory]
[Transaction Execution (17 properties) (convergent-ring-proving-lazily) / Property feedback judge] at node: tools
[Transaction Execution (17 properties) (convergent-ring-proving-lazily) / Property feedback judge] at node: tool_result; tool calls: [memory]
[Transaction Execution (17 properties) (convergent-ring-proving-lazily) / Property feedback judge] at node: tools
[Transaction Execution (17 properties) (convergent-ring-proving-lazily) / Property feedback judge] at node: tool_result; tool calls: [get_cvl]
[Transaction Execution (17 properties) (convergent-ring-proving-lazily) / Property feedback judge] at node: tools
[Transaction Execution (17 properties) (convergent-ring-proving-lazily) / Property feedback judge] at node: tool_result; tool calls: [write_rough_draft]
[Transaction Execution (17 properties) (convergent-ring-proving-lazily) / Property feedback judge] at node: tools
[Transaction Execution (17 properties) (convergent-ring-proving-lazily) / Property feedback judge] at node: tool_result; tool calls: [read_rough_draft]
[Transaction Execution (17 properties) (convergent-ring-proving-lazily) / Property feedback judge] at node: tools
[Transaction Execution (17 properties) (convergent-ring-proving-lazily) / Property feedback judge] at node: tool_result; tool calls: [memory]
[Transaction Execution (17 properties) (convergent-ring-proving-lazily) / Property feedback judge] at node: tools
[Transaction Execution (17 properties) (convergent-ring-proving-lazily) / Property feedback judge] at node: tool_result; tool calls: [result]
[Transaction Execution (17 properties) (convergent-ring-proving-lazily) / Property feedback judge] at node: tools
[Transaction Execution (17 properties) (convergent-ring-proving-lazily) / Property feedback judge] end
[Transaction Execution (17 properties) (convergent-ring-proving-lazily)] at node: tools
[Transaction Execution (17 properties) (convergent-ring-proving-lazily)] at node: tool_result; tool calls: [verify_spec]
[Transaction Execution (17 properties) (convergent-ring-proving-lazily)]: prover start
[Transaction Execution (17 properties) (convergent-ring-proving-lazily)]; prover complete
[Transaction Execution (17 properties) (convergent-ring-proving-lazily)] at node: tools
[Transaction Execution (17 properties) (convergent-ring-proving-lazily)] at node: tool_result; tool calls: [expect_rule_passage]
[Transaction Execution (17 properties) (convergent-ring-proving-lazily)] at node: tools
[Transaction Execution (17 properties) (convergent-ring-proving-lazily)] at node: tool_result; tool calls: [feedback_tool]
[Transaction Execution (17 properties) (convergent-ring-proving-lazily) / Property feedback judge] start  (via tool: toolu_01YW5PReuUK5YaDxSxSDnnSm)
[Transaction Execution (17 properties) (convergent-ring-proving-lazily) / Property feedback judge] at node: initial; tool calls: [memory]
[Transaction Execution (17 properties) (convergent-ring-proving-lazily) / Property feedback judge] at node: tools
[Transaction Execution (17 properties) (convergent-ring-proving-lazily) / Property feedback judge] at node: tool_result; tool calls: [memory]
[Transaction Execution (17 properties) (convergent-ring-proving-lazily) / Property feedback judge] at node: tools
[Transaction Execution (17 properties) (convergent-ring-proving-lazily) / Property feedback judge] at node: tool_result; tool calls: [get_cvl]
[Transaction Execution (17 properties) (convergent-ring-proving-lazily) / Property feedback judge] at node: tools
[Transaction Execution (17 properties) (convergent-ring-proving-lazily) / Property feedback judge] at node: tool_result; tool calls: [write_rough_draft]
[Transaction Execution (17 properties) (convergent-ring-proving-lazily) / Property feedback judge] at node: tools
[Transaction Execution (17 properties) (convergent-ring-proving-lazily) / Property feedback judge] at node: tool_result; tool calls: [read_rough_draft]
[Transaction Execution (17 properties) (convergent-ring-proving-lazily) / Property feedback judge] at node: tools
[Transaction Execution (17 properties) (convergent-ring-proving-lazily) / Property feedback judge] at node: tool_result; tool calls: [memory]
[Transaction Execution (17 properties) (convergent-ring-proving-lazily) / Property feedback judge] at node: tools
[Transaction Execution (17 properties) (convergent-ring-proving-lazily) / Property feedback judge] at node: tool_result; tool calls: [result]
[Transaction Execution (17 properties) (convergent-ring-proving-lazily) / Property feedback judge] at node: tools
[Transaction Execution (17 properties) (convergent-ring-proving-lazily) / Property feedback judge] end
[Transaction Execution (17 properties) (convergent-ring-proving-lazily)] at node: tools
[Transaction Execution (17 properties) (convergent-ring-proving-lazily)] at node: tool_result; tool calls: [memory]
[Transaction Execution (17 properties) (convergent-ring-proving-lazily)] at node: tools
[Transaction Execution (17 properties) (convergent-ring-proving-lazily)] at node: tool_result; tool calls: [result]
[Transaction Execution (17 properties) (convergent-ring-proving-lazily)] at node: tools
[Transaction Execution (17 properties) (convergent-ring-proving-lazily)] end
[Transaction Execution (17 properties)] ✓ done

============================================================
Auto-prove complete
  Components:  7
  Properties:  116
  Failures:    1
    - Owner Management: 
============================================================
